16E,1351,-40..-34,-5.272328e+14
16E,1351,-45..-40,-1.544750e+13
16E,1351,-50..-45,1.959559e+14
16E,1351,-55..-50,1.275769e+14
16E,1351,-60..-55,-3.291725e+13
16E,1351,-65..-60,-1.588120e+14
16E,1351,-90..-65,-1.391724e+14
16E,1352,-40..-34,-4.978325e+14
16E,1352,-45..-40,1.454664e+13
16E,1352,-50..-45,2.328338e+14
16E,1352,-55..-50,1.308764e+14
16E,1352,-60..-55,-4.417266e+13
16E,1352,-65..-60,-1.224344e+14
16E,1352,-90..-65,-1.395736e+14
16E,1353,-40..-34,-4.778816e+14
16E,1353,-45..-40,1.319870e+13
16E,1353,-50..-45,2.560368e+14
16E,1353,-55..-50,1.403921e+14
16E,1353,-60..-55,-5.483947e+13
16E,1353,-65..-60,-1.333001e+14
16E,1353,-90..-65,-1.535235e+14
16E,1354,-40..-34,-4.491642e+14
16E,1354,-45..-40,5.316547e+13
16E,1354,-50..-45,2.475544e+14
16E,1354,-55..-50,1.299370e+14
16E,1354,-60..-55,-4.909400e+13
16E,1354,-65..-60,-1.190863e+14
16E,1354,-90..-65,-1.568164e+14
16E,1355,-40..-34,-4.274679e+14
16E,1355,-45..-40,1.898601e+13
16E,1355,-50..-45,2.398424e+14
16E,1355,-55..-50,1.321389e+14
16E,1355,-60..-55,-3.274359e+13
16E,1355,-65..-60,-1.390063e+14
16E,1355,-90..-65,-1.735112e+14
16E,1356,-40..-34,-4.262593e+14
16E,1356,-45..-40,2.979117e+13
16E,1356,-50..-45,2.119423e+14
16E,1356,-55..-50,7.484779e+13
16E,1356,-60..-55,-6.971520e+13
16E,1356,-65..-60,-1.038513e+14
16E,1356,-90..-65,-1.548532e+14
16E,1357,-40..-34,-4.354587e+14
16E,1357,-45..-40,9.109271e+12
16E,1357,-50..-45,2.440679e+14
16E,1357,-55..-50,1.255583e+14
16E,1357,-60..-55,-4.216632e+13
16E,1357,-65..-60,-1.583234e+14
16E,1357,-90..-65,-1.791750e+14
16E,1358,-40..-34,-4.391808e+14
16E,1358,-45..-40,-2.747708e+13
16E,1358,-50..-45,1.832430e+14
16E,1358,-55..-50,9.671868e+13
16E,1358,-60..-55,-2.740110e+13
16E,1358,-65..-60,-9.834641e+13
16E,1358,-90..-65,-1.492782e+14
16E,1359,-40..-34,-3.794911e+14
16E,1359,-45..-40,6.279278e+13
16E,1359,-50..-45,2.409594e+14
16E,1359,-55..-50,1.097817e+14
16E,1359,-60..-55,-6.315408e+13
16E,1359,-65..-60,-1.607932e+14
16E,1359,-90..-65,-1.533720e+14
16E,1360,-40..-34,-4.119454e+14
16E,1360,-45..-40,3.348829e+13
16E,1360,-50..-45,2.011429e+14
16E,1360,-55..-50,7.662531e+13
16E,1360,-60..-55,-5.658736e+13
16E,1360,-65..-60,-1.641131e+14
16E,1360,-90..-65,-1.542260e+14
16E,1361,-40..-34,-4.311166e+14
16E,1361,-45..-40,-2.291801e+13
16E,1361,-50..-45,1.877077e+14
16E,1361,-55..-50,1.058265e+14
16E,1361,-60..-55,-3.306966e+13
16E,1361,-65..-60,-1.500738e+14
16E,1361,-90..-65,-1.664346e+14
16E,1362,-40..-34,-4.309007e+14
16E,1362,-45..-40,1.033465e+13
16E,1362,-50..-45,1.384891e+14
16E,1362,-55..-50,5.373958e+13
16E,1362,-60..-55,-5.207417e+13
16E,1362,-65..-60,-1.374856e+14
16E,1362,-90..-65,-1.411668e+14
16E,1363,-40..-34,-4.088161e+14
16E,1363,-45..-40,-2.505225e+13
16E,1363,-50..-45,1.283062e+14
16E,1363,-55..-50,5.823076e+13
16E,1363,-60..-55,-7.027129e+13
16E,1363,-65..-60,-1.315242e+14
16E,1363,-90..-65,-1.508523e+14
16E,1364,-40..-34,-3.858274e+14
16E,1364,-45..-40,-1.973024e+13
16E,1364,-50..-45,1.224808e+14
16E,1364,-55..-50,4.972111e+13
16E,1364,-60..-55,-6.954763e+13
16E,1364,-65..-60,-1.589192e+14
16E,1364,-90..-65,-1.417105e+14
16E,1365,-40..-34,-4.829564e+14
16E,1365,-45..-40,-5.397668e+13
16E,1365,-50..-45,1.125192e+14
16E,1365,-55..-50,3.650230e+13
16E,1365,-60..-55,-5.682262e+13
16E,1365,-65..-60,-8.211538e+13
16E,1365,-90..-65,-1.361010e+14
16E,1366,-40..-34,-3.869228e+14
16E,1366,-45..-40,-1.451455e+13
16E,1366,-50..-45,1.168498e+14
16E,1366,-55..-50,5.192229e+13
16E,1366,-60..-55,-3.937701e+13
16E,1366,-65..-60,-1.174430e+14
16E,1366,-90..-65,-1.389996e+14
16E,1367,-40..-34,-3.595089e+14
16E,1367,-45..-40,-6.123821e+12
16E,1367,-50..-45,1.120639e+14
16E,1367,-55..-50,5.250034e+13
16E,1367,-60..-55,-4.975206e+13
16E,1367,-65..-60,-1.308310e+14
16E,1367,-90..-65,-1.519290e+14
16E,1368,-40..-34,-4.352768e+14
16E,1368,-45..-40,-4.204936e+13
16E,1368,-50..-45,1.124531e+14
16E,1368,-55..-50,6.300042e+13
16E,1368,-60..-55,-5.169971e+13
16E,1368,-65..-60,-1.370272e+14
16E,1368,-90..-65,-1.320597e+14
16E,1369,-40..-34,-4.333079e+14
16E,1369,-45..-40,-4.966949e+13
16E,1369,-50..-45,1.213237e+14
16E,1369,-55..-50,5.271923e+13
16E,1369,-60..-55,-5.171414e+13
16E,1369,-65..-60,-1.205147e+14
16E,1369,-90..-65,-1.533486e+14
16E,1370,-40..-34,-3.686883e+14
16E,1370,-45..-40,4.932259e+13
16E,1370,-50..-45,1.558801e+14
16E,1370,-55..-50,3.591577e+13
16E,1370,-60..-55,-1.044538e+14
16E,1370,-65..-60,-1.808446e+14
16E,1370,-90..-65,-1.501488e+14
16E,1371,-40..-34,-4.577068e+14
16E,1371,-45..-40,-8.964994e+13
16E,1371,-50..-45,1.005246e+14
16E,1371,-55..-50,7.593098e+13
16E,1371,-60..-55,-3.281182e+13
16E,1371,-65..-60,-1.108667e+14
16E,1371,-90..-65,-1.367680e+14
16E,1372,-40..-34,-4.028752e+14
16E,1372,-45..-40,3.528937e+13
16E,1372,-50..-45,1.490166e+14
16E,1372,-55..-50,3.992300e+13
16E,1372,-60..-55,-9.361182e+13
16E,1372,-65..-60,-1.464069e+14
16E,1372,-90..-65,-1.317338e+14
16E,1373,-40..-34,-3.633036e+14
16E,1373,-45..-40,-2.103435e+13
16E,1373,-50..-45,9.457609e+13
16E,1373,-55..-50,3.106281e+13
16E,1373,-60..-55,-4.828605e+13
16E,1373,-65..-60,-1.456952e+14
16E,1373,-90..-65,-1.585985e+14
16E,1374,-40..-34,-3.938848e+14
16E,1374,-45..-40,2.269879e+13
16E,1374,-50..-45,1.359949e+14
16E,1374,-55..-50,5.064262e+13
16E,1374,-60..-55,-6.824722e+13
16E,1374,-65..-60,-1.597870e+14
16E,1374,-90..-65,-1.353121e+14
16E,1375,-40..-34,-4.480503e+14
16E,1375,-45..-40,-6.692947e+13
16E,1375,-50..-45,1.309957e+14
16E,1375,-55..-50,7.581559e+13
16E,1375,-60..-55,-3.844323e+13
16E,1375,-65..-60,-1.375891e+14
16E,1375,-90..-65,-1.392874e+14
16E,1376,-40..-34,-4.200637e+14
16E,1376,-45..-40,-2.482043e+13
16E,1376,-50..-45,1.336372e+14
16E,1376,-55..-50,4.430491e+13
16E,1376,-60..-55,-7.220582e+13
16E,1376,-65..-60,-1.428474e+14
16E,1376,-90..-65,-1.282556e+14
16E,1377,-40..-34,-4.576199e+14
16E,1377,-45..-40,-4.319786e+13
16E,1377,-50..-45,1.518560e+14
16E,1377,-55..-50,8.230680e+13
16E,1377,-60..-55,-2.665620e+12
16E,1377,-65..-60,-1.484055e+14
16E,1377,-90..-65,-1.752703e+14
16E,1378,-40..-34,-4.840653e+14
16E,1378,-45..-40,-6.799941e+13
16E,1378,-50..-45,1.420691e+14
16E,1378,-55..-50,9.150893e+13
16E,1378,-60..-55,-2.182031e+13
16E,1378,-65..-60,-1.248381e+14
16E,1378,-90..-65,-1.266556e+14
16E,1379,-40..-34,-3.699428e+14
16E,1379,-45..-40,1.892536e+12
16E,1379,-50..-45,1.424376e+14
16E,1379,-55..-50,4.647036e+13
16E,1379,-60..-55,-6.422964e+13
16E,1379,-65..-60,-1.140322e+14
16E,1379,-90..-65,-1.186181e+14
16E,1380,-40..-34,-3.320411e+14
16E,1380,-45..-40,-8.764002e+12
16E,1380,-50..-45,1.398194e+14
16E,1380,-55..-50,4.789704e+13
16E,1380,-60..-55,-7.370582e+13
16E,1380,-65..-60,-1.563510e+14
16E,1380,-90..-65,-1.464072e+14
16E,1381,-40..-34,-3.924039e+14
16E,1381,-45..-40,-5.855385e+12
16E,1381,-50..-45,1.318482e+14
16E,1381,-55..-50,6.882956e+13
16E,1381,-60..-55,-3.779386e+13
16E,1381,-65..-60,-1.545581e+14
16E,1381,-90..-65,-1.320755e+14
16E,1382,-40..-34,-4.379051e+14
16E,1382,-45..-40,2.551846e+13
16E,1382,-50..-45,1.625890e+14
16E,1382,-55..-50,3.659514e+13
16E,1382,-60..-55,-7.401559e+13
16E,1382,-65..-60,-1.524855e+14
16E,1382,-90..-65,-1.334541e+14
16E,1383,-40..-34,-4.254449e+14
16E,1383,-45..-40,3.229754e+13
16E,1383,-50..-45,1.864717e+14
16E,1383,-55..-50,5.602865e+13
16E,1383,-60..-55,-5.280231e+13
16E,1383,-65..-60,-2.039664e+14
16E,1383,-90..-65,-1.785712e+14
16E,1384,-40..-34,-4.825005e+14
16E,1384,-45..-40,-1.054340e+13
16E,1384,-50..-45,1.524012e+14
16E,1384,-55..-50,7.634071e+13
16E,1384,-60..-55,-3.339455e+13
16E,1384,-65..-60,-1.386563e+14
16E,1384,-90..-65,-1.497767e+14
16E,1385,-40..-34,-3.739341e+14
16E,1385,-45..-40,-6.128010e+12
16E,1385,-50..-45,1.401641e+14
16E,1385,-55..-50,3.270096e+13
16E,1385,-60..-55,-9.347100e+13
16E,1385,-65..-60,-1.656840e+14
16E,1385,-90..-65,-1.695069e+14
16E,1386,-40..-34,-3.983727e+14
16E,1386,-45..-40,2.141019e+13
16E,1386,-50..-45,1.673981e+14
16E,1386,-55..-50,3.848347e+13
16E,1386,-60..-55,-9.194907e+13
16E,1386,-65..-60,-1.663748e+14
16E,1386,-90..-65,-1.217528e+14
16E,1387,-40..-34,-4.731955e+14
16E,1387,-45..-40,-7.777834e+12
16E,1387,-50..-45,2.126351e+14
16E,1387,-55..-50,1.172872e+14
16E,1387,-60..-55,-1.882140e+13
16E,1387,-65..-60,-1.450991e+14
16E,1387,-90..-65,-1.565203e+14
16E,1388,-40..-34,-3.962156e+14
16E,1388,-45..-40,3.829510e+13
16E,1388,-50..-45,1.511191e+14
16E,1388,-55..-50,3.873613e+13
16E,1388,-60..-55,-7.888251e+13
16E,1388,-65..-60,-1.589648e+14
16E,1388,-90..-65,-1.497779e+14
16E,1389,-40..-34,-3.703400e+14
16E,1389,-45..-40,1.883422e+13
16E,1389,-50..-45,1.448962e+14
16E,1389,-55..-50,5.864150e+13
16E,1389,-60..-55,-4.851070e+13
16E,1389,-65..-60,-1.631572e+14
16E,1389,-90..-65,-1.394843e+14
