gmhemi1800,2121,-40..-34,-4.188491e+14
gmhemi1800,2121,-45..-40,-1.006201e+14
gmhemi1800,2121,-50..-45,1.234673e+14
gmhemi1800,2121,-55..-50,1.103292e+14
gmhemi1800,2121,-60..-55,-8.429744e+12
gmhemi1800,2121,-65..-60,-1.343856e+14
gmhemi1800,2121,-90..-65,-1.657148e+14
gmhemi1800,2122,-40..-34,-4.111850e+14
gmhemi1800,2122,-45..-40,-6.509989e+13
gmhemi1800,2122,-50..-45,1.496692e+14
gmhemi1800,2122,-55..-50,9.061904e+13
gmhemi1800,2122,-60..-55,-6.380239e+13
gmhemi1800,2122,-65..-60,-1.403642e+14
gmhemi1800,2122,-90..-65,-1.484161e+14
gmhemi1800,2123,-40..-34,-4.435984e+14
gmhemi1800,2123,-45..-40,-1.273197e+14
gmhemi1800,2123,-50..-45,1.200152e+14
gmhemi1800,2123,-55..-50,1.009439e+14
gmhemi1800,2123,-60..-55,-1.242287e+13
gmhemi1800,2123,-65..-60,-8.728185e+13
gmhemi1800,2123,-90..-65,-1.539448e+14
gmhemi1800,2124,-40..-34,-3.582276e+14
gmhemi1800,2124,-45..-40,-4.379041e+13
gmhemi1800,2124,-50..-45,1.447562e+14
gmhemi1800,2124,-55..-50,9.906457e+13
gmhemi1800,2124,-60..-55,-3.812949e+13
gmhemi1800,2124,-65..-60,-1.534771e+14
gmhemi1800,2124,-90..-65,-1.523498e+14
gmhemi1800,2125,-40..-34,-4.180034e+14
gmhemi1800,2125,-45..-40,-6.723197e+13
gmhemi1800,2125,-50..-45,1.659790e+14
gmhemi1800,2125,-55..-50,1.231029e+14
gmhemi1800,2125,-60..-55,-1.932517e+13
gmhemi1800,2125,-65..-60,-1.072639e+14
gmhemi1800,2125,-90..-65,-1.511014e+14
gmhemi1800,2126,-40..-34,-4.037939e+14
gmhemi1800,2126,-45..-40,-5.325701e+13
gmhemi1800,2126,-50..-45,1.593464e+14
gmhemi1800,2126,-55..-50,1.109065e+14
gmhemi1800,2126,-60..-55,-5.033121e+13
gmhemi1800,2126,-65..-60,-1.625508e+14
gmhemi1800,2126,-90..-65,-1.523233e+14
gmhemi1800,2127,-40..-34,-3.987342e+14
gmhemi1800,2127,-45..-40,-2.840140e+13
gmhemi1800,2127,-50..-45,1.591043e+14
gmhemi1800,2127,-55..-50,9.028999e+13
gmhemi1800,2127,-60..-55,-6.466966e+13
gmhemi1800,2127,-65..-60,-1.474403e+14
gmhemi1800,2127,-90..-65,-1.634716e+14
gmhemi1800,2128,-40..-34,-4.458951e+14
gmhemi1800,2128,-45..-40,-7.907140e+13
gmhemi1800,2128,-50..-45,1.702985e+14
gmhemi1800,2128,-55..-50,1.374539e+14
gmhemi1800,2128,-60..-55,-6.794820e+12
gmhemi1800,2128,-65..-60,-1.124253e+14
gmhemi1800,2128,-90..-65,-1.614344e+14
gmhemi1800,2129,-40..-34,-4.149538e+14
gmhemi1800,2129,-45..-40,-1.101415e+14
gmhemi1800,2129,-50..-45,1.159973e+14
gmhemi1800,2129,-55..-50,8.383945e+13
gmhemi1800,2129,-60..-55,-4.673783e+13
gmhemi1800,2129,-65..-60,-1.546421e+14
gmhemi1800,2129,-90..-65,-1.437578e+14
gmhemi1800,2130,-40..-34,-3.838947e+14
gmhemi1800,2130,-45..-40,-4.788807e+13
gmhemi1800,2130,-50..-45,1.556651e+14
gmhemi1800,2130,-55..-50,9.433765e+13
gmhemi1800,2130,-60..-55,-8.224421e+13
gmhemi1800,2130,-65..-60,-1.766459e+14
gmhemi1800,2130,-90..-65,-1.273928e+14
gmhemi1800,2131,-40..-34,-3.943257e+14
gmhemi1800,2131,-45..-40,-5.788497e+13
gmhemi1800,2131,-50..-45,1.582554e+14
gmhemi1800,2131,-55..-50,7.849663e+13
gmhemi1800,2131,-60..-55,-1.018389e+14
gmhemi1800,2131,-65..-60,-1.550670e+14
gmhemi1800,2131,-90..-65,-1.461166e+14
gmhemi1800,2132,-40..-34,-4.132857e+14
gmhemi1800,2132,-45..-40,-5.955542e+13
gmhemi1800,2132,-50..-45,1.301264e+14
gmhemi1800,2132,-55..-50,7.432516e+13
gmhemi1800,2132,-60..-55,-5.200892e+13
gmhemi1800,2132,-65..-60,-9.485172e+13
gmhemi1800,2132,-90..-65,-1.251920e+14
gmhemi1800,2133,-40..-34,-4.350295e+14
gmhemi1800,2133,-45..-40,-3.549900e+13
gmhemi1800,2133,-50..-45,1.621080e+14
gmhemi1800,2133,-55..-50,1.141805e+14
gmhemi1800,2133,-60..-55,-5.432432e+13
gmhemi1800,2133,-65..-60,-1.546332e+14
gmhemi1800,2133,-90..-65,-1.677652e+14
gmhemi1800,2134,-40..-34,-3.919903e+14
gmhemi1800,2134,-45..-40,-6.291966e+13
gmhemi1800,2134,-50..-45,1.892797e+14
gmhemi1800,2134,-55..-50,1.401215e+14
gmhemi1800,2134,-60..-55,-4.042290e+13
gmhemi1800,2134,-65..-60,-1.512618e+14
gmhemi1800,2134,-90..-65,-1.515529e+14
gmhemi1800,2135,-40..-34,-3.835081e+14
gmhemi1800,2135,-45..-40,-6.068999e+13
gmhemi1800,2135,-50..-45,1.286919e+14
gmhemi1800,2135,-55..-50,6.482793e+13
gmhemi1800,2135,-60..-55,-7.850125e+13
gmhemi1800,2135,-65..-60,-1.429342e+14
gmhemi1800,2135,-90..-65,-1.448228e+14
gmhemi1800,2136,-40..-34,-3.592572e+14
gmhemi1800,2136,-45..-40,6.656260e+12
gmhemi1800,2136,-50..-45,1.744246e+14
gmhemi1800,2136,-55..-50,9.125664e+13
gmhemi1800,2136,-60..-55,-8.030168e+13
gmhemi1800,2136,-65..-60,-1.692273e+14
gmhemi1800,2136,-90..-65,-1.632963e+14
gmhemi1800,2137,-40..-34,-3.776839e+14
gmhemi1800,2137,-45..-40,-6.780751e+13
gmhemi1800,2137,-50..-45,1.566876e+14
gmhemi1800,2137,-55..-50,1.064079e+14
gmhemi1800,2137,-60..-55,-4.807994e+13
gmhemi1800,2137,-65..-60,-1.490546e+14
gmhemi1800,2137,-90..-65,-1.518410e+14
gmhemi1800,2138,-40..-34,-4.043944e+14
gmhemi1800,2138,-45..-40,-1.084274e+14
gmhemi1800,2138,-50..-45,1.294692e+14
gmhemi1800,2138,-55..-50,1.112961e+14
gmhemi1800,2138,-60..-55,-1.689807e+13
gmhemi1800,2138,-65..-60,-1.101078e+14
gmhemi1800,2138,-90..-65,-1.570822e+14
gmhemi1800,2139,-40..-34,-4.215160e+14
gmhemi1800,2139,-45..-40,-7.784492e+13
gmhemi1800,2139,-50..-45,1.387886e+14
gmhemi1800,2139,-55..-50,8.272810e+13
gmhemi1800,2139,-60..-55,-7.272986e+13
gmhemi1800,2139,-65..-60,-1.627870e+14
gmhemi1800,2139,-90..-65,-1.505367e+14
