PICAL_ccnice,2020,1,labsea,110.47309
PICAL_ccnice,2020,2,labsea,317.36824
PICAL_ccnice,2020,3,labsea,204.87381
PICAL_ccnice,2020,4,labsea,54.68699
PICAL_ccnice,2020,5,labsea,22.50166
PICAL_ccnice,2020,6,labsea,14.45351
PICAL_ccnice,2020,7,labsea,12.26960
PICAL_ccnice,2020,8,labsea,14.72080
PICAL_ccnice,2020,9,labsea,19.04941
PICAL_ccnice,2020,10,labsea,24.27057
PICAL_ccnice,2020,11,labsea,32.36975
PICAL_ccnice,2020,12,labsea,45.29382
PICAL_ccnice,2020,1,interior,159.59438
PICAL_ccnice,2020,2,interior,586.71894
PICAL_ccnice,2020,3,interior,412.22904
PICAL_ccnice,2020,4,interior,88.21028
PICAL_ccnice,2020,5,interior,21.60997
PICAL_ccnice,2020,6,interior,16.95716
PICAL_ccnice,2020,7,interior,13.93671
PICAL_ccnice,2020,8,interior,16.41807
PICAL_ccnice,2020,9,interior,21.15751
PICAL_ccnice,2020,10,interior,26.04633
PICAL_ccnice,2020,11,interior,34.45693
PICAL_ccnice,2020,12,interior,46.04126
PICAL_ccnice,2021,1,labsea,79.90932
PICAL_ccnice,2021,2,labsea,243.96384
PICAL_ccnice,2021,3,labsea,485.63605
PICAL_ccnice,2021,4,labsea,326.39003
PICAL_ccnice,2021,5,labsea,89.16521
PICAL_ccnice,2021,6,labsea,14.42054
PICAL_ccnice,2021,7,labsea,10.62451
PICAL_ccnice,2021,8,labsea,14.55439
PICAL_ccnice,2021,9,labsea,17.61035
PICAL_ccnice,2021,10,labsea,22.89913
PICAL_ccnice,2021,11,labsea,34.94874
PICAL_ccnice,2021,12,labsea,63.47190
PICAL_ccnice,2021,1,interior,70.16366
PICAL_ccnice,2021,2,interior,127.35965
PICAL_ccnice,2021,3,interior,284.74722
PICAL_ccnice,2021,4,interior,105.60499
PICAL_ccnice,2021,5,interior,23.35859
PICAL_ccnice,2021,6,interior,15.68975
PICAL_ccnice,2021,7,interior,12.33279
PICAL_ccnice,2021,8,interior,16.65996
PICAL_ccnice,2021,9,interior,20.57687
PICAL_ccnice,2021,10,interior,25.25947
PICAL_ccnice,2021,11,interior,36.69996
PICAL_ccnice,2021,12,interior,75.20870
PICAL_ccnice,2022,1,labsea,632.46763
PICAL_ccnice,2022,2,labsea,983.31235
PICAL_ccnice,2022,3,labsea,941.11724
PICAL_ccnice,2022,4,labsea,703.77186
PICAL_ccnice,2022,5,labsea,287.54257
PICAL_ccnice,2022,6,labsea,15.62183
PICAL_ccnice,2022,7,labsea,13.39573
PICAL_ccnice,2022,8,labsea,14.15896
PICAL_ccnice,2022,9,labsea,18.10460
PICAL_ccnice,2022,10,labsea,26.94890
PICAL_ccnice,2022,11,labsea,39.22603
PICAL_ccnice,2022,12,labsea,113.63922
PICAL_ccnice,2022,1,interior,970.68690
PICAL_ccnice,2022,2,interior,1704.83762
PICAL_ccnice,2022,3,interior,1578.10340
PICAL_ccnice,2022,4,interior,1118.15735
PICAL_ccnice,2022,5,interior,381.88237
PICAL_ccnice,2022,6,interior,17.99646
PICAL_ccnice,2022,7,interior,15.36103
PICAL_ccnice,2022,8,interior,15.19192
PICAL_ccnice,2022,9,interior,19.15336
PICAL_ccnice,2022,10,interior,29.73808
PICAL_ccnice,2022,11,interior,44.96575
PICAL_ccnice,2022,12,interior,215.00895
PICAL_ccnice,2023,1,labsea,598.90235
PICAL_ccnice,2023,2,labsea,596.38752
PICAL_ccnice,2023,3,labsea,384.87459
PICAL_ccnice,2023,4,labsea,162.11208
PICAL_ccnice,2023,5,labsea,26.70676
PICAL_ccnice,2023,6,labsea,10.84451
PICAL_ccnice,2023,7,labsea,10.10169
PICAL_ccnice,2023,8,labsea,11.00955
PICAL_ccnice,2023,9,labsea,15.86223
PICAL_ccnice,2023,10,labsea,22.01764
PICAL_ccnice,2023,11,labsea,26.48611
PICAL_ccnice,2023,12,labsea,43.20411
PICAL_ccnice,2023,1,interior,886.81219
PICAL_ccnice,2023,2,interior,491.11661
PICAL_ccnice,2023,3,interior,86.58265
PICAL_ccnice,2023,4,interior,32.68882
PICAL_ccnice,2023,5,interior,21.68032
PICAL_ccnice,2023,6,interior,11.37831
PICAL_ccnice,2023,7,interior,11.39422
PICAL_ccnice,2023,8,interior,11.95122
PICAL_ccnice,2023,9,interior,17.01819
PICAL_ccnice,2023,10,interior,23.92483
PICAL_ccnice,2023,11,interior,28.42682
PICAL_ccnice,2023,12,interior,53.42716
PICAL_ccnice,2024,1,labsea,77.45175
PICAL_ccnice,2024,2,labsea,294.34249
PICAL_ccnice,2024,3,labsea,374.40944
PICAL_ccnice,2024,4,labsea,318.23702
PICAL_ccnice,2024,5,labsea,61.26983
PICAL_ccnice,2024,6,labsea,19.21986
PICAL_ccnice,2024,7,labsea,12.84438
PICAL_ccnice,2024,8,labsea,12.33060
PICAL_ccnice,2024,9,labsea,15.81235
PICAL_ccnice,2024,10,labsea,21.16353
PICAL_ccnice,2024,11,labsea,39.30898
PICAL_ccnice,2024,12,labsea,175.00167
PICAL_ccnice,2024,1,interior,114.22581
PICAL_ccnice,2024,2,interior,474.23571
PICAL_ccnice,2024,3,interior,668.39729
PICAL_ccnice,2024,4,interior,588.80141
PICAL_ccnice,2024,5,interior,86.59978
PICAL_ccnice,2024,6,interior,23.18007
PICAL_ccnice,2024,7,interior,14.86107
PICAL_ccnice,2024,8,interior,13.72021
PICAL_ccnice,2024,9,interior,16.98933
PICAL_ccnice,2024,10,interior,22.29751
PICAL_ccnice,2024,11,interior,44.24075
PICAL_ccnice,2024,12,interior,328.21131
PICAL_ccnice,2025,1,labsea,771.24327
PICAL_ccnice,2025,2,labsea,854.28204
PICAL_ccnice,2025,3,labsea,676.62313
PICAL_ccnice,2025,4,labsea,499.31498
PICAL_ccnice,2025,5,labsea,118.39467
PICAL_ccnice,2025,6,labsea,14.16092
PICAL_ccnice,2025,7,labsea,11.96995
PICAL_ccnice,2025,8,labsea,12.58849
PICAL_ccnice,2025,9,labsea,17.39528
PICAL_ccnice,2025,10,labsea,25.99987
PICAL_ccnice,2025,11,labsea,37.12398
PICAL_ccnice,2025,12,labsea,70.93880
PICAL_ccnice,2025,1,interior,1476.25270
PICAL_ccnice,2025,2,interior,1462.45630
PICAL_ccnice,2025,3,interior,845.48216
PICAL_ccnice,2025,4,interior,653.41537
PICAL_ccnice,2025,5,interior,99.90189
PICAL_ccnice,2025,6,interior,16.05983
PICAL_ccnice,2025,7,interior,13.76755
PICAL_ccnice,2025,8,interior,15.15256
PICAL_ccnice,2025,9,interior,19.48333
PICAL_ccnice,2025,10,interior,29.12661
PICAL_ccnice,2025,11,interior,39.69689
PICAL_ccnice,2025,12,interior,54.80700
PICAL_ccnice,2026,1,labsea,259.84417
PICAL_ccnice,2026,2,labsea,163.10060
PICAL_ccnice,2026,3,labsea,50.29938
PICAL_ccnice,2026,4,labsea,40.32209
PICAL_ccnice,2026,5,labsea,25.74899
PICAL_ccnice,2026,6,labsea,13.38253
PICAL_ccnice,2026,7,labsea,10.15243
PICAL_ccnice,2026,8,labsea,11.38386
PICAL_ccnice,2026,9,labsea,14.35881
PICAL_ccnice,2026,10,labsea,22.13304
PICAL_ccnice,2026,11,labsea,34.57151
PICAL_ccnice,2026,12,labsea,187.25425
PICAL_ccnice,2026,1,interior,58.28460
PICAL_ccnice,2026,2,interior,69.53231
PICAL_ccnice,2026,3,interior,54.35783
PICAL_ccnice,2026,4,interior,44.13864
PICAL_ccnice,2026,5,interior,27.56540
PICAL_ccnice,2026,6,interior,14.13481
PICAL_ccnice,2026,7,interior,10.30508
PICAL_ccnice,2026,8,interior,13.20511
PICAL_ccnice,2026,9,interior,15.74852
PICAL_ccnice,2026,10,interior,22.20798
PICAL_ccnice,2026,11,interior,35.86609
PICAL_ccnice,2026,12,interior,101.83372
PICAL_ccnice,2027,1,labsea,452.04222
PICAL_ccnice,2027,2,labsea,604.40724
PICAL_ccnice,2027,3,labsea,676.66393
PICAL_ccnice,2027,4,labsea,480.47535
PICAL_ccnice,2027,5,labsea,123.77619
PICAL_ccnice,2027,6,labsea,11.70971
PICAL_ccnice,2027,7,labsea,12.18210
PICAL_ccnice,2027,8,labsea,12.25639
PICAL_ccnice,2027,9,labsea,15.20792
PICAL_ccnice,2027,10,labsea,24.42823
PICAL_ccnice,2027,11,labsea,33.87602
PICAL_ccnice,2027,12,labsea,72.00762
PICAL_ccnice,2027,1,interior,329.90220
PICAL_ccnice,2027,2,interior,703.49136
PICAL_ccnice,2027,3,interior,1059.93340
PICAL_ccnice,2027,4,interior,689.39604
PICAL_ccnice,2027,5,interior,155.15456
PICAL_ccnice,2027,6,interior,12.83079
PICAL_ccnice,2027,7,interior,13.68705
PICAL_ccnice,2027,8,interior,14.08504
PICAL_ccnice,2027,9,interior,18.14414
PICAL_ccnice,2027,10,interior,27.63448
PICAL_ccnice,2027,11,interior,39.78445
PICAL_ccnice,2027,12,interior,69.42566
PICAL_ccnice,2028,1,labsea,416.62572
PICAL_ccnice,2028,2,labsea,645.86809
PICAL_ccnice,2028,3,labsea,636.08599
PICAL_ccnice,2028,4,labsea,588.31989
PICAL_ccnice,2028,5,labsea,223.98707
PICAL_ccnice,2028,6,labsea,17.93960
PICAL_ccnice,2028,7,labsea,16.51359
PICAL_ccnice,2028,8,labsea,16.03615
PICAL_ccnice,2028,9,labsea,20.81624
PICAL_ccnice,2028,10,labsea,28.96597
PICAL_ccnice,2028,11,labsea,43.55970
PICAL_ccnice,2028,12,labsea,270.58117
PICAL_ccnice,2028,1,interior,455.65323
PICAL_ccnice,2028,2,interior,832.07886
PICAL_ccnice,2028,3,interior,450.03995
PICAL_ccnice,2028,4,interior,346.65043
PICAL_ccnice,2028,5,interior,120.61405
PICAL_ccnice,2028,6,interior,21.52321
PICAL_ccnice,2028,7,interior,20.02914
PICAL_ccnice,2028,8,interior,17.40732
PICAL_ccnice,2028,9,interior,22.78890
PICAL_ccnice,2028,10,interior,30.40951
PICAL_ccnice,2028,11,interior,49.78648
PICAL_ccnice,2028,12,interior,375.66627
PICAL_ccnice,2029,1,labsea,741.30763
PICAL_ccnice,2029,2,labsea,899.20964
PICAL_ccnice,2029,3,labsea,961.96350
PICAL_ccnice,2029,4,labsea,859.53661
PICAL_ccnice,2029,5,labsea,263.69080
PICAL_ccnice,2029,6,labsea,18.83272
PICAL_ccnice,2029,7,labsea,14.27610
PICAL_ccnice,2029,8,labsea,16.10814
PICAL_ccnice,2029,9,labsea,20.60485
PICAL_ccnice,2029,10,labsea,29.29889
PICAL_ccnice,2029,11,labsea,65.98381
PICAL_ccnice,2029,12,labsea,509.00411
PICAL_ccnice,2029,1,interior,1211.42404
PICAL_ccnice,2029,2,interior,1405.92275
PICAL_ccnice,2029,3,interior,1606.72601
PICAL_ccnice,2029,4,interior,1545.61396
PICAL_ccnice,2029,5,interior,581.23512
PICAL_ccnice,2029,6,interior,21.57480
PICAL_ccnice,2029,7,interior,15.01258
PICAL_ccnice,2029,8,interior,18.04071
PICAL_ccnice,2029,9,interior,22.38222
PICAL_ccnice,2029,10,interior,32.31363
PICAL_ccnice,2029,11,interior,86.70132
PICAL_ccnice,2029,12,interior,789.54465
PICAL_ccnice,2030,1,labsea,1128.07413
PICAL_ccnice,2030,2,labsea,1381.08898
PICAL_ccnice,2030,3,labsea,1226.43224
PICAL_ccnice,2030,4,labsea,902.74277
PICAL_ccnice,2030,5,labsea,386.59705
PICAL_ccnice,2030,6,labsea,14.04983
PICAL_ccnice,2030,7,labsea,12.74003
PICAL_ccnice,2030,8,labsea,13.61564
PICAL_ccnice,2030,9,labsea,18.98345
PICAL_ccnice,2030,10,labsea,27.50218
PICAL_ccnice,2030,11,labsea,37.23683
PICAL_ccnice,2030,12,labsea,57.69226
PICAL_ccnice,2030,1,interior,1950.78633
PICAL_ccnice,2030,2,interior,2118.70401
PICAL_ccnice,2030,3,interior,1807.77335
PICAL_ccnice,2030,4,interior,1072.97837
PICAL_ccnice,2030,5,interior,440.33834
PICAL_ccnice,2030,6,interior,17.41010
PICAL_ccnice,2030,7,interior,13.63058
PICAL_ccnice,2030,8,interior,14.99510
PICAL_ccnice,2030,9,interior,21.01167
PICAL_ccnice,2030,10,interior,29.30527
PICAL_ccnice,2030,11,interior,40.27598
PICAL_ccnice,2030,12,interior,65.89231
PICAL_ccnice,2031,1,labsea,225.03876
PICAL_ccnice,2031,2,labsea,1024.20745
PICAL_ccnice,2031,3,labsea,939.48544
PICAL_ccnice,2031,4,labsea,632.60786
PICAL_ccnice,2031,5,labsea,130.23185
PICAL_ccnice,2031,6,labsea,16.14001
PICAL_ccnice,2031,7,labsea,13.31124
PICAL_ccnice,2031,8,labsea,13.01514
PICAL_ccnice,2031,9,labsea,16.73362
PICAL_ccnice,2031,10,labsea,20.25300
PICAL_ccnice,2031,11,labsea,35.16517
PICAL_ccnice,2031,12,labsea,61.94653
PICAL_ccnice,2031,1,interior,273.20438
PICAL_ccnice,2031,2,interior,1671.51880
PICAL_ccnice,2031,3,interior,1417.79690
PICAL_ccnice,2031,4,interior,819.30469
PICAL_ccnice,2031,5,interior,113.37915
PICAL_ccnice,2031,6,interior,20.22798
PICAL_ccnice,2031,7,interior,15.27407
PICAL_ccnice,2031,8,interior,14.26071
PICAL_ccnice,2031,9,interior,17.04739
PICAL_ccnice,2031,10,interior,20.55604
PICAL_ccnice,2031,11,interior,34.40419
PICAL_ccnice,2031,12,interior,80.42036
PICAL_ccnice,2032,1,labsea,111.90155
PICAL_ccnice,2032,2,labsea,351.59067
PICAL_ccnice,2032,3,labsea,914.68919
PICAL_ccnice,2032,4,labsea,694.73910
PICAL_ccnice,2032,5,labsea,50.02604
PICAL_ccnice,2032,6,labsea,20.28788
PICAL_ccnice,2032,7,labsea,14.66752
PICAL_ccnice,2032,8,labsea,16.08927
PICAL_ccnice,2032,9,labsea,20.72113
PICAL_ccnice,2032,10,labsea,23.81400
PICAL_ccnice,2032,11,labsea,32.06002
PICAL_ccnice,2032,12,labsea,55.08043
PICAL_ccnice,2032,1,interior,176.38208
PICAL_ccnice,2032,2,interior,531.74836
PICAL_ccnice,2032,3,interior,1626.83726
PICAL_ccnice,2032,4,interior,1106.65462
PICAL_ccnice,2032,5,interior,54.33254
PICAL_ccnice,2032,6,interior,26.11671
PICAL_ccnice,2032,7,interior,16.47084
PICAL_ccnice,2032,8,interior,18.47564
PICAL_ccnice,2032,9,interior,23.51245
PICAL_ccnice,2032,10,interior,25.96337
PICAL_ccnice,2032,11,interior,34.38171
PICAL_ccnice,2032,12,interior,67.35936
PICAL_ccnice,2033,1,labsea,223.20552
PICAL_ccnice,2033,2,labsea,905.84804
PICAL_ccnice,2033,3,labsea,948.53025
PICAL_ccnice,2033,4,labsea,655.34928
PICAL_ccnice,2033,5,labsea,239.35613
PICAL_ccnice,2033,6,labsea,25.92491
PICAL_ccnice,2033,7,labsea,15.29933
PICAL_ccnice,2033,8,labsea,14.90378
PICAL_ccnice,2033,9,labsea,22.46743
PICAL_ccnice,2033,10,labsea,28.98437
PICAL_ccnice,2033,11,labsea,40.58624
PICAL_ccnice,2033,12,labsea,123.44431
PICAL_ccnice,2033,1,interior,352.32814
PICAL_ccnice,2033,2,interior,1376.19559
PICAL_ccnice,2033,3,interior,1346.90637
PICAL_ccnice,2033,4,interior,879.67581
PICAL_ccnice,2033,5,interior,347.80420
PICAL_ccnice,2033,6,interior,31.39289
PICAL_ccnice,2033,7,interior,18.62647
PICAL_ccnice,2033,8,interior,18.10230
PICAL_ccnice,2033,9,interior,25.76937
PICAL_ccnice,2033,10,interior,32.68840
PICAL_ccnice,2033,11,interior,46.75887
PICAL_ccnice,2033,12,interior,199.58690
PICAL_ccnice,2034,1,labsea,639.46361
PICAL_ccnice,2034,2,labsea,1032.20534
PICAL_ccnice,2034,3,labsea,994.39012
PICAL_ccnice,2034,4,labsea,633.00262
PICAL_ccnice,2034,5,labsea,285.35220
PICAL_ccnice,2034,6,labsea,19.21792
PICAL_ccnice,2034,7,labsea,14.04969
PICAL_ccnice,2034,8,labsea,17.76552
PICAL_ccnice,2034,9,labsea,20.20480
PICAL_ccnice,2034,10,labsea,24.73862
PICAL_ccnice,2034,11,labsea,33.25664
PICAL_ccnice,2034,12,labsea,61.71105
PICAL_ccnice,2034,1,interior,1224.23003
PICAL_ccnice,2034,2,interior,1788.34219
PICAL_ccnice,2034,3,interior,1572.85100
PICAL_ccnice,2034,4,interior,996.16354
PICAL_ccnice,2034,5,interior,413.23349
PICAL_ccnice,2034,6,interior,19.26352
PICAL_ccnice,2034,7,interior,15.91563
PICAL_ccnice,2034,8,interior,20.53879
PICAL_ccnice,2034,9,interior,22.98032
PICAL_ccnice,2034,10,interior,26.91119
PICAL_ccnice,2034,11,interior,36.13919
PICAL_ccnice,2034,12,interior,87.60488
PICAL_ccnice,2035,1,labsea,359.12459
PICAL_ccnice,2035,2,labsea,880.96505
PICAL_ccnice,2035,3,labsea,691.05807
PICAL_ccnice,2035,4,labsea,429.66784
PICAL_ccnice,2035,5,labsea,112.55607
PICAL_ccnice,2035,6,labsea,12.73027
PICAL_ccnice,2035,7,labsea,11.56607
PICAL_ccnice,2035,8,labsea,13.70874
PICAL_ccnice,2035,9,labsea,18.61164
PICAL_ccnice,2035,10,labsea,24.30796
PICAL_ccnice,2035,11,labsea,38.90324
PICAL_ccnice,2035,12,labsea,91.56170
PICAL_ccnice,2035,1,interior,430.23410
PICAL_ccnice,2035,2,interior,871.71356
PICAL_ccnice,2035,3,interior,356.16798
PICAL_ccnice,2035,4,interior,62.59456
PICAL_ccnice,2035,5,interior,21.23631
PICAL_ccnice,2035,6,interior,15.44882
PICAL_ccnice,2035,7,interior,13.65712
PICAL_ccnice,2035,8,interior,15.18709
PICAL_ccnice,2035,9,interior,18.56432
PICAL_ccnice,2035,10,interior,23.36732
PICAL_ccnice,2035,11,interior,42.05755
PICAL_ccnice,2035,12,interior,142.44492
PICAL_ccnice,2036,1,labsea,161.03581
PICAL_ccnice,2036,2,labsea,643.31595
PICAL_ccnice,2036,3,labsea,811.61117
PICAL_ccnice,2036,4,labsea,412.71996
PICAL_ccnice,2036,5,labsea,34.45695
PICAL_ccnice,2036,6,labsea,13.58314
PICAL_ccnice,2036,7,labsea,13.14574
PICAL_ccnice,2036,8,labsea,14.03311
PICAL_ccnice,2036,9,labsea,18.19917
PICAL_ccnice,2036,10,labsea,28.46457
PICAL_ccnice,2036,11,labsea,43.80322
PICAL_ccnice,2036,12,labsea,99.12041
PICAL_ccnice,2036,1,interior,289.38625
PICAL_ccnice,2036,2,interior,1338.57265
PICAL_ccnice,2036,3,interior,1394.13241
PICAL_ccnice,2036,4,interior,746.98991
PICAL_ccnice,2036,5,interior,60.16633
PICAL_ccnice,2036,6,interior,15.73428
PICAL_ccnice,2036,7,interior,15.11693
PICAL_ccnice,2036,8,interior,16.17524
PICAL_ccnice,2036,9,interior,20.64903
PICAL_ccnice,2036,10,interior,29.70210
PICAL_ccnice,2036,11,interior,44.87198
PICAL_ccnice,2036,12,interior,103.21569
PICAL_ccnice,2037,1,labsea,402.31240
PICAL_ccnice,2037,2,labsea,853.55342
PICAL_ccnice,2037,3,labsea,1066.47410
PICAL_ccnice,2037,4,labsea,1116.79313
PICAL_ccnice,2037,5,labsea,656.93598
PICAL_ccnice,2037,6,labsea,20.98804
PICAL_ccnice,2037,7,labsea,15.61162
PICAL_ccnice,2037,8,labsea,14.39542
PICAL_ccnice,2037,9,labsea,20.63550
PICAL_ccnice,2037,10,labsea,27.55301
PICAL_ccnice,2037,11,labsea,64.72847
PICAL_ccnice,2037,12,labsea,521.61083
PICAL_ccnice,2037,1,interior,301.34682
PICAL_ccnice,2037,2,interior,634.60335
PICAL_ccnice,2037,3,interior,1085.66616
PICAL_ccnice,2037,4,interior,1416.83029
PICAL_ccnice,2037,5,interior,785.19627
PICAL_ccnice,2037,6,interior,23.92378
PICAL_ccnice,2037,7,interior,18.92875
PICAL_ccnice,2037,8,interior,16.50034
PICAL_ccnice,2037,9,interior,23.25681
PICAL_ccnice,2037,10,interior,30.58969
PICAL_ccnice,2037,11,interior,91.95241
PICAL_ccnice,2037,12,interior,914.82450
PICAL_ccnice,2038,1,labsea,1255.09732
PICAL_ccnice,2038,2,labsea,1357.52201
PICAL_ccnice,2038,3,labsea,1171.32947
PICAL_ccnice,2038,4,labsea,950.53467
PICAL_ccnice,2038,5,labsea,263.05698
PICAL_ccnice,2038,6,labsea,21.66839
PICAL_ccnice,2038,7,labsea,18.29124
PICAL_ccnice,2038,8,labsea,16.39975
PICAL_ccnice,2038,9,labsea,21.61474
PICAL_ccnice,2038,10,labsea,28.56378
PICAL_ccnice,2038,11,labsea,40.29904
PICAL_ccnice,2038,12,labsea,89.29005
PICAL_ccnice,2038,1,interior,2005.36737
PICAL_ccnice,2038,2,interior,1950.63969
PICAL_ccnice,2038,3,interior,1639.65795
PICAL_ccnice,2038,4,interior,1590.64832
PICAL_ccnice,2038,5,interior,481.18986
PICAL_ccnice,2038,6,interior,28.80786
PICAL_ccnice,2038,7,interior,21.24625
PICAL_ccnice,2038,8,interior,18.01164
PICAL_ccnice,2038,9,interior,23.98184
PICAL_ccnice,2038,10,interior,31.45789
PICAL_ccnice,2038,11,interior,46.80709
PICAL_ccnice,2038,12,interior,121.56300
PICAL_ccnice,2039,1,labsea,731.41757
PICAL_ccnice,2039,2,labsea,1018.05493
PICAL_ccnice,2039,3,labsea,1089.56111
PICAL_ccnice,2039,4,labsea,1000.83661
PICAL_ccnice,2039,5,labsea,421.79908
PICAL_ccnice,2039,6,labsea,13.70641
PICAL_ccnice,2039,7,labsea,10.39959
PICAL_ccnice,2039,8,labsea,14.06562
PICAL_ccnice,2039,9,labsea,18.52521
PICAL_ccnice,2039,10,labsea,26.97677
PICAL_ccnice,2039,11,labsea,44.52725
PICAL_ccnice,2039,12,labsea,121.53700
PICAL_ccnice,2039,1,interior,963.73232
PICAL_ccnice,2039,2,interior,1467.05132
PICAL_ccnice,2039,3,interior,1691.68605
PICAL_ccnice,2039,4,interior,1646.21696
PICAL_ccnice,2039,5,interior,696.93573
PICAL_ccnice,2039,6,interior,17.14222
PICAL_ccnice,2039,7,interior,11.92171
PICAL_ccnice,2039,8,interior,15.81626
PICAL_ccnice,2039,9,interior,21.19986
PICAL_ccnice,2039,10,interior,29.96388
PICAL_ccnice,2039,11,interior,47.60410
PICAL_ccnice,2039,12,interior,190.79961
PICAL_ccnice,2040,1,labsea,727.19623
PICAL_ccnice,2040,2,labsea,1180.41101
PICAL_ccnice,2040,3,labsea,1041.17023
PICAL_ccnice,2040,4,labsea,583.45325
PICAL_ccnice,2040,5,labsea,77.51035
PICAL_ccnice,2040,6,labsea,15.12063
PICAL_ccnice,2040,7,labsea,12.47579
PICAL_ccnice,2040,8,labsea,14.09441
PICAL_ccnice,2040,9,labsea,17.09702
PICAL_ccnice,2040,10,labsea,23.40413
PICAL_ccnice,2040,11,labsea,33.92118
PICAL_ccnice,2040,12,labsea,52.08113
PICAL_ccnice,2040,1,interior,1162.30791
PICAL_ccnice,2040,2,interior,1656.73803
PICAL_ccnice,2040,3,interior,1522.08576
PICAL_ccnice,2040,4,interior,865.49321
PICAL_ccnice,2040,5,interior,139.78076
PICAL_ccnice,2040,6,interior,18.35807
PICAL_ccnice,2040,7,interior,14.24473
PICAL_ccnice,2040,8,interior,16.50521
PICAL_ccnice,2040,9,interior,18.01443
PICAL_ccnice,2040,10,interior,25.26801
PICAL_ccnice,2040,11,interior,40.48159
PICAL_ccnice,2040,12,interior,80.11870
PICAL_ccnice,2041,1,labsea,146.85603
PICAL_ccnice,2041,2,labsea,620.30747
PICAL_ccnice,2041,3,labsea,798.69847
PICAL_ccnice,2041,4,labsea,591.14285
PICAL_ccnice,2041,5,labsea,279.34514
PICAL_ccnice,2041,6,labsea,14.79106
PICAL_ccnice,2041,7,labsea,14.02072
PICAL_ccnice,2041,8,labsea,13.61590
PICAL_ccnice,2041,9,labsea,17.92840
PICAL_ccnice,2041,10,labsea,23.82595
PICAL_ccnice,2041,11,labsea,30.55627
PICAL_ccnice,2041,12,labsea,66.59219
PICAL_ccnice,2041,1,interior,281.87906
PICAL_ccnice,2041,2,interior,878.02494
PICAL_ccnice,2041,3,interior,1176.86946
PICAL_ccnice,2041,4,interior,929.62865
PICAL_ccnice,2041,5,interior,425.08176
PICAL_ccnice,2041,6,interior,15.84876
PICAL_ccnice,2041,7,interior,16.63955
PICAL_ccnice,2041,8,interior,15.98860
PICAL_ccnice,2041,9,interior,19.01326
PICAL_ccnice,2041,10,interior,25.99615
PICAL_ccnice,2041,11,interior,32.12680
PICAL_ccnice,2041,12,interior,85.93625
PICAL_ccnice,2042,1,labsea,168.00848
PICAL_ccnice,2042,2,labsea,663.12095
PICAL_ccnice,2042,3,labsea,1159.39178
PICAL_ccnice,2042,4,labsea,1071.69272
PICAL_ccnice,2042,5,labsea,366.31838
PICAL_ccnice,2042,6,labsea,16.90495
PICAL_ccnice,2042,7,labsea,11.40001
PICAL_ccnice,2042,8,labsea,11.88406
PICAL_ccnice,2042,9,labsea,16.03949
PICAL_ccnice,2042,10,labsea,23.23987
PICAL_ccnice,2042,11,labsea,38.90745
PICAL_ccnice,2042,12,labsea,103.11939
PICAL_ccnice,2042,1,interior,259.60362
PICAL_ccnice,2042,2,interior,1215.07901
PICAL_ccnice,2042,3,interior,1853.52181
PICAL_ccnice,2042,4,interior,1637.32909
PICAL_ccnice,2042,5,interior,580.54993
PICAL_ccnice,2042,6,interior,21.47144
PICAL_ccnice,2042,7,interior,12.85015
PICAL_ccnice,2042,8,interior,13.97266
PICAL_ccnice,2042,9,interior,17.13351
PICAL_ccnice,2042,10,interior,25.92340
PICAL_ccnice,2042,11,interior,44.69778
PICAL_ccnice,2042,12,interior,135.26671
PICAL_ccnice,2043,1,labsea,537.80232
PICAL_ccnice,2043,2,labsea,1102.48142
PICAL_ccnice,2043,3,labsea,1273.04958
PICAL_ccnice,2043,4,labsea,1172.86611
PICAL_ccnice,2043,5,labsea,488.05062
PICAL_ccnice,2043,6,labsea,18.33756
PICAL_ccnice,2043,7,labsea,13.19051
PICAL_ccnice,2043,8,labsea,13.25851
PICAL_ccnice,2043,9,labsea,20.24360
PICAL_ccnice,2043,10,labsea,26.17504
PICAL_ccnice,2043,11,labsea,39.52284
PICAL_ccnice,2043,12,labsea,409.09774
PICAL_ccnice,2043,1,interior,672.16109
PICAL_ccnice,2043,2,interior,1486.31330
PICAL_ccnice,2043,3,interior,1942.54377
PICAL_ccnice,2043,4,interior,1788.27445
PICAL_ccnice,2043,5,interior,736.21252
PICAL_ccnice,2043,6,interior,22.46705
PICAL_ccnice,2043,7,interior,15.34332
PICAL_ccnice,2043,8,interior,15.44293
PICAL_ccnice,2043,9,interior,22.41238
PICAL_ccnice,2043,10,interior,28.98565
PICAL_ccnice,2043,11,interior,53.74261
PICAL_ccnice,2043,12,interior,836.12555
PICAL_ccnice,2044,1,labsea,1318.07476
PICAL_ccnice,2044,2,labsea,1431.00676
PICAL_ccnice,2044,3,labsea,1063.99067
PICAL_ccnice,2044,4,labsea,807.17418
PICAL_ccnice,2044,5,labsea,250.23108
PICAL_ccnice,2044,6,labsea,15.02500
PICAL_ccnice,2044,7,labsea,13.42758
PICAL_ccnice,2044,8,labsea,14.03203
PICAL_ccnice,2044,9,labsea,18.29345
PICAL_ccnice,2044,10,labsea,24.41843
PICAL_ccnice,2044,11,labsea,33.31269
PICAL_ccnice,2044,12,labsea,103.43521
PICAL_ccnice,2044,1,interior,2069.62474
PICAL_ccnice,2044,2,interior,2141.44637
PICAL_ccnice,2044,3,interior,1519.27496
PICAL_ccnice,2044,4,interior,1020.58929
PICAL_ccnice,2044,5,interior,292.82578
PICAL_ccnice,2044,6,interior,16.71789
PICAL_ccnice,2044,7,interior,16.18922
PICAL_ccnice,2044,8,interior,16.94141
PICAL_ccnice,2044,9,interior,22.03719
PICAL_ccnice,2044,10,interior,27.07091
PICAL_ccnice,2044,11,interior,34.82412
PICAL_ccnice,2044,12,interior,113.01224
PICAL_ccnice,2045,1,labsea,588.71601
PICAL_ccnice,2045,2,labsea,766.08287
PICAL_ccnice,2045,3,labsea,836.34886
PICAL_ccnice,2045,4,labsea,690.49046
PICAL_ccnice,2045,5,labsea,441.78081
PICAL_ccnice,2045,6,labsea,16.46420
PICAL_ccnice,2045,7,labsea,14.60101
PICAL_ccnice,2045,8,labsea,16.14244
PICAL_ccnice,2045,9,labsea,20.88145
PICAL_ccnice,2045,10,labsea,25.66974
PICAL_ccnice,2045,11,labsea,40.43963
PICAL_ccnice,2045,12,labsea,72.30753
PICAL_ccnice,2045,1,interior,429.88720
PICAL_ccnice,2045,2,interior,373.69511
PICAL_ccnice,2045,3,interior,525.97500
PICAL_ccnice,2045,4,interior,391.82522
PICAL_ccnice,2045,5,interior,232.91252
PICAL_ccnice,2045,6,interior,18.86308
PICAL_ccnice,2045,7,interior,16.77255
PICAL_ccnice,2045,8,interior,18.72902
PICAL_ccnice,2045,9,interior,24.11074
PICAL_ccnice,2045,10,interior,29.67986
PICAL_ccnice,2045,11,interior,43.78930
PICAL_ccnice,2045,12,interior,73.52253
PICAL_ccnice,2046,1,labsea,456.20181
PICAL_ccnice,2046,2,labsea,927.47218
PICAL_ccnice,2046,3,labsea,953.05235
PICAL_ccnice,2046,4,labsea,646.77985
PICAL_ccnice,2046,5,labsea,321.45051
PICAL_ccnice,2046,6,labsea,16.09823
PICAL_ccnice,2046,7,labsea,10.69409
PICAL_ccnice,2046,8,labsea,12.04450
PICAL_ccnice,2046,9,labsea,14.44118
PICAL_ccnice,2046,10,labsea,23.37827
PICAL_ccnice,2046,11,labsea,32.63578
PICAL_ccnice,2046,12,labsea,107.64302
PICAL_ccnice,2046,1,interior,511.21659
PICAL_ccnice,2046,2,interior,1566.82221
PICAL_ccnice,2046,3,interior,1576.04928
PICAL_ccnice,2046,4,interior,792.70063
PICAL_ccnice,2046,5,interior,332.50578
PICAL_ccnice,2046,6,interior,18.28678
PICAL_ccnice,2046,7,interior,11.52002
PICAL_ccnice,2046,8,interior,12.77422
PICAL_ccnice,2046,9,interior,15.28568
PICAL_ccnice,2046,10,interior,24.27287
PICAL_ccnice,2046,11,interior,34.38625
PICAL_ccnice,2046,12,interior,132.71695
PICAL_ccnice,2047,1,labsea,487.91554
PICAL_ccnice,2047,2,labsea,815.93286
PICAL_ccnice,2047,3,labsea,1014.98315
PICAL_ccnice,2047,4,labsea,1047.99212
PICAL_ccnice,2047,5,labsea,201.35450
PICAL_ccnice,2047,6,labsea,15.47285
PICAL_ccnice,2047,7,labsea,11.77744
PICAL_ccnice,2047,8,labsea,13.36301
PICAL_ccnice,2047,9,labsea,18.19914
PICAL_ccnice,2047,10,labsea,25.90180
PICAL_ccnice,2047,11,labsea,34.79573
PICAL_ccnice,2047,12,labsea,77.17279
PICAL_ccnice,2047,1,interior,691.83226
PICAL_ccnice,2047,2,interior,1456.17865
PICAL_ccnice,2047,3,interior,1855.19668
PICAL_ccnice,2047,4,interior,1976.14331
PICAL_ccnice,2047,5,interior,444.34732
PICAL_ccnice,2047,6,interior,19.04249
PICAL_ccnice,2047,7,interior,13.40200
PICAL_ccnice,2047,8,interior,14.84042
PICAL_ccnice,2047,9,interior,19.14203
PICAL_ccnice,2047,10,interior,27.39192
PICAL_ccnice,2047,11,interior,35.98030
PICAL_ccnice,2047,12,interior,94.82911
PICAL_ccnice,2048,1,labsea,544.64170
PICAL_ccnice,2048,2,labsea,1140.21545
PICAL_ccnice,2048,3,labsea,1100.44505
PICAL_ccnice,2048,4,labsea,917.31494
PICAL_ccnice,2048,5,labsea,423.66768
PICAL_ccnice,2048,6,labsea,23.49119
PICAL_ccnice,2048,7,labsea,12.83152
PICAL_ccnice,2048,8,labsea,15.08290
PICAL_ccnice,2048,9,labsea,19.88986
PICAL_ccnice,2048,10,labsea,28.44062
PICAL_ccnice,2048,11,labsea,39.47709
PICAL_ccnice,2048,12,labsea,276.12561
PICAL_ccnice,2048,1,interior,619.16386
PICAL_ccnice,2048,2,interior,1606.21349
PICAL_ccnice,2048,3,interior,1713.61710
PICAL_ccnice,2048,4,interior,1446.54766
PICAL_ccnice,2048,5,interior,608.31828
PICAL_ccnice,2048,6,interior,20.87663
PICAL_ccnice,2048,7,interior,13.92314
PICAL_ccnice,2048,8,interior,17.69128
PICAL_ccnice,2048,9,interior,22.26572
PICAL_ccnice,2048,10,interior,30.36339
PICAL_ccnice,2048,11,interior,46.92711
PICAL_ccnice,2048,12,interior,358.54711
PICAL_ccnice,2049,1,labsea,974.08283
PICAL_ccnice,2049,2,labsea,1058.86507
PICAL_ccnice,2049,3,labsea,919.98731
PICAL_ccnice,2049,4,labsea,665.30088
PICAL_ccnice,2049,5,labsea,153.09572
PICAL_ccnice,2049,6,labsea,18.28899
PICAL_ccnice,2049,7,labsea,17.10201
PICAL_ccnice,2049,8,labsea,15.01211
PICAL_ccnice,2049,9,labsea,18.76680
PICAL_ccnice,2049,10,labsea,23.72311
PICAL_ccnice,2049,11,labsea,40.31203
PICAL_ccnice,2049,12,labsea,107.32557
PICAL_ccnice,2049,1,interior,1569.04796
PICAL_ccnice,2049,2,interior,1463.39725
PICAL_ccnice,2049,3,interior,1168.62405
PICAL_ccnice,2049,4,interior,812.88256
PICAL_ccnice,2049,5,interior,183.68544
PICAL_ccnice,2049,6,interior,22.00170
PICAL_ccnice,2049,7,interior,20.01643
PICAL_ccnice,2049,8,interior,17.34710
PICAL_ccnice,2049,9,interior,21.12594
PICAL_ccnice,2049,10,interior,27.46336
PICAL_ccnice,2049,11,interior,42.44165
PICAL_ccnice,2049,12,interior,149.44067
PICAL_ccnice,2050,1,labsea,489.15106
PICAL_ccnice,2050,2,labsea,1212.39981
PICAL_ccnice,2050,3,labsea,1030.19591
PICAL_ccnice,2050,4,labsea,716.20923
PICAL_ccnice,2050,5,labsea,262.49837
PICAL_ccnice,2050,6,labsea,19.94498
PICAL_ccnice,2050,7,labsea,12.95134
PICAL_ccnice,2050,8,labsea,13.79131
PICAL_ccnice,2050,9,labsea,17.95554
PICAL_ccnice,2050,10,labsea,29.48732
PICAL_ccnice,2050,11,labsea,74.22566
PICAL_ccnice,2050,12,labsea,702.18451
PICAL_ccnice,2050,1,interior,762.44263
PICAL_ccnice,2050,2,interior,1963.18165
PICAL_ccnice,2050,3,interior,1511.13936
PICAL_ccnice,2050,4,interior,1129.68742
PICAL_ccnice,2050,5,interior,353.99269
PICAL_ccnice,2050,6,interior,24.08406
PICAL_ccnice,2050,7,interior,14.77860
PICAL_ccnice,2050,8,interior,16.31530
PICAL_ccnice,2050,9,interior,21.57710
PICAL_ccnice,2050,10,interior,34.76643
PICAL_ccnice,2050,11,interior,71.61579
PICAL_ccnice,2050,12,interior,796.55153
PICAL_ccnice,2051,1,labsea,1031.56017
PICAL_ccnice,2051,2,labsea,1123.40168
PICAL_ccnice,2051,3,labsea,1201.01805
PICAL_ccnice,2051,4,labsea,1014.91254
PICAL_ccnice,2051,5,labsea,573.37154
PICAL_ccnice,2051,6,labsea,12.66735
PICAL_ccnice,2051,7,labsea,11.36013
PICAL_ccnice,2051,8,labsea,13.56374
PICAL_ccnice,2051,9,labsea,19.57099
PICAL_ccnice,2051,10,labsea,28.41350
PICAL_ccnice,2051,11,labsea,38.29845
PICAL_ccnice,2051,12,labsea,224.31454
PICAL_ccnice,2051,1,interior,1438.23514
PICAL_ccnice,2051,2,interior,1659.65515
PICAL_ccnice,2051,3,interior,1745.11091
PICAL_ccnice,2051,4,interior,1405.90821
PICAL_ccnice,2051,5,interior,801.75560
PICAL_ccnice,2051,6,interior,14.90802
PICAL_ccnice,2051,7,interior,12.91446
PICAL_ccnice,2051,8,interior,15.69522
PICAL_ccnice,2051,9,interior,21.01479
PICAL_ccnice,2051,10,interior,31.68344
PICAL_ccnice,2051,11,interior,41.68972
PICAL_ccnice,2051,12,interior,223.61154
PICAL_ccnice,2052,1,labsea,765.70474
PICAL_ccnice,2052,2,labsea,817.06324
PICAL_ccnice,2052,3,labsea,644.80555
PICAL_ccnice,2052,4,labsea,504.89982
PICAL_ccnice,2052,5,labsea,131.03378
PICAL_ccnice,2052,6,labsea,13.63145
PICAL_ccnice,2052,7,labsea,13.63927
PICAL_ccnice,2052,8,labsea,14.45104
PICAL_ccnice,2052,9,labsea,18.43107
PICAL_ccnice,2052,10,labsea,24.11367
PICAL_ccnice,2052,11,labsea,41.36873
PICAL_ccnice,2052,12,labsea,180.88324
PICAL_ccnice,2052,1,interior,1146.97124
PICAL_ccnice,2052,2,interior,1129.84142
PICAL_ccnice,2052,3,interior,806.53236
PICAL_ccnice,2052,4,interior,543.36720
PICAL_ccnice,2052,5,interior,161.44690
PICAL_ccnice,2052,6,interior,16.68670
PICAL_ccnice,2052,7,interior,15.42464
PICAL_ccnice,2052,8,interior,15.97871
PICAL_ccnice,2052,9,interior,20.56370
PICAL_ccnice,2052,10,interior,26.61229
PICAL_ccnice,2052,11,interior,45.60253
PICAL_ccnice,2052,12,interior,218.52029
PICAL_ccnice,2053,1,labsea,669.70396
PICAL_ccnice,2053,2,labsea,1104.94876
PICAL_ccnice,2053,3,labsea,1033.97300
PICAL_ccnice,2053,4,labsea,871.37158
PICAL_ccnice,2053,5,labsea,343.65155
PICAL_ccnice,2053,6,labsea,18.39616
PICAL_ccnice,2053,7,labsea,12.72137
PICAL_ccnice,2053,8,labsea,14.93941
PICAL_ccnice,2053,9,labsea,18.31789
PICAL_ccnice,2053,10,labsea,27.05372
PICAL_ccnice,2053,11,labsea,42.00669
PICAL_ccnice,2053,12,labsea,299.35333
PICAL_ccnice,2053,1,interior,1092.77145
PICAL_ccnice,2053,2,interior,1945.70965
PICAL_ccnice,2053,3,interior,1855.81036
PICAL_ccnice,2053,4,interior,1670.06013
PICAL_ccnice,2053,5,interior,740.51451
PICAL_ccnice,2053,6,interior,28.21979
PICAL_ccnice,2053,7,interior,14.49281
PICAL_ccnice,2053,8,interior,17.53229
PICAL_ccnice,2053,9,interior,19.94217
PICAL_ccnice,2053,10,interior,32.54654
PICAL_ccnice,2053,11,interior,50.48775
PICAL_ccnice,2053,12,interior,466.35528
PICAL_ccnice,2054,1,labsea,1131.85952
PICAL_ccnice,2054,2,labsea,1275.17111
PICAL_ccnice,2054,3,labsea,1365.09144
PICAL_ccnice,2054,4,labsea,905.87083
PICAL_ccnice,2054,5,labsea,493.05950
PICAL_ccnice,2054,6,labsea,18.26373
PICAL_ccnice,2054,7,labsea,15.68936
PICAL_ccnice,2054,8,labsea,15.44664
PICAL_ccnice,2054,9,labsea,20.40786
PICAL_ccnice,2054,10,labsea,29.93081
PICAL_ccnice,2054,11,labsea,47.82714
PICAL_ccnice,2054,12,labsea,210.69696
PICAL_ccnice,2054,1,interior,2008.55999
PICAL_ccnice,2054,2,interior,2215.55100
PICAL_ccnice,2054,3,interior,2194.89515
PICAL_ccnice,2054,4,interior,1338.68507
PICAL_ccnice,2054,5,interior,798.40654
PICAL_ccnice,2054,6,interior,22.47573
PICAL_ccnice,2054,7,interior,18.61849
PICAL_ccnice,2054,8,interior,17.89797
PICAL_ccnice,2054,9,interior,23.11231
PICAL_ccnice,2054,10,interior,34.34291
PICAL_ccnice,2054,11,interior,58.12556
PICAL_ccnice,2054,12,interior,288.34938
PICAL_ccnice,2055,1,labsea,1204.36424
PICAL_ccnice,2055,2,labsea,1222.68750
PICAL_ccnice,2055,3,labsea,1049.97522
PICAL_ccnice,2055,4,labsea,965.18558
PICAL_ccnice,2055,5,labsea,448.61997
PICAL_ccnice,2055,6,labsea,22.99943
PICAL_ccnice,2055,7,labsea,13.75041
PICAL_ccnice,2055,8,labsea,14.51074
PICAL_ccnice,2055,9,labsea,20.02118
PICAL_ccnice,2055,10,labsea,26.31474
PICAL_ccnice,2055,11,labsea,39.67697
PICAL_ccnice,2055,12,labsea,182.77813
PICAL_ccnice,2055,1,interior,1696.44752
PICAL_ccnice,2055,2,interior,1882.45223
PICAL_ccnice,2055,3,interior,1599.86313
PICAL_ccnice,2055,4,interior,1635.56706
PICAL_ccnice,2055,5,interior,701.96919
PICAL_ccnice,2055,6,interior,25.85066
PICAL_ccnice,2055,7,interior,14.73007
PICAL_ccnice,2055,8,interior,16.02250
PICAL_ccnice,2055,9,interior,21.91564
PICAL_ccnice,2055,10,interior,30.25493
PICAL_ccnice,2055,11,interior,46.37392
PICAL_ccnice,2055,12,interior,165.67626
PICAL_ccnice,2056,1,labsea,848.93753
PICAL_ccnice,2056,2,labsea,964.71937
PICAL_ccnice,2056,3,labsea,828.07057
PICAL_ccnice,2056,4,labsea,696.96499
PICAL_ccnice,2056,5,labsea,372.88375
PICAL_ccnice,2056,6,labsea,18.95831
PICAL_ccnice,2056,7,labsea,13.75493
PICAL_ccnice,2056,8,labsea,13.61504
PICAL_ccnice,2056,9,labsea,18.33149
PICAL_ccnice,2056,10,labsea,25.99479
PICAL_ccnice,2056,11,labsea,35.82532
PICAL_ccnice,2056,12,labsea,104.99036
PICAL_ccnice,2056,1,interior,1032.72659
PICAL_ccnice,2056,2,interior,1178.27847
PICAL_ccnice,2056,3,interior,774.19429
PICAL_ccnice,2056,4,interior,507.98537
PICAL_ccnice,2056,5,interior,196.64657
PICAL_ccnice,2056,6,interior,21.30681
PICAL_ccnice,2056,7,interior,15.70310
PICAL_ccnice,2056,8,interior,15.81705
PICAL_ccnice,2056,9,interior,20.12485
PICAL_ccnice,2056,10,interior,29.41340
PICAL_ccnice,2056,11,interior,38.85605
PICAL_ccnice,2056,12,interior,107.76495
PICAL_ccnice,2057,1,labsea,330.22005
PICAL_ccnice,2057,2,labsea,724.36111
PICAL_ccnice,2057,3,labsea,924.02484
PICAL_ccnice,2057,4,labsea,850.61926
PICAL_ccnice,2057,5,labsea,224.02351
PICAL_ccnice,2057,6,labsea,18.03422
PICAL_ccnice,2057,7,labsea,12.81559
PICAL_ccnice,2057,8,labsea,13.27092
PICAL_ccnice,2057,9,labsea,15.77298
PICAL_ccnice,2057,10,labsea,22.63125
PICAL_ccnice,2057,11,labsea,33.12089
PICAL_ccnice,2057,12,labsea,78.31996
PICAL_ccnice,2057,1,interior,403.88282
PICAL_ccnice,2057,2,interior,1280.98030
PICAL_ccnice,2057,3,interior,1752.80895
PICAL_ccnice,2057,4,interior,1580.96478
PICAL_ccnice,2057,5,interior,496.82219
PICAL_ccnice,2057,6,interior,22.34967
PICAL_ccnice,2057,7,interior,14.41694
PICAL_ccnice,2057,8,interior,15.03842
PICAL_ccnice,2057,9,interior,16.75211
PICAL_ccnice,2057,10,interior,23.54109
PICAL_ccnice,2057,11,interior,37.97616
PICAL_ccnice,2057,12,interior,110.30284
PICAL_ccnice,2058,1,labsea,637.87778
PICAL_ccnice,2058,2,labsea,1062.49333
PICAL_ccnice,2058,3,labsea,985.26548
PICAL_ccnice,2058,4,labsea,806.39584
PICAL_ccnice,2058,5,labsea,247.15392
PICAL_ccnice,2058,6,labsea,19.02158
PICAL_ccnice,2058,7,labsea,13.80191
PICAL_ccnice,2058,8,labsea,16.46660
PICAL_ccnice,2058,9,labsea,20.86233
PICAL_ccnice,2058,10,labsea,30.26203
PICAL_ccnice,2058,11,labsea,49.80842
PICAL_ccnice,2058,12,labsea,99.41582
PICAL_ccnice,2058,1,interior,1028.89160
PICAL_ccnice,2058,2,interior,1544.83896
PICAL_ccnice,2058,3,interior,1387.76705
PICAL_ccnice,2058,4,interior,981.63834
PICAL_ccnice,2058,5,interior,178.56566
PICAL_ccnice,2058,6,interior,21.17982
PICAL_ccnice,2058,7,interior,15.37911
PICAL_ccnice,2058,8,interior,17.46756
PICAL_ccnice,2058,9,interior,23.15539
PICAL_ccnice,2058,10,interior,34.90120
PICAL_ccnice,2058,11,interior,63.44016
PICAL_ccnice,2058,12,interior,154.27629
PICAL_ccnice,2059,1,labsea,716.82806
PICAL_ccnice,2059,2,labsea,893.30019
PICAL_ccnice,2059,3,labsea,856.69984
PICAL_ccnice,2059,4,labsea,377.55765
PICAL_ccnice,2059,5,labsea,46.61375
PICAL_ccnice,2059,6,labsea,17.17372
PICAL_ccnice,2059,7,labsea,15.88710
PICAL_ccnice,2059,8,labsea,15.70382
PICAL_ccnice,2059,9,labsea,17.56077
PICAL_ccnice,2059,10,labsea,25.11649
PICAL_ccnice,2059,11,labsea,36.42517
PICAL_ccnice,2059,12,labsea,80.66206
PICAL_ccnice,2059,1,interior,1148.31808
PICAL_ccnice,2059,2,interior,1429.13465
PICAL_ccnice,2059,3,interior,1301.77811
PICAL_ccnice,2059,4,interior,471.53135
PICAL_ccnice,2059,5,interior,58.58043
PICAL_ccnice,2059,6,interior,21.13229
PICAL_ccnice,2059,7,interior,19.27494
PICAL_ccnice,2059,8,interior,17.91237
PICAL_ccnice,2059,9,interior,19.55794
PICAL_ccnice,2059,10,interior,27.61436
PICAL_ccnice,2059,11,interior,39.89671
PICAL_ccnice,2059,12,interior,104.68778
PICAL_ccnice,2060,1,labsea,707.93967
PICAL_ccnice,2060,2,labsea,935.00804
PICAL_ccnice,2060,3,labsea,906.98432
PICAL_ccnice,2060,4,labsea,704.78835
PICAL_ccnice,2060,5,labsea,306.67944
PICAL_ccnice,2060,6,labsea,26.27363
PICAL_ccnice,2060,7,labsea,12.08445
PICAL_ccnice,2060,8,labsea,13.98966
PICAL_ccnice,2060,9,labsea,21.33815
PICAL_ccnice,2060,10,labsea,34.64936
PICAL_ccnice,2060,11,labsea,53.17856
PICAL_ccnice,2060,12,labsea,126.46956
PICAL_ccnice,2060,1,interior,1021.10038
PICAL_ccnice,2060,2,interior,1002.09906
PICAL_ccnice,2060,3,interior,940.82704
PICAL_ccnice,2060,4,interior,760.40039
PICAL_ccnice,2060,5,interior,343.12957
PICAL_ccnice,2060,6,interior,39.70822
PICAL_ccnice,2060,7,interior,14.59799
PICAL_ccnice,2060,8,interior,15.20911
PICAL_ccnice,2060,9,interior,24.64833
PICAL_ccnice,2060,10,interior,41.45039
PICAL_ccnice,2060,11,interior,64.98902
PICAL_ccnice,2060,12,interior,208.13627
PICAL_ccnice,2061,1,labsea,711.63750
PICAL_ccnice,2061,2,labsea,1026.61040
PICAL_ccnice,2061,3,labsea,1121.83129
PICAL_ccnice,2061,4,labsea,754.74204
PICAL_ccnice,2061,5,labsea,127.67581
PICAL_ccnice,2061,6,labsea,18.27515
PICAL_ccnice,2061,7,labsea,14.87628
PICAL_ccnice,2061,8,labsea,17.89670
PICAL_ccnice,2061,9,labsea,20.88076
PICAL_ccnice,2061,10,labsea,28.60799
PICAL_ccnice,2061,11,labsea,45.67905
PICAL_ccnice,2061,12,labsea,114.30483
PICAL_ccnice,2061,1,interior,1276.13628
PICAL_ccnice,2061,2,interior,1454.02419
PICAL_ccnice,2061,3,interior,1593.16151
PICAL_ccnice,2061,4,interior,1096.75100
PICAL_ccnice,2061,5,interior,167.30571
PICAL_ccnice,2061,6,interior,23.41914
PICAL_ccnice,2061,7,interior,17.02438
PICAL_ccnice,2061,8,interior,22.23765
PICAL_ccnice,2061,9,interior,24.47745
PICAL_ccnice,2061,10,interior,33.41839
PICAL_ccnice,2061,11,interior,55.62307
PICAL_ccnice,2061,12,interior,176.79141
PICAL_ccnice,2062,1,labsea,826.07163
PICAL_ccnice,2062,2,labsea,1025.70154
PICAL_ccnice,2062,3,labsea,837.52815
PICAL_ccnice,2062,4,labsea,707.52363
PICAL_ccnice,2062,5,labsea,211.66219
PICAL_ccnice,2062,6,labsea,20.51292
PICAL_ccnice,2062,7,labsea,14.67954
PICAL_ccnice,2062,8,labsea,15.63435
PICAL_ccnice,2062,9,labsea,19.50926
PICAL_ccnice,2062,10,labsea,29.67665
PICAL_ccnice,2062,11,labsea,50.65755
PICAL_ccnice,2062,12,labsea,85.60209
PICAL_ccnice,2062,1,interior,1385.45795
PICAL_ccnice,2062,2,interior,1502.96930
PICAL_ccnice,2062,3,interior,1027.42096
PICAL_ccnice,2062,4,interior,911.08009
PICAL_ccnice,2062,5,interior,202.98878
PICAL_ccnice,2062,6,interior,22.91291
PICAL_ccnice,2062,7,interior,17.62631
PICAL_ccnice,2062,8,interior,19.71974
PICAL_ccnice,2062,9,interior,23.38317
PICAL_ccnice,2062,10,interior,33.18140
PICAL_ccnice,2062,11,interior,58.74280
PICAL_ccnice,2062,12,interior,123.55345
PICAL_ccnice,2063,1,labsea,439.10726
PICAL_ccnice,2063,2,labsea,1134.98173
PICAL_ccnice,2063,3,labsea,1105.50438
PICAL_ccnice,2063,4,labsea,882.31940
PICAL_ccnice,2063,5,labsea,226.19597
PICAL_ccnice,2063,6,labsea,21.87190
PICAL_ccnice,2063,7,labsea,14.02674
PICAL_ccnice,2063,8,labsea,15.00428
PICAL_ccnice,2063,9,labsea,20.37005
PICAL_ccnice,2063,10,labsea,28.17470
PICAL_ccnice,2063,11,labsea,51.83335
PICAL_ccnice,2063,12,labsea,150.22066
PICAL_ccnice,2063,1,interior,730.43714
PICAL_ccnice,2063,2,interior,1751.29413
PICAL_ccnice,2063,3,interior,1494.11676
PICAL_ccnice,2063,4,interior,1057.68473
PICAL_ccnice,2063,5,interior,247.98784
PICAL_ccnice,2063,6,interior,26.40723
PICAL_ccnice,2063,7,interior,16.44099
PICAL_ccnice,2063,8,interior,17.33222
PICAL_ccnice,2063,9,interior,24.71651
PICAL_ccnice,2063,10,interior,33.33881
PICAL_ccnice,2063,11,interior,62.09747
PICAL_ccnice,2063,12,interior,209.30486
PICAL_ccnice,2064,1,labsea,1020.46705
PICAL_ccnice,2064,2,labsea,1170.08233
PICAL_ccnice,2064,3,labsea,1018.00201
PICAL_ccnice,2064,4,labsea,668.67638
PICAL_ccnice,2064,5,labsea,119.54812
PICAL_ccnice,2064,6,labsea,19.18482
PICAL_ccnice,2064,7,labsea,14.81114
PICAL_ccnice,2064,8,labsea,15.08813
PICAL_ccnice,2064,9,labsea,22.72233
PICAL_ccnice,2064,10,labsea,30.06394
PICAL_ccnice,2064,11,labsea,53.65736
PICAL_ccnice,2064,12,labsea,88.10218
PICAL_ccnice,2064,1,interior,1538.76501
PICAL_ccnice,2064,2,interior,1672.43136
PICAL_ccnice,2064,3,interior,1569.09102
PICAL_ccnice,2064,4,interior,1092.72454
PICAL_ccnice,2064,5,interior,228.45542
PICAL_ccnice,2064,6,interior,25.33999
PICAL_ccnice,2064,7,interior,19.15370
PICAL_ccnice,2064,8,interior,19.38432
PICAL_ccnice,2064,9,interior,28.66212
PICAL_ccnice,2064,10,interior,35.91817
PICAL_ccnice,2064,11,interior,68.58559
PICAL_ccnice,2064,12,interior,122.71141
PICAL_ccnice,2065,1,labsea,273.68482
PICAL_ccnice,2065,2,labsea,982.02679
PICAL_ccnice,2065,3,labsea,1049.19879
PICAL_ccnice,2065,4,labsea,844.24739
PICAL_ccnice,2065,5,labsea,264.90482
PICAL_ccnice,2065,6,labsea,20.02560
PICAL_ccnice,2065,7,labsea,11.35391
PICAL_ccnice,2065,8,labsea,11.00936
PICAL_ccnice,2065,9,labsea,16.93712
PICAL_ccnice,2065,10,labsea,25.89567
PICAL_ccnice,2065,11,labsea,37.88974
PICAL_ccnice,2065,12,labsea,89.83343
PICAL_ccnice,2065,1,interior,417.85534
PICAL_ccnice,2065,2,interior,1455.15267
PICAL_ccnice,2065,3,interior,1725.63249
PICAL_ccnice,2065,4,interior,1534.97227
PICAL_ccnice,2065,5,interior,523.48697
PICAL_ccnice,2065,6,interior,27.83486
PICAL_ccnice,2065,7,interior,11.60262
PICAL_ccnice,2065,8,interior,13.43807
PICAL_ccnice,2065,9,interior,20.26391
PICAL_ccnice,2065,10,interior,31.10613
PICAL_ccnice,2065,11,interior,45.40691
PICAL_ccnice,2065,12,interior,117.27998
PICAL_ccnice,2066,1,labsea,683.44887
PICAL_ccnice,2066,2,labsea,1132.99120
PICAL_ccnice,2066,3,labsea,1080.39695
PICAL_ccnice,2066,4,labsea,1057.23587
PICAL_ccnice,2066,5,labsea,456.37326
PICAL_ccnice,2066,6,labsea,35.67655
PICAL_ccnice,2066,7,labsea,14.55977
PICAL_ccnice,2066,8,labsea,13.62314
PICAL_ccnice,2066,9,labsea,19.86916
PICAL_ccnice,2066,10,labsea,28.39610
PICAL_ccnice,2066,11,labsea,41.87218
PICAL_ccnice,2066,12,labsea,74.40149
PICAL_ccnice,2066,1,interior,997.14152
PICAL_ccnice,2066,2,interior,1788.61570
PICAL_ccnice,2066,3,interior,1603.62283
PICAL_ccnice,2066,4,interior,1622.45551
PICAL_ccnice,2066,5,interior,742.86371
PICAL_ccnice,2066,6,interior,38.96069
PICAL_ccnice,2066,7,interior,16.64065
PICAL_ccnice,2066,8,interior,15.91438
PICAL_ccnice,2066,9,interior,22.68759
PICAL_ccnice,2066,10,interior,32.08134
PICAL_ccnice,2066,11,interior,46.24172
PICAL_ccnice,2066,12,interior,98.51784
PICAL_ccnice,2067,1,labsea,716.47004
PICAL_ccnice,2067,2,labsea,1162.30679
PICAL_ccnice,2067,3,labsea,951.43727
PICAL_ccnice,2067,4,labsea,844.91209
PICAL_ccnice,2067,5,labsea,309.65739
PICAL_ccnice,2067,6,labsea,18.72319
PICAL_ccnice,2067,7,labsea,14.80598
PICAL_ccnice,2067,8,labsea,14.33860
PICAL_ccnice,2067,9,labsea,19.44130
PICAL_ccnice,2067,10,labsea,25.41073
PICAL_ccnice,2067,11,labsea,40.69290
PICAL_ccnice,2067,12,labsea,77.10671
PICAL_ccnice,2067,1,interior,1078.55142
PICAL_ccnice,2067,2,interior,1722.32444
PICAL_ccnice,2067,3,interior,1428.69489
PICAL_ccnice,2067,4,interior,1453.50493
PICAL_ccnice,2067,5,interior,549.01196
PICAL_ccnice,2067,6,interior,24.15691
PICAL_ccnice,2067,7,interior,16.99010
PICAL_ccnice,2067,8,interior,16.41119
PICAL_ccnice,2067,9,interior,22.64192
PICAL_ccnice,2067,10,interior,28.62327
PICAL_ccnice,2067,11,interior,44.95168
PICAL_ccnice,2067,12,interior,118.57068
PICAL_ccnice,2068,1,labsea,467.92795
PICAL_ccnice,2068,2,labsea,1063.67470
PICAL_ccnice,2068,3,labsea,1127.82544
PICAL_ccnice,2068,4,labsea,879.10279
PICAL_ccnice,2068,5,labsea,282.72410
PICAL_ccnice,2068,6,labsea,16.95991
PICAL_ccnice,2068,7,labsea,9.76537
PICAL_ccnice,2068,8,labsea,11.82050
PICAL_ccnice,2068,9,labsea,17.31891
PICAL_ccnice,2068,10,labsea,24.20600
PICAL_ccnice,2068,11,labsea,33.86898
PICAL_ccnice,2068,12,labsea,67.26407
PICAL_ccnice,2068,1,interior,1088.26285
PICAL_ccnice,2068,2,interior,1925.58564
PICAL_ccnice,2068,3,interior,1887.66803
PICAL_ccnice,2068,4,interior,1480.77817
PICAL_ccnice,2068,5,interior,426.72802
PICAL_ccnice,2068,6,interior,22.59627
PICAL_ccnice,2068,7,interior,10.60474
PICAL_ccnice,2068,8,interior,13.93343
PICAL_ccnice,2068,9,interior,20.57516
PICAL_ccnice,2068,10,interior,29.54191
PICAL_ccnice,2068,11,interior,40.12180
PICAL_ccnice,2068,12,interior,98.48245
PICAL_ccnice,2069,1,labsea,510.90682
PICAL_ccnice,2069,2,labsea,1135.52486
PICAL_ccnice,2069,3,labsea,1162.30299
PICAL_ccnice,2069,4,labsea,803.94819
PICAL_ccnice,2069,5,labsea,387.08226
PICAL_ccnice,2069,6,labsea,19.16202
PICAL_ccnice,2069,7,labsea,10.46607
PICAL_ccnice,2069,8,labsea,13.38753
PICAL_ccnice,2069,9,labsea,20.98722
PICAL_ccnice,2069,10,labsea,33.69058
PICAL_ccnice,2069,11,labsea,58.07785
PICAL_ccnice,2069,12,labsea,143.48320
PICAL_ccnice,2069,1,interior,723.93137
PICAL_ccnice,2069,2,interior,1687.12352
PICAL_ccnice,2069,3,interior,1566.83254
PICAL_ccnice,2069,4,interior,1108.68714
PICAL_ccnice,2069,5,interior,447.52104
PICAL_ccnice,2069,6,interior,26.18620
PICAL_ccnice,2069,7,interior,11.39394
PICAL_ccnice,2069,8,interior,16.61569
PICAL_ccnice,2069,9,interior,24.37429
PICAL_ccnice,2069,10,interior,37.89188
PICAL_ccnice,2069,11,interior,81.73605
PICAL_ccnice,2069,12,interior,233.06793
PICAL_ccnice,2070,1,labsea,944.36092
PICAL_ccnice,2070,2,labsea,1222.29932
PICAL_ccnice,2070,3,labsea,1032.35149
PICAL_ccnice,2070,4,labsea,865.00100
PICAL_ccnice,2070,5,labsea,218.19787
PICAL_ccnice,2070,6,labsea,13.43514
PICAL_ccnice,2070,7,labsea,8.41187
PICAL_ccnice,2070,8,labsea,10.94483
PICAL_ccnice,2070,9,labsea,19.07911
PICAL_ccnice,2070,10,labsea,29.84523
PICAL_ccnice,2070,11,labsea,54.39768
PICAL_ccnice,2070,12,labsea,704.55632
PICAL_ccnice,2070,1,interior,1501.72889
PICAL_ccnice,2070,2,interior,1831.37241
PICAL_ccnice,2070,3,interior,1509.81994
PICAL_ccnice,2070,4,interior,1342.18214
PICAL_ccnice,2070,5,interior,368.87057
PICAL_ccnice,2070,6,interior,15.44569
PICAL_ccnice,2070,7,interior,8.76836
PICAL_ccnice,2070,8,interior,13.00653
PICAL_ccnice,2070,9,interior,23.20380
PICAL_ccnice,2070,10,interior,36.70195
PICAL_ccnice,2070,11,interior,66.59001
PICAL_ccnice,2070,12,interior,946.78323
PICAL_ccnice,2071,1,labsea,850.35198
PICAL_ccnice,2071,2,labsea,720.80615
PICAL_ccnice,2071,3,labsea,699.06871
PICAL_ccnice,2071,4,labsea,335.31458
PICAL_ccnice,2071,5,labsea,133.90623
PICAL_ccnice,2071,6,labsea,15.22811
PICAL_ccnice,2071,7,labsea,12.82432
PICAL_ccnice,2071,8,labsea,10.46958
PICAL_ccnice,2071,9,labsea,17.92724
PICAL_ccnice,2071,10,labsea,27.12361
PICAL_ccnice,2071,11,labsea,41.48115
PICAL_ccnice,2071,12,labsea,92.53586
PICAL_ccnice,2071,1,interior,1055.12474
PICAL_ccnice,2071,2,interior,641.11733
PICAL_ccnice,2071,3,interior,272.20919
PICAL_ccnice,2071,4,interior,60.27494
PICAL_ccnice,2071,5,interior,44.64137
PICAL_ccnice,2071,6,interior,17.54259
PICAL_ccnice,2071,7,interior,15.53764
PICAL_ccnice,2071,8,interior,11.09127
PICAL_ccnice,2071,9,interior,21.57318
PICAL_ccnice,2071,10,interior,31.88886
PICAL_ccnice,2071,11,interior,47.99810
PICAL_ccnice,2071,12,interior,106.77620
PICAL_ccnice,2072,1,labsea,461.23153
PICAL_ccnice,2072,2,labsea,963.78177
PICAL_ccnice,2072,3,labsea,953.10228
PICAL_ccnice,2072,4,labsea,730.92119
PICAL_ccnice,2072,5,labsea,160.28175
PICAL_ccnice,2072,6,labsea,20.58724
PICAL_ccnice,2072,7,labsea,13.05420
PICAL_ccnice,2072,8,labsea,13.12088
PICAL_ccnice,2072,9,labsea,18.44283
PICAL_ccnice,2072,10,labsea,31.08346
PICAL_ccnice,2072,11,labsea,41.00466
PICAL_ccnice,2072,12,labsea,76.42262
PICAL_ccnice,2072,1,interior,620.66996
PICAL_ccnice,2072,2,interior,1706.72455
PICAL_ccnice,2072,3,interior,1785.07391
PICAL_ccnice,2072,4,interior,1381.39590
PICAL_ccnice,2072,5,interior,307.05112
PICAL_ccnice,2072,6,interior,27.99730
PICAL_ccnice,2072,7,interior,16.63736
PICAL_ccnice,2072,8,interior,15.33809
PICAL_ccnice,2072,9,interior,21.12151
PICAL_ccnice,2072,10,interior,37.58089
PICAL_ccnice,2072,11,interior,49.02728
PICAL_ccnice,2072,12,interior,106.23417
PICAL_ccnice,2073,1,labsea,732.66789
PICAL_ccnice,2073,2,labsea,1198.93654
PICAL_ccnice,2073,3,labsea,1311.80662
PICAL_ccnice,2073,4,labsea,1049.58657
PICAL_ccnice,2073,5,labsea,676.99381
PICAL_ccnice,2073,6,labsea,28.06504
PICAL_ccnice,2073,7,labsea,11.98205
PICAL_ccnice,2073,8,labsea,11.39088
PICAL_ccnice,2073,9,labsea,15.21501
PICAL_ccnice,2073,10,labsea,26.15323
PICAL_ccnice,2073,11,labsea,44.64586
PICAL_ccnice,2073,12,labsea,338.81564
PICAL_ccnice,2073,1,interior,1219.86676
PICAL_ccnice,2073,2,interior,1781.18292
PICAL_ccnice,2073,3,interior,2001.92296
PICAL_ccnice,2073,4,interior,1510.32175
PICAL_ccnice,2073,5,interior,968.40137
PICAL_ccnice,2073,6,interior,49.37330
PICAL_ccnice,2073,7,interior,13.67389
PICAL_ccnice,2073,8,interior,12.54083
PICAL_ccnice,2073,9,interior,17.58561
PICAL_ccnice,2073,10,interior,28.50472
PICAL_ccnice,2073,11,interior,57.44178
PICAL_ccnice,2073,12,interior,667.75416
PICAL_ccnice,2074,1,labsea,962.74993
PICAL_ccnice,2074,2,labsea,1022.61597
PICAL_ccnice,2074,3,labsea,752.96463
PICAL_ccnice,2074,4,labsea,554.30747
PICAL_ccnice,2074,5,labsea,110.15586
PICAL_ccnice,2074,6,labsea,20.51460
PICAL_ccnice,2074,7,labsea,15.59903
PICAL_ccnice,2074,8,labsea,14.47964
PICAL_ccnice,2074,9,labsea,20.35797
PICAL_ccnice,2074,10,labsea,27.59980
PICAL_ccnice,2074,11,labsea,45.20924
PICAL_ccnice,2074,12,labsea,106.63299
PICAL_ccnice,2074,1,interior,1302.29479
PICAL_ccnice,2074,2,interior,1319.81431
PICAL_ccnice,2074,3,interior,1012.60485
PICAL_ccnice,2074,4,interior,704.76930
PICAL_ccnice,2074,5,interior,85.80649
PICAL_ccnice,2074,6,interior,24.51880
PICAL_ccnice,2074,7,interior,20.25147
PICAL_ccnice,2074,8,interior,18.12108
PICAL_ccnice,2074,9,interior,24.62712
PICAL_ccnice,2074,10,interior,31.41860
PICAL_ccnice,2074,11,interior,50.92851
PICAL_ccnice,2074,12,interior,160.31120
PICAL_ccnice,2075,1,labsea,451.21859
PICAL_ccnice,2075,2,labsea,1035.95343
PICAL_ccnice,2075,3,labsea,989.45742
PICAL_ccnice,2075,4,labsea,680.35972
PICAL_ccnice,2075,5,labsea,329.31796
PICAL_ccnice,2075,6,labsea,20.51970
PICAL_ccnice,2075,7,labsea,11.27648
PICAL_ccnice,2075,8,labsea,16.76129
PICAL_ccnice,2075,9,labsea,24.07519
PICAL_ccnice,2075,10,labsea,31.11546
PICAL_ccnice,2075,11,labsea,44.49075
PICAL_ccnice,2075,12,labsea,78.47348
PICAL_ccnice,2075,1,interior,758.79678
PICAL_ccnice,2075,2,interior,1870.83896
PICAL_ccnice,2075,3,interior,1653.11156
PICAL_ccnice,2075,4,interior,1167.74296
PICAL_ccnice,2075,5,interior,607.34536
PICAL_ccnice,2075,6,interior,25.66657
PICAL_ccnice,2075,7,interior,12.59484
PICAL_ccnice,2075,8,interior,21.50077
PICAL_ccnice,2075,9,interior,30.30226
PICAL_ccnice,2075,10,interior,38.49360
PICAL_ccnice,2075,11,interior,52.52032
PICAL_ccnice,2075,12,interior,97.85181
PICAL_ccnice,2076,1,labsea,168.41913
PICAL_ccnice,2076,2,labsea,820.74323
PICAL_ccnice,2076,3,labsea,819.54735
PICAL_ccnice,2076,4,labsea,663.26645
PICAL_ccnice,2076,5,labsea,257.68075
PICAL_ccnice,2076,6,labsea,15.18323
PICAL_ccnice,2076,7,labsea,11.21015
PICAL_ccnice,2076,8,labsea,15.89994
PICAL_ccnice,2076,9,labsea,20.81055
PICAL_ccnice,2076,10,labsea,28.82148
PICAL_ccnice,2076,11,labsea,45.80467
PICAL_ccnice,2076,12,labsea,94.67190
PICAL_ccnice,2076,1,interior,254.27388
PICAL_ccnice,2076,2,interior,1429.52960
PICAL_ccnice,2076,3,interior,1512.04983
PICAL_ccnice,2076,4,interior,1194.70851
PICAL_ccnice,2076,5,interior,500.09716
PICAL_ccnice,2076,6,interior,19.24283
PICAL_ccnice,2076,7,interior,12.65490
PICAL_ccnice,2076,8,interior,18.52958
PICAL_ccnice,2076,9,interior,24.43668
PICAL_ccnice,2076,10,interior,31.58860
PICAL_ccnice,2076,11,interior,50.30951
PICAL_ccnice,2076,12,interior,138.08167
PICAL_ccnice,2077,1,labsea,134.76881
PICAL_ccnice,2077,2,labsea,478.86356
PICAL_ccnice,2077,3,labsea,911.06109
PICAL_ccnice,2077,4,labsea,813.72110
PICAL_ccnice,2077,5,labsea,152.19663
PICAL_ccnice,2077,6,labsea,16.04767
PICAL_ccnice,2077,7,labsea,12.79187
PICAL_ccnice,2077,8,labsea,10.74190
PICAL_ccnice,2077,9,labsea,16.88394
PICAL_ccnice,2077,10,labsea,26.52988
PICAL_ccnice,2077,11,labsea,34.90593
PICAL_ccnice,2077,12,labsea,68.68049
PICAL_ccnice,2077,1,interior,225.48275
PICAL_ccnice,2077,2,interior,949.59416
PICAL_ccnice,2077,3,interior,1625.44813
PICAL_ccnice,2077,4,interior,1358.80182
PICAL_ccnice,2077,5,interior,305.56311
PICAL_ccnice,2077,6,interior,20.57415
PICAL_ccnice,2077,7,interior,16.03058
PICAL_ccnice,2077,8,interior,13.31281
PICAL_ccnice,2077,9,interior,21.02092
PICAL_ccnice,2077,10,interior,30.61431
PICAL_ccnice,2077,11,interior,41.97306
PICAL_ccnice,2077,12,interior,95.57277
PICAL_ccnice,2078,1,labsea,362.38578
PICAL_ccnice,2078,2,labsea,905.79797
PICAL_ccnice,2078,3,labsea,921.44677
PICAL_ccnice,2078,4,labsea,750.70486
PICAL_ccnice,2078,5,labsea,475.84273
PICAL_ccnice,2078,6,labsea,29.05794
PICAL_ccnice,2078,7,labsea,14.97996
PICAL_ccnice,2078,8,labsea,13.90590
PICAL_ccnice,2078,9,labsea,19.38840
PICAL_ccnice,2078,10,labsea,27.75489
PICAL_ccnice,2078,11,labsea,40.88711
PICAL_ccnice,2078,12,labsea,78.55084
PICAL_ccnice,2078,1,interior,626.18163
PICAL_ccnice,2078,2,interior,1414.62806
PICAL_ccnice,2078,3,interior,1189.86225
PICAL_ccnice,2078,4,interior,773.14434
PICAL_ccnice,2078,5,interior,388.53932
PICAL_ccnice,2078,6,interior,28.22936
PICAL_ccnice,2078,7,interior,17.84056
PICAL_ccnice,2078,8,interior,17.86798
PICAL_ccnice,2078,9,interior,25.55564
PICAL_ccnice,2078,10,interior,34.19593
PICAL_ccnice,2078,11,interior,48.77489
PICAL_ccnice,2078,12,interior,95.75056
PICAL_ccnice,2079,1,labsea,345.95129
PICAL_ccnice,2079,2,labsea,991.85067
PICAL_ccnice,2079,3,labsea,839.92418
PICAL_ccnice,2079,4,labsea,473.86937
PICAL_ccnice,2079,5,labsea,119.95857
PICAL_ccnice,2079,6,labsea,20.03792
PICAL_ccnice,2079,7,labsea,12.84872
PICAL_ccnice,2079,8,labsea,13.48749
PICAL_ccnice,2079,9,labsea,17.74316
PICAL_ccnice,2079,10,labsea,24.02406
PICAL_ccnice,2079,11,labsea,36.79151
PICAL_ccnice,2079,12,labsea,46.50514
PICAL_ccnice,2079,1,interior,442.75164
PICAL_ccnice,2079,2,interior,1456.13304
PICAL_ccnice,2079,3,interior,1189.22392
PICAL_ccnice,2079,4,interior,727.26505
PICAL_ccnice,2079,5,interior,186.42314
PICAL_ccnice,2079,6,interior,26.24152
PICAL_ccnice,2079,7,interior,15.00595
PICAL_ccnice,2079,8,interior,15.86692
PICAL_ccnice,2079,9,interior,21.38062
PICAL_ccnice,2079,10,interior,26.87595
PICAL_ccnice,2079,11,interior,37.06310
PICAL_ccnice,2079,12,interior,48.55598
PICAL_ccnice,2080,1,labsea,204.41219
PICAL_ccnice,2080,2,labsea,470.56604
PICAL_ccnice,2080,3,labsea,869.65811
PICAL_ccnice,2080,4,labsea,726.36519
PICAL_ccnice,2080,5,labsea,207.82917
PICAL_ccnice,2080,6,labsea,19.93851
PICAL_ccnice,2080,7,labsea,11.70417
PICAL_ccnice,2080,8,labsea,15.41431
PICAL_ccnice,2080,9,labsea,20.23239
PICAL_ccnice,2080,10,labsea,29.17484
PICAL_ccnice,2080,11,labsea,45.63711
PICAL_ccnice,2080,12,labsea,123.17780
PICAL_ccnice,2080,1,interior,219.60426
PICAL_ccnice,2080,2,interior,693.55150
PICAL_ccnice,2080,3,interior,1546.88820
PICAL_ccnice,2080,4,interior,1389.70795
PICAL_ccnice,2080,5,interior,473.55691
PICAL_ccnice,2080,6,interior,25.05656
PICAL_ccnice,2080,7,interior,13.56354
PICAL_ccnice,2080,8,interior,19.60938
PICAL_ccnice,2080,9,interior,25.89329
PICAL_ccnice,2080,10,interior,37.27196
PICAL_ccnice,2080,11,interior,64.25386
PICAL_ccnice,2080,12,interior,256.25622
PICAL_ccnice,2081,1,labsea,855.65590
PICAL_ccnice,2081,2,labsea,1207.56950
PICAL_ccnice,2081,3,labsea,1124.69514
PICAL_ccnice,2081,4,labsea,940.78449
PICAL_ccnice,2081,5,labsea,452.36100
PICAL_ccnice,2081,6,labsea,11.20125
PICAL_ccnice,2081,7,labsea,13.00001
PICAL_ccnice,2081,8,labsea,14.46134
PICAL_ccnice,2081,9,labsea,22.55537
PICAL_ccnice,2081,10,labsea,32.41745
PICAL_ccnice,2081,11,labsea,45.13698
PICAL_ccnice,2081,12,labsea,90.81872
PICAL_ccnice,2081,1,interior,1576.98641
PICAL_ccnice,2081,2,interior,1790.11973
PICAL_ccnice,2081,3,interior,1693.97826
PICAL_ccnice,2081,4,interior,1290.37650
PICAL_ccnice,2081,5,interior,565.12729
PICAL_ccnice,2081,6,interior,12.53089
PICAL_ccnice,2081,7,interior,14.56948
PICAL_ccnice,2081,8,interior,16.55743
PICAL_ccnice,2081,9,interior,25.62331
PICAL_ccnice,2081,10,interior,37.43714
PICAL_ccnice,2081,11,interior,56.40184
PICAL_ccnice,2081,12,interior,130.32947
PICAL_ccnice,2082,1,labsea,578.09699
PICAL_ccnice,2082,2,labsea,1101.98766
PICAL_ccnice,2082,3,labsea,1085.56839
PICAL_ccnice,2082,4,labsea,834.20714
PICAL_ccnice,2082,5,labsea,255.25360
PICAL_ccnice,2082,6,labsea,14.41510
PICAL_ccnice,2082,7,labsea,12.03064
PICAL_ccnice,2082,8,labsea,13.56734
PICAL_ccnice,2082,9,labsea,17.61553
PICAL_ccnice,2082,10,labsea,25.53266
PICAL_ccnice,2082,11,labsea,41.97018
PICAL_ccnice,2082,12,labsea,91.99821
PICAL_ccnice,2082,1,interior,779.82047
PICAL_ccnice,2082,2,interior,1611.10553
PICAL_ccnice,2082,3,interior,1559.60011
PICAL_ccnice,2082,4,interior,1170.13286
PICAL_ccnice,2082,5,interior,402.01410
PICAL_ccnice,2082,6,interior,17.21844
PICAL_ccnice,2082,7,interior,13.29969
PICAL_ccnice,2082,8,interior,15.95336
PICAL_ccnice,2082,9,interior,20.82551
PICAL_ccnice,2082,10,interior,28.10763
PICAL_ccnice,2082,11,interior,49.93836
PICAL_ccnice,2082,12,interior,129.37915
PICAL_ccnice,2083,1,labsea,485.89152
PICAL_ccnice,2083,2,labsea,1033.73342
PICAL_ccnice,2083,3,labsea,896.38435
PICAL_ccnice,2083,4,labsea,592.96683
PICAL_ccnice,2083,5,labsea,127.01872
PICAL_ccnice,2083,6,labsea,22.06902
PICAL_ccnice,2083,7,labsea,14.92670
PICAL_ccnice,2083,8,labsea,14.02390
PICAL_ccnice,2083,9,labsea,19.87847
PICAL_ccnice,2083,10,labsea,31.71138
PICAL_ccnice,2083,11,labsea,47.52154
PICAL_ccnice,2083,12,labsea,125.92531
PICAL_ccnice,2083,1,interior,809.37488
PICAL_ccnice,2083,2,interior,1531.73758
PICAL_ccnice,2083,3,interior,1250.65780
PICAL_ccnice,2083,4,interior,738.06096
PICAL_ccnice,2083,5,interior,109.94933
PICAL_ccnice,2083,6,interior,26.60612
PICAL_ccnice,2083,7,interior,17.61286
PICAL_ccnice,2083,8,interior,17.46885
PICAL_ccnice,2083,9,interior,24.43866
PICAL_ccnice,2083,10,interior,35.40415
PICAL_ccnice,2083,11,interior,51.06021
PICAL_ccnice,2083,12,interior,216.60850
PICAL_ccnice,2084,1,labsea,796.44179
PICAL_ccnice,2084,2,labsea,1186.55958
PICAL_ccnice,2084,3,labsea,1245.57531
PICAL_ccnice,2084,4,labsea,1008.36072
PICAL_ccnice,2084,5,labsea,460.02864
PICAL_ccnice,2084,6,labsea,33.81189
PICAL_ccnice,2084,7,labsea,17.94652
PICAL_ccnice,2084,8,labsea,13.54318
PICAL_ccnice,2084,9,labsea,21.37965
PICAL_ccnice,2084,10,labsea,34.34885
PICAL_ccnice,2084,11,labsea,59.15881
PICAL_ccnice,2084,12,labsea,288.05109
PICAL_ccnice,2084,1,interior,1501.83063
PICAL_ccnice,2084,2,interior,1982.71128
PICAL_ccnice,2084,3,interior,1982.04087
PICAL_ccnice,2084,4,interior,1524.06964
PICAL_ccnice,2084,5,interior,723.29493
PICAL_ccnice,2084,6,interior,57.81194
PICAL_ccnice,2084,7,interior,21.43728
PICAL_ccnice,2084,8,interior,15.78311
PICAL_ccnice,2084,9,interior,24.55916
PICAL_ccnice,2084,10,interior,37.60152
PICAL_ccnice,2084,11,interior,72.38521
PICAL_ccnice,2084,12,interior,515.25266
PICAL_ccnice,2085,1,labsea,1075.84839
PICAL_ccnice,2085,2,labsea,1134.99655
PICAL_ccnice,2085,3,labsea,864.31894
PICAL_ccnice,2085,4,labsea,736.61982
PICAL_ccnice,2085,5,labsea,360.66409
PICAL_ccnice,2085,6,labsea,21.65041
PICAL_ccnice,2085,7,labsea,9.04283
PICAL_ccnice,2085,8,labsea,15.02880
PICAL_ccnice,2085,9,labsea,23.18651
PICAL_ccnice,2085,10,labsea,37.34499
PICAL_ccnice,2085,11,labsea,75.22788
PICAL_ccnice,2085,12,labsea,438.84571
PICAL_ccnice,2085,1,interior,1761.71938
PICAL_ccnice,2085,2,interior,1713.09628
PICAL_ccnice,2085,3,interior,1268.20295
PICAL_ccnice,2085,4,interior,1167.64822
PICAL_ccnice,2085,5,interior,583.37286
PICAL_ccnice,2085,6,interior,30.22268
PICAL_ccnice,2085,7,interior,9.65597
PICAL_ccnice,2085,8,interior,17.77732
PICAL_ccnice,2085,9,interior,28.17513
PICAL_ccnice,2085,10,interior,45.82347
PICAL_ccnice,2085,11,interior,103.97806
PICAL_ccnice,2085,12,interior,604.24310
PICAL_ccnice,2086,1,labsea,1041.90339
PICAL_ccnice,2086,2,labsea,919.10354
PICAL_ccnice,2086,3,labsea,710.61866
PICAL_ccnice,2086,4,labsea,503.05095
PICAL_ccnice,2086,5,labsea,288.00726
PICAL_ccnice,2086,6,labsea,47.01802
PICAL_ccnice,2086,7,labsea,17.06502
PICAL_ccnice,2086,8,labsea,16.75735
PICAL_ccnice,2086,9,labsea,20.31523
PICAL_ccnice,2086,10,labsea,27.33851
PICAL_ccnice,2086,11,labsea,44.34615
PICAL_ccnice,2086,12,labsea,142.44865
PICAL_ccnice,2086,1,interior,1673.16484
PICAL_ccnice,2086,2,interior,1019.27448
PICAL_ccnice,2086,3,interior,558.51201
PICAL_ccnice,2086,4,interior,128.53863
PICAL_ccnice,2086,5,interior,26.90713
PICAL_ccnice,2086,6,interior,21.93801
PICAL_ccnice,2086,7,interior,18.47552
PICAL_ccnice,2086,8,interior,19.42553
PICAL_ccnice,2086,9,interior,22.01075
PICAL_ccnice,2086,10,interior,29.70096
PICAL_ccnice,2086,11,interior,49.97640
PICAL_ccnice,2086,12,interior,185.19903
PICAL_ccnice,2087,1,labsea,938.71958
PICAL_ccnice,2087,2,labsea,1251.45742
PICAL_ccnice,2087,3,labsea,1057.90892
PICAL_ccnice,2087,4,labsea,902.46238
PICAL_ccnice,2087,5,labsea,232.43928
PICAL_ccnice,2087,6,labsea,16.33124
PICAL_ccnice,2087,7,labsea,13.91424
PICAL_ccnice,2087,8,labsea,14.62493
PICAL_ccnice,2087,9,labsea,19.01642
PICAL_ccnice,2087,10,labsea,27.87596
PICAL_ccnice,2087,11,labsea,44.36784
PICAL_ccnice,2087,12,labsea,94.28485
PICAL_ccnice,2087,1,interior,1571.03896
PICAL_ccnice,2087,2,interior,1848.89138
PICAL_ccnice,2087,3,interior,1488.25042
PICAL_ccnice,2087,4,interior,1287.02225
PICAL_ccnice,2087,5,interior,358.58146
PICAL_ccnice,2087,6,interior,21.30374
PICAL_ccnice,2087,7,interior,17.84887
PICAL_ccnice,2087,8,interior,18.52042
PICAL_ccnice,2087,9,interior,23.54702
PICAL_ccnice,2087,10,interior,31.64374
PICAL_ccnice,2087,11,interior,52.28678
PICAL_ccnice,2087,12,interior,146.24210
PICAL_ccnice,2088,1,labsea,770.65336
PICAL_ccnice,2088,2,labsea,1279.67496
PICAL_ccnice,2088,3,labsea,1308.41512
PICAL_ccnice,2088,4,labsea,918.61389
PICAL_ccnice,2088,5,labsea,240.47713
PICAL_ccnice,2088,6,labsea,23.52863
PICAL_ccnice,2088,7,labsea,16.14060
PICAL_ccnice,2088,8,labsea,20.63256
PICAL_ccnice,2088,9,labsea,24.01821
PICAL_ccnice,2088,10,labsea,33.29317
PICAL_ccnice,2088,11,labsea,55.15025
PICAL_ccnice,2088,12,labsea,137.21499
PICAL_ccnice,2088,1,interior,1143.09660
PICAL_ccnice,2088,2,interior,1801.24745
PICAL_ccnice,2088,3,interior,1884.80853
PICAL_ccnice,2088,4,interior,1329.76411
PICAL_ccnice,2088,5,interior,402.05275
PICAL_ccnice,2088,6,interior,34.28413
PICAL_ccnice,2088,7,interior,19.76984
PICAL_ccnice,2088,8,interior,26.55888
PICAL_ccnice,2088,9,interior,29.52649
PICAL_ccnice,2088,10,interior,40.40076
PICAL_ccnice,2088,11,interior,70.60772
PICAL_ccnice,2088,12,interior,182.64753
PICAL_ccnice,2089,1,labsea,856.95753
PICAL_ccnice,2089,2,labsea,1011.45678
PICAL_ccnice,2089,3,labsea,1062.25850
PICAL_ccnice,2089,4,labsea,861.35603
PICAL_ccnice,2089,5,labsea,572.75650
PICAL_ccnice,2089,6,labsea,48.28939
PICAL_ccnice,2089,7,labsea,13.79154
PICAL_ccnice,2089,8,labsea,12.92967
PICAL_ccnice,2089,9,labsea,24.10540
PICAL_ccnice,2089,10,labsea,36.60889
PICAL_ccnice,2089,11,labsea,49.67023
PICAL_ccnice,2089,12,labsea,126.50884
PICAL_ccnice,2089,1,interior,1182.41509
PICAL_ccnice,2089,2,interior,1455.43380
PICAL_ccnice,2089,3,interior,1453.24779
PICAL_ccnice,2089,4,interior,1163.09257
PICAL_ccnice,2089,5,interior,696.79219
PICAL_ccnice,2089,6,interior,46.79465
PICAL_ccnice,2089,7,interior,18.16898
PICAL_ccnice,2089,8,interior,15.61004
PICAL_ccnice,2089,9,interior,30.14591
PICAL_ccnice,2089,10,interior,45.96187
PICAL_ccnice,2089,11,interior,61.84203
PICAL_ccnice,2089,12,interior,196.53745
PICAL_ccnice,2090,1,labsea,652.57584
PICAL_ccnice,2090,2,labsea,1153.58733
PICAL_ccnice,2090,3,labsea,1066.78420
PICAL_ccnice,2090,4,labsea,1022.74396
PICAL_ccnice,2090,5,labsea,495.03445
PICAL_ccnice,2090,6,labsea,48.49945
PICAL_ccnice,2090,7,labsea,13.32374
PICAL_ccnice,2090,8,labsea,18.01976
PICAL_ccnice,2090,9,labsea,23.74764
PICAL_ccnice,2090,10,labsea,33.66600
PICAL_ccnice,2090,11,labsea,45.88259
PICAL_ccnice,2090,12,labsea,181.24362
PICAL_ccnice,2090,1,interior,1104.05936
PICAL_ccnice,2090,2,interior,1728.46237
PICAL_ccnice,2090,3,interior,1686.45262
PICAL_ccnice,2090,4,interior,1509.28889
PICAL_ccnice,2090,5,interior,873.16708
PICAL_ccnice,2090,6,interior,107.85393
PICAL_ccnice,2090,7,interior,15.71911
PICAL_ccnice,2090,8,interior,22.81319
PICAL_ccnice,2090,9,interior,31.23015
PICAL_ccnice,2090,10,interior,42.49988
PICAL_ccnice,2090,11,interior,60.99871
PICAL_ccnice,2090,12,interior,231.89484
PICAL_ccnice,2091,1,labsea,728.25459
PICAL_ccnice,2091,2,labsea,1027.11495
PICAL_ccnice,2091,3,labsea,831.87856
PICAL_ccnice,2091,4,labsea,572.85080
PICAL_ccnice,2091,5,labsea,230.01084
PICAL_ccnice,2091,6,labsea,19.00218
PICAL_ccnice,2091,7,labsea,11.85172
PICAL_ccnice,2091,8,labsea,13.80596
PICAL_ccnice,2091,9,labsea,19.55818
PICAL_ccnice,2091,10,labsea,27.81306
PICAL_ccnice,2091,11,labsea,41.00971
PICAL_ccnice,2091,12,labsea,66.68770
PICAL_ccnice,2091,1,interior,941.11819
PICAL_ccnice,2091,2,interior,1200.38439
PICAL_ccnice,2091,3,interior,671.36364
PICAL_ccnice,2091,4,interior,336.19194
PICAL_ccnice,2091,5,interior,28.14602
PICAL_ccnice,2091,6,interior,21.17463
PICAL_ccnice,2091,7,interior,15.34252
PICAL_ccnice,2091,8,interior,17.91585
PICAL_ccnice,2091,9,interior,24.36824
PICAL_ccnice,2091,10,interior,32.06319
PICAL_ccnice,2091,11,interior,41.62719
PICAL_ccnice,2091,12,interior,74.88480
PICAL_ccnice,2092,1,labsea,347.44654
PICAL_ccnice,2092,2,labsea,900.69609
PICAL_ccnice,2092,3,labsea,895.79568
PICAL_ccnice,2092,4,labsea,770.33653
PICAL_ccnice,2092,5,labsea,308.65049
PICAL_ccnice,2092,6,labsea,26.25020
PICAL_ccnice,2092,7,labsea,14.52884
PICAL_ccnice,2092,8,labsea,17.14338
PICAL_ccnice,2092,9,labsea,21.25055
PICAL_ccnice,2092,10,labsea,27.26218
PICAL_ccnice,2092,11,labsea,40.48075
PICAL_ccnice,2092,12,labsea,77.24833
PICAL_ccnice,2092,1,interior,423.37872
PICAL_ccnice,2092,2,interior,1356.80540
PICAL_ccnice,2092,3,interior,1103.23801
PICAL_ccnice,2092,4,interior,908.74197
PICAL_ccnice,2092,5,interior,295.00367
PICAL_ccnice,2092,6,interior,26.46781
PICAL_ccnice,2092,7,interior,18.71797
PICAL_ccnice,2092,8,interior,21.90593
PICAL_ccnice,2092,9,interior,25.42077
PICAL_ccnice,2092,10,interior,29.91881
PICAL_ccnice,2092,11,interior,45.53024
PICAL_ccnice,2092,12,interior,110.27020
PICAL_ccnice,2093,1,labsea,626.07210
PICAL_ccnice,2093,2,labsea,938.85967
PICAL_ccnice,2093,3,labsea,837.96685
PICAL_ccnice,2093,4,labsea,605.45293
PICAL_ccnice,2093,5,labsea,232.26614
PICAL_ccnice,2093,6,labsea,16.27229
PICAL_ccnice,2093,7,labsea,11.98619
PICAL_ccnice,2093,8,labsea,13.22342
PICAL_ccnice,2093,9,labsea,19.89193
PICAL_ccnice,2093,10,labsea,28.45585
PICAL_ccnice,2093,11,labsea,44.53004
PICAL_ccnice,2093,12,labsea,359.69280
PICAL_ccnice,2093,1,interior,1110.77477
PICAL_ccnice,2093,2,interior,1366.68914
PICAL_ccnice,2093,3,interior,1124.87515
PICAL_ccnice,2093,4,interior,649.46513
PICAL_ccnice,2093,5,interior,176.72516
PICAL_ccnice,2093,6,interior,20.59074
PICAL_ccnice,2093,7,interior,14.85261
PICAL_ccnice,2093,8,interior,16.17675
PICAL_ccnice,2093,9,interior,23.27090
PICAL_ccnice,2093,10,interior,32.65274
PICAL_ccnice,2093,11,interior,55.49150
PICAL_ccnice,2093,12,interior,608.40966
PICAL_ccnice,2094,1,labsea,851.09311
PICAL_ccnice,2094,2,labsea,1094.90298
PICAL_ccnice,2094,3,labsea,1031.83626
PICAL_ccnice,2094,4,labsea,835.74731
PICAL_ccnice,2094,5,labsea,379.94876
PICAL_ccnice,2094,6,labsea,17.92026
PICAL_ccnice,2094,7,labsea,12.21077
PICAL_ccnice,2094,8,labsea,12.62731
PICAL_ccnice,2094,9,labsea,19.21482
PICAL_ccnice,2094,10,labsea,29.19547
PICAL_ccnice,2094,11,labsea,45.82428
PICAL_ccnice,2094,12,labsea,101.15044
PICAL_ccnice,2094,1,interior,1549.69320
PICAL_ccnice,2094,2,interior,1979.85591
PICAL_ccnice,2094,3,interior,1726.24588
PICAL_ccnice,2094,4,interior,1394.67558
PICAL_ccnice,2094,5,interior,699.73700
PICAL_ccnice,2094,6,interior,23.48328
PICAL_ccnice,2094,7,interior,15.25592
PICAL_ccnice,2094,8,interior,15.26180
PICAL_ccnice,2094,9,interior,23.69609
PICAL_ccnice,2094,10,interior,35.28655
PICAL_ccnice,2094,11,interior,55.77259
PICAL_ccnice,2094,12,interior,145.03810
PICAL_ccnice,2095,1,labsea,633.96702
PICAL_ccnice,2095,2,labsea,936.99328
PICAL_ccnice,2095,3,labsea,863.11782
PICAL_ccnice,2095,4,labsea,529.11202
PICAL_ccnice,2095,5,labsea,261.67317
PICAL_ccnice,2095,6,labsea,19.66406
PICAL_ccnice,2095,7,labsea,14.57230
PICAL_ccnice,2095,8,labsea,14.29216
PICAL_ccnice,2095,9,labsea,19.19032
PICAL_ccnice,2095,10,labsea,28.93912
PICAL_ccnice,2095,11,labsea,49.33587
PICAL_ccnice,2095,12,labsea,109.81772
PICAL_ccnice,2095,1,interior,881.35703
PICAL_ccnice,2095,2,interior,1343.92512
PICAL_ccnice,2095,3,interior,1103.69442
PICAL_ccnice,2095,4,interior,506.13474
PICAL_ccnice,2095,5,interior,201.11734
PICAL_ccnice,2095,6,interior,21.66045
PICAL_ccnice,2095,7,interior,17.23419
PICAL_ccnice,2095,8,interior,17.56939
PICAL_ccnice,2095,9,interior,23.51125
PICAL_ccnice,2095,10,interior,35.40750
PICAL_ccnice,2095,11,interior,67.78436
PICAL_ccnice,2095,12,interior,195.17588
PICAL_ccnice,2096,1,labsea,656.22769
PICAL_ccnice,2096,2,labsea,843.48980
PICAL_ccnice,2096,3,labsea,736.92635
PICAL_ccnice,2096,4,labsea,502.42317
PICAL_ccnice,2096,5,labsea,146.93262
PICAL_ccnice,2096,6,labsea,21.63200
PICAL_ccnice,2096,7,labsea,16.81760
PICAL_ccnice,2096,8,labsea,17.60104
PICAL_ccnice,2096,9,labsea,22.93662
PICAL_ccnice,2096,10,labsea,30.86328
PICAL_ccnice,2096,11,labsea,48.44026
PICAL_ccnice,2096,12,labsea,116.15844
PICAL_ccnice,2096,1,interior,1146.69101
PICAL_ccnice,2096,2,interior,1293.65493
PICAL_ccnice,2096,3,interior,508.70561
PICAL_ccnice,2096,4,interior,108.48559
PICAL_ccnice,2096,5,interior,42.01800
PICAL_ccnice,2096,6,interior,25.37374
PICAL_ccnice,2096,7,interior,20.07153
PICAL_ccnice,2096,8,interior,21.01342
PICAL_ccnice,2096,9,interior,28.39823
PICAL_ccnice,2096,10,interior,35.61059
PICAL_ccnice,2096,11,interior,56.44788
PICAL_ccnice,2096,12,interior,172.57467
PICAL_ccnice,2097,1,labsea,613.15830
PICAL_ccnice,2097,2,labsea,895.68633
PICAL_ccnice,2097,3,labsea,781.93158
PICAL_ccnice,2097,4,labsea,413.18008
PICAL_ccnice,2097,5,labsea,72.99233
PICAL_ccnice,2097,6,labsea,17.36816
PICAL_ccnice,2097,7,labsea,14.06074
PICAL_ccnice,2097,8,labsea,13.97365
PICAL_ccnice,2097,9,labsea,16.22647
PICAL_ccnice,2097,10,labsea,23.37433
PICAL_ccnice,2097,11,labsea,31.00199
PICAL_ccnice,2097,12,labsea,41.33617
PICAL_ccnice,2097,1,interior,1065.58678
PICAL_ccnice,2097,2,interior,1497.17276
PICAL_ccnice,2097,3,interior,1303.46428
PICAL_ccnice,2097,4,interior,660.87492
PICAL_ccnice,2097,5,interior,124.47710
PICAL_ccnice,2097,6,interior,23.40038
PICAL_ccnice,2097,7,interior,17.31326
PICAL_ccnice,2097,8,interior,18.19136
PICAL_ccnice,2097,9,interior,20.26689
PICAL_ccnice,2097,10,interior,26.22623
PICAL_ccnice,2097,11,interior,35.06567
PICAL_ccnice,2097,12,interior,43.73007
PICAL_ccnice,2098,1,labsea,120.68229
PICAL_ccnice,2098,2,labsea,629.61305
PICAL_ccnice,2098,3,labsea,821.30425
PICAL_ccnice,2098,4,labsea,618.45744
PICAL_ccnice,2098,5,labsea,107.46744
PICAL_ccnice,2098,6,labsea,14.77991
PICAL_ccnice,2098,7,labsea,13.34312
PICAL_ccnice,2098,8,labsea,15.87778
PICAL_ccnice,2098,9,labsea,18.31735
PICAL_ccnice,2098,10,labsea,26.73643
PICAL_ccnice,2098,11,labsea,41.88568
PICAL_ccnice,2098,12,labsea,224.78751
PICAL_ccnice,2098,1,interior,120.61450
PICAL_ccnice,2098,2,interior,1006.88536
PICAL_ccnice,2098,3,interior,1145.08992
PICAL_ccnice,2098,4,interior,771.87864
PICAL_ccnice,2098,5,interior,83.89844
PICAL_ccnice,2098,6,interior,15.80730
PICAL_ccnice,2098,7,interior,17.78434
PICAL_ccnice,2098,8,interior,22.27567
PICAL_ccnice,2098,9,interior,23.20636
PICAL_ccnice,2098,10,interior,31.95893
PICAL_ccnice,2098,11,interior,45.83678
PICAL_ccnice,2098,12,interior,174.00920
PICAL_ccnice,2099,1,labsea,822.38520
PICAL_ccnice,2099,2,labsea,633.00102
PICAL_ccnice,2099,3,labsea,422.74364
PICAL_ccnice,2099,4,labsea,253.18219
PICAL_ccnice,2099,5,labsea,52.57406
PICAL_ccnice,2099,6,labsea,13.07291
PICAL_ccnice,2099,7,labsea,13.26785
PICAL_ccnice,2099,8,labsea,12.63952
PICAL_ccnice,2099,9,labsea,16.77200
PICAL_ccnice,2099,10,labsea,24.84753
PICAL_ccnice,2099,11,labsea,36.78083
PICAL_ccnice,2099,12,labsea,79.33784
PICAL_ccnice,2099,1,interior,974.95170
PICAL_ccnice,2099,2,interior,536.32065
PICAL_ccnice,2099,3,interior,161.53045
PICAL_ccnice,2099,4,interior,39.71082
PICAL_ccnice,2099,5,interior,22.56002
PICAL_ccnice,2099,6,interior,15.33817
PICAL_ccnice,2099,7,interior,16.31901
PICAL_ccnice,2099,8,interior,14.68744
PICAL_ccnice,2099,9,interior,19.92711
PICAL_ccnice,2099,10,interior,27.46900
PICAL_ccnice,2099,11,interior,43.04712
PICAL_ccnice,2099,12,interior,134.19468
