PICAL_momixoff,1920,1,labsea,835.12515
PICAL_momixoff,1920,2,labsea,919.17989
PICAL_momixoff,1920,3,labsea,800.91924
PICAL_momixoff,1920,4,labsea,603.15574
PICAL_momixoff,1920,5,labsea,302.52655
PICAL_momixoff,1920,6,labsea,17.27575
PICAL_momixoff,1920,7,labsea,12.04234
PICAL_momixoff,1920,8,labsea,13.68362
PICAL_momixoff,1920,9,labsea,17.33844
PICAL_momixoff,1920,10,labsea,22.16402
PICAL_momixoff,1920,11,labsea,28.39747
PICAL_momixoff,1920,12,labsea,66.48490
PICAL_momixoff,1920,1,interior,967.56671
PICAL_momixoff,1920,2,interior,827.41855
PICAL_momixoff,1920,3,interior,638.98708
PICAL_momixoff,1920,4,interior,426.65348
PICAL_momixoff,1920,5,interior,164.35457
PICAL_momixoff,1920,6,interior,18.73748
PICAL_momixoff,1920,7,interior,13.07627
PICAL_momixoff,1920,8,interior,14.68862
PICAL_momixoff,1920,9,interior,18.36598
PICAL_momixoff,1920,10,interior,24.12546
PICAL_momixoff,1920,11,interior,28.67811
PICAL_momixoff,1920,12,interior,47.87549
PICAL_momixoff,1921,1,labsea,366.97460
PICAL_momixoff,1921,2,labsea,583.04418
PICAL_momixoff,1921,3,labsea,874.23996
PICAL_momixoff,1921,4,labsea,676.25922
PICAL_momixoff,1921,5,labsea,151.09981
PICAL_momixoff,1921,6,labsea,13.74831
PICAL_momixoff,1921,7,labsea,13.55935
PICAL_momixoff,1921,8,labsea,11.49912
PICAL_momixoff,1921,9,labsea,15.58433
PICAL_momixoff,1921,10,labsea,20.57527
PICAL_momixoff,1921,11,labsea,35.43476
PICAL_momixoff,1921,12,labsea,123.03180
PICAL_momixoff,1921,1,interior,356.63863
PICAL_momixoff,1921,2,interior,892.99525
PICAL_momixoff,1921,3,interior,1550.77602
PICAL_momixoff,1921,4,interior,1068.06787
PICAL_momixoff,1921,5,interior,202.67109
PICAL_momixoff,1921,6,interior,17.19903
PICAL_momixoff,1921,7,interior,15.72885
PICAL_momixoff,1921,8,interior,12.55194
PICAL_momixoff,1921,9,interior,16.89178
PICAL_momixoff,1921,10,interior,21.40432
PICAL_momixoff,1921,11,interior,40.33195
PICAL_momixoff,1921,12,interior,138.35537
PICAL_momixoff,1922,1,labsea,882.16260
PICAL_momixoff,1922,2,labsea,1046.80189
PICAL_momixoff,1922,3,labsea,884.90559
PICAL_momixoff,1922,4,labsea,641.14826
PICAL_momixoff,1922,5,labsea,100.75988
PICAL_momixoff,1922,6,labsea,17.55218
PICAL_momixoff,1922,7,labsea,10.93051
PICAL_momixoff,1922,8,labsea,14.63066
PICAL_momixoff,1922,9,labsea,21.15176
PICAL_momixoff,1922,10,labsea,27.66087
PICAL_momixoff,1922,11,labsea,36.29750
PICAL_momixoff,1922,12,labsea,69.81287
PICAL_momixoff,1922,1,interior,1424.11950
PICAL_momixoff,1922,2,interior,1526.39546
PICAL_momixoff,1922,3,interior,1337.91290
PICAL_momixoff,1922,4,interior,974.55421
PICAL_momixoff,1922,5,interior,151.11136
PICAL_momixoff,1922,6,interior,20.03590
PICAL_momixoff,1922,7,interior,12.93336
PICAL_momixoff,1922,8,interior,15.67290
PICAL_momixoff,1922,9,interior,21.79565
PICAL_momixoff,1922,10,interior,28.47374
PICAL_momixoff,1922,11,interior,36.75736
PICAL_momixoff,1922,12,interior,97.70376
PICAL_momixoff,1923,1,labsea,544.24313
PICAL_momixoff,1923,2,labsea,791.88196
PICAL_momixoff,1923,3,labsea,664.22577
PICAL_momixoff,1923,4,labsea,261.23921
PICAL_momixoff,1923,5,labsea,67.52120
PICAL_momixoff,1923,6,labsea,19.01807
PICAL_momixoff,1923,7,labsea,11.78989
PICAL_momixoff,1923,8,labsea,14.84198
PICAL_momixoff,1923,9,labsea,19.29028
PICAL_momixoff,1923,10,labsea,27.63390
PICAL_momixoff,1923,11,labsea,46.31734
PICAL_momixoff,1923,12,labsea,466.65293
PICAL_momixoff,1923,1,interior,1189.25861
PICAL_momixoff,1923,2,interior,1310.50617
PICAL_momixoff,1923,3,interior,810.96668
PICAL_momixoff,1923,4,interior,185.36119
PICAL_momixoff,1923,5,interior,52.01765
PICAL_momixoff,1923,6,interior,20.67765
PICAL_momixoff,1923,7,interior,12.93225
PICAL_momixoff,1923,8,interior,15.96345
PICAL_momixoff,1923,9,interior,19.36641
PICAL_momixoff,1923,10,interior,26.46876
PICAL_momixoff,1923,11,interior,43.43582
PICAL_momixoff,1923,12,interior,696.30417
PICAL_momixoff,1924,1,labsea,876.04593
PICAL_momixoff,1924,2,labsea,954.86274
PICAL_momixoff,1924,3,labsea,777.49554
PICAL_momixoff,1924,4,labsea,577.83168
PICAL_momixoff,1924,5,labsea,189.71877
PICAL_momixoff,1924,6,labsea,17.13808
PICAL_momixoff,1924,7,labsea,13.01191
PICAL_momixoff,1924,8,labsea,13.07981
PICAL_momixoff,1924,9,labsea,16.94176
PICAL_momixoff,1924,10,labsea,23.39296
PICAL_momixoff,1924,11,labsea,32.56126
PICAL_momixoff,1924,12,labsea,49.18493
PICAL_momixoff,1924,1,interior,1479.44318
PICAL_momixoff,1924,2,interior,1725.52634
PICAL_momixoff,1924,3,interior,1592.48877
PICAL_momixoff,1924,4,interior,1297.69375
PICAL_momixoff,1924,5,interior,550.26827
PICAL_momixoff,1924,6,interior,24.16415
PICAL_momixoff,1924,7,interior,15.07479
PICAL_momixoff,1924,8,interior,14.60938
PICAL_momixoff,1924,9,interior,17.81260
PICAL_momixoff,1924,10,interior,24.74931
PICAL_momixoff,1924,11,interior,39.22209
PICAL_momixoff,1924,12,interior,69.60690
PICAL_momixoff,1925,1,labsea,276.96122
PICAL_momixoff,1925,2,labsea,1111.59959
PICAL_momixoff,1925,3,labsea,1030.48722
PICAL_momixoff,1925,4,labsea,670.06919
PICAL_momixoff,1925,5,labsea,243.70260
PICAL_momixoff,1925,6,labsea,34.87382
PICAL_momixoff,1925,7,labsea,14.52141
PICAL_momixoff,1925,8,labsea,14.01401
PICAL_momixoff,1925,9,labsea,16.12874
PICAL_momixoff,1925,10,labsea,23.32886
PICAL_momixoff,1925,11,labsea,37.44939
PICAL_momixoff,1925,12,labsea,189.19296
PICAL_momixoff,1925,1,interior,657.63402
PICAL_momixoff,1925,2,interior,2120.00707
PICAL_momixoff,1925,3,interior,1988.67305
PICAL_momixoff,1925,4,interior,1183.20687
PICAL_momixoff,1925,5,interior,334.52091
PICAL_momixoff,1925,6,interior,28.81291
PICAL_momixoff,1925,7,interior,15.10647
PICAL_momixoff,1925,8,interior,15.26740
PICAL_momixoff,1925,9,interior,16.55484
PICAL_momixoff,1925,10,interior,24.19884
PICAL_momixoff,1925,11,interior,41.56492
PICAL_momixoff,1925,12,interior,229.39418
PICAL_momixoff,1926,1,labsea,936.81328
PICAL_momixoff,1926,2,labsea,924.02801
PICAL_momixoff,1926,3,labsea,654.66948
PICAL_momixoff,1926,4,labsea,509.84028
PICAL_momixoff,1926,5,labsea,280.36627
PICAL_momixoff,1926,6,labsea,32.20329
PICAL_momixoff,1926,7,labsea,14.10764
PICAL_momixoff,1926,8,labsea,14.88195
PICAL_momixoff,1926,9,labsea,16.83034
PICAL_momixoff,1926,10,labsea,22.37021
PICAL_momixoff,1926,11,labsea,32.15298
PICAL_momixoff,1926,12,labsea,78.60414
PICAL_momixoff,1926,1,interior,1348.34148
PICAL_momixoff,1926,2,interior,1035.40317
PICAL_momixoff,1926,3,interior,388.41611
PICAL_momixoff,1926,4,interior,107.27768
PICAL_momixoff,1926,5,interior,24.70354
PICAL_momixoff,1926,6,interior,16.19141
PICAL_momixoff,1926,7,interior,14.94716
PICAL_momixoff,1926,8,interior,17.11769
PICAL_momixoff,1926,9,interior,18.33695
PICAL_momixoff,1926,10,interior,26.11281
PICAL_momixoff,1926,11,interior,37.54801
PICAL_momixoff,1926,12,interior,94.67854
PICAL_momixoff,1927,1,labsea,393.54696
PICAL_momixoff,1927,2,labsea,739.67861
PICAL_momixoff,1927,3,labsea,663.03596
PICAL_momixoff,1927,4,labsea,386.07962
PICAL_momixoff,1927,5,labsea,191.63273
PICAL_momixoff,1927,6,labsea,17.92863
PICAL_momixoff,1927,7,labsea,12.30908
PICAL_momixoff,1927,8,labsea,13.36227
PICAL_momixoff,1927,9,labsea,18.43859
PICAL_momixoff,1927,10,labsea,30.30617
PICAL_momixoff,1927,11,labsea,67.89965
PICAL_momixoff,1927,12,labsea,479.55761
PICAL_momixoff,1927,1,interior,587.76177
PICAL_momixoff,1927,2,interior,1273.25540
PICAL_momixoff,1927,3,interior,824.15667
PICAL_momixoff,1927,4,interior,459.49748
PICAL_momixoff,1927,5,interior,222.90784
PICAL_momixoff,1927,6,interior,20.68725
PICAL_momixoff,1927,7,interior,13.02175
PICAL_momixoff,1927,8,interior,15.37762
PICAL_momixoff,1927,9,interior,20.09812
PICAL_momixoff,1927,10,interior,33.25005
PICAL_momixoff,1927,11,interior,104.31365
PICAL_momixoff,1927,12,interior,894.69655
PICAL_momixoff,1928,1,labsea,1198.63561
PICAL_momixoff,1928,2,labsea,1387.01105
PICAL_momixoff,1928,3,labsea,1225.88686
PICAL_momixoff,1928,4,labsea,1061.87615
PICAL_momixoff,1928,5,labsea,601.03825
PICAL_momixoff,1928,6,labsea,71.25112
PICAL_momixoff,1928,7,labsea,13.94788
PICAL_momixoff,1928,8,labsea,13.95664
PICAL_momixoff,1928,9,labsea,16.58216
PICAL_momixoff,1928,10,labsea,23.18639
PICAL_momixoff,1928,11,labsea,49.50822
PICAL_momixoff,1928,12,labsea,699.56840
PICAL_momixoff,1928,1,interior,2130.70239
PICAL_momixoff,1928,2,interior,2142.03759
PICAL_momixoff,1928,3,interior,1905.82227
PICAL_momixoff,1928,4,interior,1634.15174
PICAL_momixoff,1928,5,interior,867.30811
PICAL_momixoff,1928,6,interior,117.60101
PICAL_momixoff,1928,7,interior,16.80917
PICAL_momixoff,1928,8,interior,15.27755
PICAL_momixoff,1928,9,interior,18.65938
PICAL_momixoff,1928,10,interior,26.46778
PICAL_momixoff,1928,11,interior,59.70536
PICAL_momixoff,1928,12,interior,1133.66947
PICAL_momixoff,1929,1,labsea,1158.31195
PICAL_momixoff,1929,2,labsea,1028.46474
PICAL_momixoff,1929,3,labsea,751.07626
PICAL_momixoff,1929,4,labsea,424.63363
PICAL_momixoff,1929,5,labsea,91.39113
PICAL_momixoff,1929,6,labsea,16.80178
PICAL_momixoff,1929,7,labsea,14.55061
PICAL_momixoff,1929,8,labsea,16.71790
PICAL_momixoff,1929,9,labsea,19.01325
PICAL_momixoff,1929,10,labsea,23.76636
PICAL_momixoff,1929,11,labsea,33.01494
PICAL_momixoff,1929,12,labsea,154.93997
PICAL_momixoff,1929,1,interior,1711.84374
PICAL_momixoff,1929,2,interior,1336.14900
PICAL_momixoff,1929,3,interior,808.39791
PICAL_momixoff,1929,4,interior,258.28661
PICAL_momixoff,1929,5,interior,30.76602
PICAL_momixoff,1929,6,interior,18.58237
PICAL_momixoff,1929,7,interior,16.69655
PICAL_momixoff,1929,8,interior,17.81915
PICAL_momixoff,1929,9,interior,21.40759
PICAL_momixoff,1929,10,interior,27.61461
PICAL_momixoff,1929,11,interior,36.01096
PICAL_momixoff,1929,12,interior,173.88428
PICAL_momixoff,1930,1,labsea,977.51082
PICAL_momixoff,1930,2,labsea,1296.24200
PICAL_momixoff,1930,3,labsea,1073.38548
PICAL_momixoff,1930,4,labsea,727.01340
PICAL_momixoff,1930,5,labsea,301.51723
PICAL_momixoff,1930,6,labsea,16.11731
PICAL_momixoff,1930,7,labsea,12.10456
PICAL_momixoff,1930,8,labsea,14.50533
PICAL_momixoff,1930,9,labsea,18.43526
PICAL_momixoff,1930,10,labsea,26.43625
PICAL_momixoff,1930,11,labsea,45.05866
PICAL_momixoff,1930,12,labsea,178.00431
PICAL_momixoff,1930,1,interior,1624.18841
PICAL_momixoff,1930,2,interior,2036.04426
PICAL_momixoff,1930,3,interior,1509.63239
PICAL_momixoff,1930,4,interior,808.96910
PICAL_momixoff,1930,5,interior,158.58902
PICAL_momixoff,1930,6,interior,14.79518
PICAL_momixoff,1930,7,interior,12.67187
PICAL_momixoff,1930,8,interior,15.56817
PICAL_momixoff,1930,9,interior,19.75594
PICAL_momixoff,1930,10,interior,29.30407
PICAL_momixoff,1930,11,interior,45.19900
PICAL_momixoff,1930,12,interior,130.46070
PICAL_momixoff,1931,1,labsea,818.69899
PICAL_momixoff,1931,2,labsea,1119.63198
PICAL_momixoff,1931,3,labsea,1099.31254
PICAL_momixoff,1931,4,labsea,941.80784
PICAL_momixoff,1931,5,labsea,415.09280
PICAL_momixoff,1931,6,labsea,15.06544
PICAL_momixoff,1931,7,labsea,14.96000
PICAL_momixoff,1931,8,labsea,17.65468
PICAL_momixoff,1931,9,labsea,19.82907
PICAL_momixoff,1931,10,labsea,29.82257
PICAL_momixoff,1931,11,labsea,42.67664
PICAL_momixoff,1931,12,labsea,126.47755
PICAL_momixoff,1931,1,interior,1226.87761
PICAL_momixoff,1931,2,interior,1831.66658
PICAL_momixoff,1931,3,interior,1891.57410
PICAL_momixoff,1931,4,interior,1561.50380
PICAL_momixoff,1931,5,interior,724.94310
PICAL_momixoff,1931,6,interior,19.89059
PICAL_momixoff,1931,7,interior,19.02200
PICAL_momixoff,1931,8,interior,20.86240
PICAL_momixoff,1931,9,interior,23.13877
PICAL_momixoff,1931,10,interior,33.70573
PICAL_momixoff,1931,11,interior,50.57013
PICAL_momixoff,1931,12,interior,191.92451
PICAL_momixoff,1932,1,labsea,734.85490
PICAL_momixoff,1932,2,labsea,1118.95340
PICAL_momixoff,1932,3,labsea,1041.97712
PICAL_momixoff,1932,4,labsea,887.33100
PICAL_momixoff,1932,5,labsea,283.83927
PICAL_momixoff,1932,6,labsea,14.60918
PICAL_momixoff,1932,7,labsea,9.40905
PICAL_momixoff,1932,8,labsea,13.75253
PICAL_momixoff,1932,9,labsea,20.58169
PICAL_momixoff,1932,10,labsea,25.92189
PICAL_momixoff,1932,11,labsea,45.79593
PICAL_momixoff,1932,12,labsea,346.79848
PICAL_momixoff,1932,1,interior,1078.22816
PICAL_momixoff,1932,2,interior,1574.08773
PICAL_momixoff,1932,3,interior,1407.10170
PICAL_momixoff,1932,4,interior,1074.52483
PICAL_momixoff,1932,5,interior,307.28653
PICAL_momixoff,1932,6,interior,16.89439
PICAL_momixoff,1932,7,interior,10.27750
PICAL_momixoff,1932,8,interior,15.90354
PICAL_momixoff,1932,9,interior,23.08488
PICAL_momixoff,1932,10,interior,30.01395
PICAL_momixoff,1932,11,interior,55.58554
PICAL_momixoff,1932,12,interior,554.68727
PICAL_momixoff,1933,1,labsea,960.01134
PICAL_momixoff,1933,2,labsea,1049.34854
PICAL_momixoff,1933,3,labsea,725.49704
PICAL_momixoff,1933,4,labsea,387.70044
PICAL_momixoff,1933,5,labsea,93.02175
PICAL_momixoff,1933,6,labsea,14.61949
PICAL_momixoff,1933,7,labsea,11.77153
PICAL_momixoff,1933,8,labsea,13.97341
PICAL_momixoff,1933,9,labsea,17.82258
PICAL_momixoff,1933,10,labsea,24.69450
PICAL_momixoff,1933,11,labsea,31.54804
PICAL_momixoff,1933,12,labsea,101.03378
PICAL_momixoff,1933,1,interior,1670.77509
PICAL_momixoff,1933,2,interior,1501.14388
PICAL_momixoff,1933,3,interior,823.55704
PICAL_momixoff,1933,4,interior,254.82116
PICAL_momixoff,1933,5,interior,31.72644
PICAL_momixoff,1933,6,interior,15.11732
PICAL_momixoff,1933,7,interior,13.94593
PICAL_momixoff,1933,8,interior,15.83120
PICAL_momixoff,1933,9,interior,19.39946
PICAL_momixoff,1933,10,interior,27.87699
PICAL_momixoff,1933,11,interior,35.47700
PICAL_momixoff,1933,12,interior,91.11326
PICAL_momixoff,1934,1,labsea,611.62302
PICAL_momixoff,1934,2,labsea,970.34601
PICAL_momixoff,1934,3,labsea,739.63851
PICAL_momixoff,1934,4,labsea,411.99892
PICAL_momixoff,1934,5,labsea,92.74038
PICAL_momixoff,1934,6,labsea,14.83513
PICAL_momixoff,1934,7,labsea,12.85109
PICAL_momixoff,1934,8,labsea,14.27175
PICAL_momixoff,1934,9,labsea,17.32076
PICAL_momixoff,1934,10,labsea,24.19876
PICAL_momixoff,1934,11,labsea,36.16922
PICAL_momixoff,1934,12,labsea,109.87549
PICAL_momixoff,1934,1,interior,914.27135
PICAL_momixoff,1934,2,interior,1326.78401
PICAL_momixoff,1934,3,interior,818.61124
PICAL_momixoff,1934,4,interior,366.30857
PICAL_momixoff,1934,5,interior,63.33951
PICAL_momixoff,1934,6,interior,18.92706
PICAL_momixoff,1934,7,interior,15.01780
PICAL_momixoff,1934,8,interior,15.80784
PICAL_momixoff,1934,9,interior,17.14359
PICAL_momixoff,1934,10,interior,24.47250
PICAL_momixoff,1934,11,interior,39.45758
PICAL_momixoff,1934,12,interior,134.33606
PICAL_momixoff,1935,1,labsea,660.68785
PICAL_momixoff,1935,2,labsea,1104.37313
PICAL_momixoff,1935,3,labsea,764.37503
PICAL_momixoff,1935,4,labsea,490.45147
PICAL_momixoff,1935,5,labsea,100.43329
PICAL_momixoff,1935,6,labsea,16.58920
PICAL_momixoff,1935,7,labsea,12.37113
PICAL_momixoff,1935,8,labsea,14.86715
PICAL_momixoff,1935,9,labsea,21.18137
PICAL_momixoff,1935,10,labsea,28.51280
PICAL_momixoff,1935,11,labsea,36.89717
PICAL_momixoff,1935,12,labsea,90.34351
PICAL_momixoff,1935,1,interior,1141.66625
PICAL_momixoff,1935,2,interior,1739.98888
PICAL_momixoff,1935,3,interior,932.97934
PICAL_momixoff,1935,4,interior,553.87764
PICAL_momixoff,1935,5,interior,106.92169
PICAL_momixoff,1935,6,interior,17.35089
PICAL_momixoff,1935,7,interior,14.31374
PICAL_momixoff,1935,8,interior,16.59495
PICAL_momixoff,1935,9,interior,22.69764
PICAL_momixoff,1935,10,interior,29.53201
PICAL_momixoff,1935,11,interior,38.78774
PICAL_momixoff,1935,12,interior,128.36691
PICAL_momixoff,1936,1,labsea,777.34519
PICAL_momixoff,1936,2,labsea,1011.07878
PICAL_momixoff,1936,3,labsea,982.63165
PICAL_momixoff,1936,4,labsea,744.03649
PICAL_momixoff,1936,5,labsea,269.52493
PICAL_momixoff,1936,6,labsea,14.53816
PICAL_momixoff,1936,7,labsea,13.93334
PICAL_momixoff,1936,8,labsea,15.72881
PICAL_momixoff,1936,9,labsea,19.13206
PICAL_momixoff,1936,10,labsea,27.20348
PICAL_momixoff,1936,11,labsea,37.52911
PICAL_momixoff,1936,12,labsea,89.14714
PICAL_momixoff,1936,1,interior,1274.39444
PICAL_momixoff,1936,2,interior,1632.71409
PICAL_momixoff,1936,3,interior,1591.90740
PICAL_momixoff,1936,4,interior,1291.68961
PICAL_momixoff,1936,5,interior,583.96996
PICAL_momixoff,1936,6,interior,16.84002
PICAL_momixoff,1936,7,interior,16.76461
PICAL_momixoff,1936,8,interior,17.83082
PICAL_momixoff,1936,9,interior,22.25073
PICAL_momixoff,1936,10,interior,31.49638
PICAL_momixoff,1936,11,interior,42.27721
PICAL_momixoff,1936,12,interior,144.18490
PICAL_momixoff,1937,1,labsea,551.67147
PICAL_momixoff,1937,2,labsea,959.87104
PICAL_momixoff,1937,3,labsea,947.06900
PICAL_momixoff,1937,4,labsea,769.86594
PICAL_momixoff,1937,5,labsea,308.22703
PICAL_momixoff,1937,6,labsea,13.79980
PICAL_momixoff,1937,7,labsea,12.42793
PICAL_momixoff,1937,8,labsea,14.26209
PICAL_momixoff,1937,9,labsea,20.44623
PICAL_momixoff,1937,10,labsea,25.49072
PICAL_momixoff,1937,11,labsea,35.51574
PICAL_momixoff,1937,12,labsea,173.16348
PICAL_momixoff,1937,1,interior,1079.88261
PICAL_momixoff,1937,2,interior,1614.53833
PICAL_momixoff,1937,3,interior,1452.85177
PICAL_momixoff,1937,4,interior,912.25917
PICAL_momixoff,1937,5,interior,332.82432
PICAL_momixoff,1937,6,interior,14.53284
PICAL_momixoff,1937,7,interior,14.60476
PICAL_momixoff,1937,8,interior,15.72427
PICAL_momixoff,1937,9,interior,23.90011
PICAL_momixoff,1937,10,interior,28.94455
PICAL_momixoff,1937,11,interior,39.29969
PICAL_momixoff,1937,12,interior,204.19630
PICAL_momixoff,1938,1,labsea,846.25964
PICAL_momixoff,1938,2,labsea,1044.43613
PICAL_momixoff,1938,3,labsea,847.42324
PICAL_momixoff,1938,4,labsea,592.13190
PICAL_momixoff,1938,5,labsea,156.38893
PICAL_momixoff,1938,6,labsea,14.38410
PICAL_momixoff,1938,7,labsea,12.35169
PICAL_momixoff,1938,8,labsea,14.32934
PICAL_momixoff,1938,9,labsea,19.22106
PICAL_momixoff,1938,10,labsea,27.25820
PICAL_momixoff,1938,11,labsea,45.57393
PICAL_momixoff,1938,12,labsea,261.90502
PICAL_momixoff,1938,1,interior,1158.66706
PICAL_momixoff,1938,2,interior,1246.88660
PICAL_momixoff,1938,3,interior,619.66699
PICAL_momixoff,1938,4,interior,285.25650
PICAL_momixoff,1938,5,interior,47.82118
PICAL_momixoff,1938,6,interior,16.10971
PICAL_momixoff,1938,7,interior,13.91573
PICAL_momixoff,1938,8,interior,15.89341
PICAL_momixoff,1938,9,interior,21.66321
PICAL_momixoff,1938,10,interior,29.68195
PICAL_momixoff,1938,11,interior,63.24423
PICAL_momixoff,1938,12,interior,403.41902
PICAL_momixoff,1939,1,labsea,984.42828
PICAL_momixoff,1939,2,labsea,1107.59285
PICAL_momixoff,1939,3,labsea,924.45550
PICAL_momixoff,1939,4,labsea,795.61721
PICAL_momixoff,1939,5,labsea,339.58453
PICAL_momixoff,1939,6,labsea,24.05014
PICAL_momixoff,1939,7,labsea,13.99278
PICAL_momixoff,1939,8,labsea,16.61058
PICAL_momixoff,1939,9,labsea,20.23042
PICAL_momixoff,1939,10,labsea,27.80377
PICAL_momixoff,1939,11,labsea,46.16045
PICAL_momixoff,1939,12,labsea,287.56870
PICAL_momixoff,1939,1,interior,1511.12440
PICAL_momixoff,1939,2,interior,1517.75098
PICAL_momixoff,1939,3,interior,969.18333
PICAL_momixoff,1939,4,interior,562.64676
PICAL_momixoff,1939,5,interior,319.52084
PICAL_momixoff,1939,6,interior,31.32608
PICAL_momixoff,1939,7,interior,15.00034
PICAL_momixoff,1939,8,interior,17.99290
PICAL_momixoff,1939,9,interior,20.91255
PICAL_momixoff,1939,10,interior,28.43374
PICAL_momixoff,1939,11,interior,48.85395
PICAL_momixoff,1939,12,interior,408.32853
