gm1500,2120,ohc,SO,0-700,1.683612e+24
gm1500,2120,ohc,SO,700-2000,1.395939e+24
gm1500,2120,ohc,SO,2000+,9.871444e+23
gm1500,2120,ohc,SO,all,4.066695e+24
gm1500,2120,ohc,NORD,0-700,2.004927e+22
gm1500,2120,ohc,NORD,700-2000,3.164416e+22
gm1500,2120,ohc,NORD,2000+,2.360909e+22
gm1500,2120,ohc,NORD,all,7.530252e+22
gm1500,2120,ohc,SATL,0-700,7.271589e+23
gm1500,2120,ohc,SATL,700-2000,5.220509e+23
gm1500,2120,ohc,SATL,2000+,5.650197e+23
gm1500,2120,ohc,SATL,all,1.814229e+24
gm1500,2120,ohc,NATL,0-700,1.388377e+24
gm1500,2120,ohc,NATL,700-2000,1.054250e+24
gm1500,2120,ohc,NATL,2000+,9.565479e+23
gm1500,2120,ohc,NATL,all,3.399174e+24
gm1500,2120,ohc,SPNA,0-700,1.445261e+23
gm1500,2120,ohc,SPNA,700-2000,1.551364e+23
gm1500,2120,ohc,SPNA,2000+,1.133159e+23
gm1500,2120,ohc,SPNA,all,4.129784e+23
gm1500,2120,ohc,IP,0-700,6.001294e+24
gm1500,2120,ohc,IP,700-2000,3.055624e+24
gm1500,2120,ohc,IP,2000+,2.078669e+24
gm1500,2120,ohc,IP,all,1.113559e+25
gm1500,2120,ohc,OTHER,0-700,3.998245e+22
gm1500,2120,ohc,OTHER,700-2000,1.382768e+22
gm1500,2120,ohc,OTHER,2000+,1.033776e+21
gm1500,2120,ohc,OTHER,all,5.484390e+22
gm1500,2121,ohc,SO,0-700,1.681230e+24
gm1500,2121,ohc,SO,700-2000,1.401453e+24
gm1500,2121,ohc,SO,2000+,9.912459e+23
gm1500,2121,ohc,SO,all,4.073929e+24
gm1500,2121,ohc,NORD,0-700,2.058393e+22
gm1500,2121,ohc,NORD,700-2000,3.162702e+22
gm1500,2121,ohc,NORD,2000+,2.364959e+22
gm1500,2121,ohc,NORD,all,7.586055e+22
gm1500,2121,ohc,SATL,0-700,7.282801e+23
gm1500,2121,ohc,SATL,700-2000,5.233556e+23
gm1500,2121,ohc,SATL,2000+,5.659716e+23
gm1500,2121,ohc,SATL,all,1.817607e+24
gm1500,2121,ohc,NATL,0-700,1.389101e+24
gm1500,2121,ohc,NATL,700-2000,1.056333e+24
gm1500,2121,ohc,NATL,2000+,9.573245e+23
gm1500,2121,ohc,NATL,all,3.402759e+24
gm1500,2121,ohc,SPNA,0-700,1.436922e+23
gm1500,2121,ohc,SPNA,700-2000,1.556493e+23
gm1500,2121,ohc,SPNA,2000+,1.137427e+23
gm1500,2121,ohc,SPNA,all,4.130841e+23
gm1500,2121,ohc,IP,0-700,6.001916e+24
gm1500,2121,ohc,IP,700-2000,3.056154e+24
gm1500,2121,ohc,IP,2000+,2.079225e+24
gm1500,2121,ohc,IP,all,1.113730e+25
gm1500,2121,ohc,OTHER,0-700,3.980181e+22
gm1500,2121,ohc,OTHER,700-2000,1.383978e+22
gm1500,2121,ohc,OTHER,2000+,1.036634e+21
gm1500,2121,ohc,OTHER,all,5.467823e+22
gm1500,2121,sfc,SO,col,-4.346276e+14
gm1500,2121,sfc,NORD,col,-3.219610e+14
gm1500,2121,sfc,SATL,col,2.786708e+14
gm1500,2121,sfc,NATL,col,1.273745e+13
gm1500,2121,sfc,SPNA,col,-2.692925e+14
gm1500,2121,sfc,IP,col,1.273118e+15
gm1500,2121,sfc,OTHER,col,5.109261e+13
gm1500,2121,tend,SO,col,2.716995e+14
gm1500,2121,tend,NORD,col,-3.621716e+13
gm1500,2121,tend,SATL,col,9.054064e+13
gm1500,2121,tend,NATL,col,8.128602e+13
gm1500,2121,tend,SPNA,col,2.325491e+13
gm1500,2121,tend,IP,col,1.821846e+14
gm1500,2121,tend,OTHER,col,-2.615430e+12
gm1500,2121,adv,SO,col,6.763870e+14
gm1500,2121,adv,NORD,col,3.014246e+14
gm1500,2121,adv,SATL,col,-2.243958e+14
gm1500,2121,adv,NATL,col,-2.154225e+13
gm1500,2121,adv,SPNA,col,2.886896e+14
gm1500,2121,adv,IP,col,-1.208404e+15
gm1500,2121,adv,OTHER,col,-6.707786e+13
gm1500,2121,diff,SO,col,-4.046875e+14
gm1500,2121,diff,NORD,col,-3.376417e+14
gm1500,2121,diff,SATL,col,3.149364e+14
gm1500,2121,diff,NATL,col,1.028283e+14
gm1500,2121,diff,SPNA,col,-2.654347e+14
gm1500,2121,diff,IP,col,1.390589e+15
gm1500,2121,diff,OTHER,col,6.446243e+13
gm1500,2121,mht_res,ATL@-34,0-700,4.690366e+14
gm1500,2121,mht_bol,ATL@-34,0-700,1.465871e+12
gm1500,2121,mht_res,ATL@-34,700-2000,-4.124803e+13
gm1500,2121,mht_bol,ATL@-34,700-2000,1.909329e+12
gm1500,2121,mht_res,ATL@-34,2000+,-6.643674e+13
gm1500,2121,mht_bol,ATL@-34,2000+,-1.549637e+12
gm1500,2121,mht_res,ATL@-34,all,3.613519e+14
gm1500,2121,mht_bol,ATL@-34,all,1.825562e+12
gm1500,2121,mht_res,ATL@-20,0-700,1.044969e+15
gm1500,2121,mht_bol,ATL@-20,0-700,2.835615e+13
gm1500,2121,mht_res,ATL@-20,700-2000,-1.778396e+14
gm1500,2121,mht_bol,ATL@-20,700-2000,-7.257585e+12
gm1500,2121,mht_res,ATL@-20,2000+,-1.355563e+14
gm1500,2121,mht_bol,ATL@-20,2000+,-2.936232e+12
gm1500,2121,mht_res,ATL@-20,all,7.315732e+14
gm1500,2121,mht_bol,ATL@-20,all,1.816234e+13
gm1500,2121,mht_res,ATL@20,0-700,1.258185e+15
gm1500,2121,mht_bol,ATL@20,0-700,-2.577113e+13
gm1500,2121,mht_res,ATL@20,700-2000,-2.891502e+14
gm1500,2121,mht_bol,ATL@20,700-2000,6.531762e+12
gm1500,2121,mht_res,ATL@20,2000+,-7.485119e+13
gm1500,2121,mht_bol,ATL@20,2000+,1.658004e+12
gm1500,2121,mht_res,ATL@20,all,8.941840e+14
gm1500,2121,mht_bol,ATL@20,all,-1.758136e+13
gm1500,2121,mht_res,ATL@30,0-700,1.418553e+15
gm1500,2121,mht_bol,ATL@30,0-700,1.756770e+13
gm1500,2121,mht_res,ATL@30,700-2000,-2.690726e+14
gm1500,2121,mht_bol,ATL@30,700-2000,-2.188710e+13
gm1500,2121,mht_res,ATL@30,2000+,-1.682438e+14
gm1500,2121,mht_bol,ATL@30,2000+,9.762997e+12
gm1500,2121,mht_res,ATL@30,all,9.812361e+14
gm1500,2121,mht_bol,ATL@30,all,5.443605e+12
gm1500,2121,mht_res,ATL@45,0-700,7.263405e+14
gm1500,2121,mht_bol,ATL@45,0-700,2.592857e+13
gm1500,2121,mht_res,ATL@45,700-2000,-1.697883e+14
gm1500,2121,mht_bol,ATL@45,700-2000,-5.360921e+12
gm1500,2121,mht_res,ATL@45,2000+,-1.012409e+14
gm1500,2121,mht_bol,ATL@45,2000+,-5.688238e+12
gm1500,2121,mht_res,ATL@45,all,4.553113e+14
gm1500,2121,mht_bol,ATL@45,all,1.487941e+13
gm1500,2121,mht_res,ATL@55,0-700,8.781219e+14
gm1500,2121,mht_bol,ATL@55,0-700,-1.484790e+12
gm1500,2121,mht_res,ATL@55,700-2000,-4.629691e+13
gm1500,2121,mht_bol,ATL@55,700-2000,1.750350e+12
gm1500,2121,mht_res,ATL@55,2000+,-5.163662e+13
gm1500,2121,mht_bol,ATL@55,2000+,-3.177840e+12
gm1500,2121,mht_res,ATL@55,all,7.801884e+14
gm1500,2121,mht_bol,ATL@55,all,-2.912280e+12
gm1500,2121,mht_res,ATL@66,0-700,1.383564e+14
gm1500,2121,mht_bol,ATL@66,0-700,1.477210e+13
gm1500,2121,mht_res,ATL@66,700-2000,-7.186352e+12
gm1500,2121,mht_bol,ATL@66,700-2000,-3.310569e+12
gm1500,2121,mht_res,ATL@66,2000+,7.562001e+11
gm1500,2121,mht_bol,ATL@66,2000+,-9.368781e+11
gm1500,2121,mht_res,ATL@66,all,1.319263e+14
gm1500,2121,mht_bol,ATL@66,all,1.052465e+13
gm1500,2122,ohc,SO,0-700,1.679505e+24
gm1500,2122,ohc,SO,700-2000,1.405030e+24
gm1500,2122,ohc,SO,2000+,9.942920e+23
gm1500,2122,ohc,SO,all,4.078827e+24
gm1500,2122,ohc,NORD,0-700,2.041966e+22
gm1500,2122,ohc,NORD,700-2000,3.173426e+22
gm1500,2122,ohc,NORD,2000+,2.370230e+22
gm1500,2122,ohc,NORD,all,7.585623e+22
gm1500,2122,ohc,SATL,0-700,7.289956e+23
gm1500,2122,ohc,SATL,700-2000,5.244967e+23
gm1500,2122,ohc,SATL,2000+,5.668855e+23
gm1500,2122,ohc,SATL,all,1.820378e+24
gm1500,2122,ohc,NATL,0-700,1.387527e+24
gm1500,2122,ohc,NATL,700-2000,1.059762e+24
gm1500,2122,ohc,NATL,2000+,9.585386e+23
gm1500,2122,ohc,NATL,all,3.405828e+24
gm1500,2122,ohc,SPNA,0-700,1.431615e+23
gm1500,2122,ohc,SPNA,700-2000,1.556491e+23
gm1500,2122,ohc,SPNA,2000+,1.138138e+23
gm1500,2122,ohc,SPNA,all,4.126244e+23
gm1500,2122,ohc,IP,0-700,6.006244e+24
gm1500,2122,ohc,IP,700-2000,3.058572e+24
gm1500,2122,ohc,IP,2000+,2.079912e+24
gm1500,2122,ohc,IP,all,1.114473e+25
gm1500,2122,ohc,OTHER,0-700,3.993138e+22
gm1500,2122,ohc,OTHER,700-2000,1.385276e+22
gm1500,2122,ohc,OTHER,2000+,1.036869e+21
gm1500,2122,ohc,OTHER,all,5.482101e+22
gm1500,2122,sfc,SO,col,-4.771668e+14
gm1500,2122,sfc,NORD,col,-2.765079e+14
gm1500,2122,sfc,SATL,col,2.908500e+14
gm1500,2122,sfc,NATL,col,7.003312e+13
gm1500,2122,sfc,SPNA,col,-3.420756e+14
gm1500,2122,sfc,IP,col,1.276554e+15
gm1500,2122,sfc,OTHER,col,6.472676e+13
gm1500,2122,tend,SO,col,1.778222e+14
gm1500,2122,tend,NORD,col,3.040500e+13
gm1500,2122,tend,SATL,col,6.018304e+13
gm1500,2122,tend,NATL,col,1.824558e+14
gm1500,2122,tend,SPNA,col,-6.643862e+13
gm1500,2122,tend,IP,col,2.190812e+14
gm1500,2122,tend,OTHER,col,9.341134e+12
gm1500,2122,adv,SO,col,6.173138e+14
gm1500,2122,adv,NORD,col,3.208735e+14
gm1500,2122,adv,SATL,col,-2.663192e+14
gm1500,2122,adv,NATL,col,2.043103e+13
gm1500,2122,adv,SPNA,col,2.772471e+14
gm1500,2122,adv,IP,col,-1.167600e+15
gm1500,2122,adv,OTHER,col,-6.922193e+13
gm1500,2122,diff,SO,col,-4.394916e+14
gm1500,2122,diff,NORD,col,-2.904685e+14
gm1500,2122,diff,SATL,col,3.265023e+14
gm1500,2122,diff,NATL,col,1.620248e+14
gm1500,2122,diff,SPNA,col,-3.436857e+14
gm1500,2122,diff,IP,col,1.386682e+15
gm1500,2122,diff,OTHER,col,7.856307e+13
gm1500,2122,mht_res,ATL@-34,0-700,4.491583e+14
gm1500,2122,mht_bol,ATL@-34,0-700,1.084394e+12
gm1500,2122,mht_res,ATL@-34,700-2000,-4.648438e+13
gm1500,2122,mht_bol,ATL@-34,700-2000,1.771411e+12
gm1500,2122,mht_res,ATL@-34,2000+,-7.268406e+13
gm1500,2122,mht_bol,ATL@-34,2000+,-1.499307e+12
gm1500,2122,mht_res,ATL@-34,all,3.299898e+14
gm1500,2122,mht_bol,ATL@-34,all,1.356498e+12
gm1500,2122,mht_res,ATL@-20,0-700,1.084732e+15
gm1500,2122,mht_bol,ATL@-20,0-700,2.906865e+13
gm1500,2122,mht_res,ATL@-20,700-2000,-1.685545e+14
gm1500,2122,mht_bol,ATL@-20,700-2000,-7.334505e+12
gm1500,2122,mht_res,ATL@-20,2000+,-1.451859e+14
gm1500,2122,mht_bol,ATL@-20,2000+,-2.873547e+12
gm1500,2122,mht_res,ATL@-20,all,7.709920e+14
gm1500,2122,mht_bol,ATL@-20,all,1.886060e+13
gm1500,2122,mht_res,ATL@20,0-700,1.482776e+15
gm1500,2122,mht_bol,ATL@20,0-700,-2.463904e+13
gm1500,2122,mht_res,ATL@20,700-2000,-2.813532e+14
gm1500,2122,mht_bol,ATL@20,700-2000,7.218232e+12
gm1500,2122,mht_res,ATL@20,2000+,-6.549872e+13
gm1500,2122,mht_bol,ATL@20,2000+,1.232327e+12
gm1500,2122,mht_res,ATL@20,all,1.135924e+15
gm1500,2122,mht_bol,ATL@20,all,-1.618848e+13
gm1500,2122,mht_res,ATL@30,0-700,1.358492e+15
gm1500,2122,mht_bol,ATL@30,0-700,1.518496e+13
gm1500,2122,mht_res,ATL@30,700-2000,-2.643127e+14
gm1500,2122,mht_bol,ATL@30,700-2000,-2.154496e+13
gm1500,2122,mht_res,ATL@30,2000+,-1.440053e+14
gm1500,2122,mht_bol,ATL@30,2000+,1.045260e+13
gm1500,2122,mht_res,ATL@30,all,9.501736e+14
gm1500,2122,mht_bol,ATL@30,all,4.092600e+12
gm1500,2122,mht_res,ATL@45,0-700,6.496237e+14
gm1500,2122,mht_bol,ATL@45,0-700,2.896221e+13
gm1500,2122,mht_res,ATL@45,700-2000,-1.803292e+14
gm1500,2122,mht_bol,ATL@45,700-2000,-6.849207e+12
gm1500,2122,mht_res,ATL@45,2000+,-9.331040e+13
gm1500,2122,mht_bol,ATL@45,2000+,-5.938747e+12
gm1500,2122,mht_res,ATL@45,all,3.759841e+14
gm1500,2122,mht_bol,ATL@45,all,1.617426e+13
gm1500,2122,mht_res,ATL@55,0-700,8.872849e+14
gm1500,2122,mht_bol,ATL@55,0-700,3.889480e+12
gm1500,2122,mht_res,ATL@55,700-2000,-4.671119e+13
gm1500,2122,mht_bol,ATL@55,700-2000,-1.898463e+12
gm1500,2122,mht_res,ATL@55,2000+,-5.709833e+13
gm1500,2122,mht_bol,ATL@55,2000+,-5.380742e+12
gm1500,2122,mht_res,ATL@55,all,7.834754e+14
gm1500,2122,mht_bol,ATL@55,all,-3.389724e+12
gm1500,2122,mht_res,ATL@66,0-700,1.561685e+14
gm1500,2122,mht_bol,ATL@66,0-700,1.402707e+13
gm1500,2122,mht_res,ATL@66,700-2000,-9.609761e+12
gm1500,2122,mht_bol,ATL@66,700-2000,-3.140390e+12
gm1500,2122,mht_res,ATL@66,2000+,-1.173472e+12
gm1500,2122,mht_bol,ATL@66,2000+,-6.563881e+11
gm1500,2122,mht_res,ATL@66,all,1.453853e+14
gm1500,2122,mht_bol,ATL@66,all,1.023029e+13
gm1500,2123,ohc,SO,0-700,1.678150e+24
gm1500,2123,ohc,SO,700-2000,1.408790e+24
gm1500,2123,ohc,SO,2000+,9.979585e+23
gm1500,2123,ohc,SO,all,4.084899e+24
gm1500,2123,ohc,NORD,0-700,2.038032e+22
gm1500,2123,ohc,NORD,700-2000,3.181270e+22
gm1500,2123,ohc,NORD,2000+,2.377541e+22
gm1500,2123,ohc,NORD,all,7.596843e+22
gm1500,2123,ohc,SATL,0-700,7.293759e+23
gm1500,2123,ohc,SATL,700-2000,5.257689e+23
gm1500,2123,ohc,SATL,2000+,5.678582e+23
gm1500,2123,ohc,SATL,all,1.823003e+24
gm1500,2123,ohc,NATL,0-700,1.387520e+24
gm1500,2123,ohc,NATL,700-2000,1.061339e+24
gm1500,2123,ohc,NATL,2000+,9.594444e+23
gm1500,2123,ohc,NATL,all,3.408303e+24
gm1500,2123,ohc,SPNA,0-700,1.411030e+23
gm1500,2123,ohc,SPNA,700-2000,1.555091e+23
gm1500,2123,ohc,SPNA,2000+,1.136921e+23
gm1500,2123,ohc,SPNA,all,4.103042e+23
gm1500,2123,ohc,IP,0-700,6.011956e+24
gm1500,2123,ohc,IP,700-2000,3.060897e+24
gm1500,2123,ohc,IP,2000+,2.080715e+24
gm1500,2123,ohc,IP,all,1.115357e+25
gm1500,2123,ohc,OTHER,0-700,4.012436e+22
gm1500,2123,ohc,OTHER,700-2000,1.389351e+22
gm1500,2123,ohc,OTHER,2000+,1.040063e+21
gm1500,2123,ohc,OTHER,all,5.505793e+22
gm1500,2123,sfc,SO,col,-5.335478e+14
gm1500,2123,sfc,NORD,col,-3.029291e+14
gm1500,2123,sfc,SATL,col,2.468632e+14
gm1500,2123,sfc,NATL,col,6.855408e+13
gm1500,2123,sfc,SPNA,col,-3.663268e+14
gm1500,2123,sfc,IP,col,1.491902e+15
gm1500,2123,sfc,OTHER,col,5.492871e+13
gm1500,2123,tend,SO,col,2.172989e+14
gm1500,2123,tend,NORD,col,9.040374e+12
gm1500,2123,tend,SATL,col,1.131488e+14
gm1500,2123,tend,NATL,col,1.668377e+13
gm1500,2123,tend,SPNA,col,-1.004921e+14
gm1500,2123,tend,IP,col,3.925890e+14
gm1500,2123,tend,OTHER,col,4.473617e+12
gm1500,2123,adv,SO,col,7.138285e+14
gm1500,2123,adv,NORD,col,3.238045e+14
gm1500,2123,adv,SATL,col,-1.727857e+14
gm1500,2123,adv,NATL,col,-1.409993e+14
gm1500,2123,adv,SPNA,col,2.611704e+14
gm1500,2123,adv,IP,col,-1.218582e+15
gm1500,2123,adv,OTHER,col,-6.319304e+13
gm1500,2123,diff,SO,col,-4.965296e+14
gm1500,2123,diff,NORD,col,-3.147642e+14
gm1500,2123,diff,SATL,col,2.859344e+14
gm1500,2123,diff,NATL,col,1.576831e+14
gm1500,2123,diff,SPNA,col,-3.616625e+14
gm1500,2123,diff,IP,col,1.611171e+15
gm1500,2123,diff,OTHER,col,6.766666e+13
gm1500,2123,mht_res,ATL@-34,0-700,4.285587e+14
gm1500,2123,mht_bol,ATL@-34,0-700,3.140766e+12
gm1500,2123,mht_res,ATL@-34,700-2000,-4.290220e+13
gm1500,2123,mht_bol,ATL@-34,700-2000,1.636339e+12
gm1500,2123,mht_res,ATL@-34,2000+,-6.843430e+13
gm1500,2123,mht_bol,ATL@-34,2000+,-1.660584e+12
gm1500,2123,mht_res,ATL@-34,all,3.172222e+14
gm1500,2123,mht_bol,ATL@-34,all,3.116521e+12
gm1500,2123,mht_res,ATL@-20,0-700,9.459965e+14
gm1500,2123,mht_bol,ATL@-20,0-700,2.693871e+13
gm1500,2123,mht_res,ATL@-20,700-2000,-1.545659e+14
gm1500,2123,mht_bol,ATL@-20,700-2000,-7.246000e+12
gm1500,2123,mht_res,ATL@-20,2000+,-1.298405e+14
gm1500,2123,mht_bol,ATL@-20,2000+,-2.982812e+12
gm1500,2123,mht_res,ATL@-20,all,6.615901e+14
gm1500,2123,mht_bol,ATL@-20,all,1.670990e+13
gm1500,2123,mht_res,ATL@20,0-700,1.344491e+15
gm1500,2123,mht_bol,ATL@20,0-700,-2.554697e+13
gm1500,2123,mht_res,ATL@20,700-2000,-2.810354e+14
gm1500,2123,mht_bol,ATL@20,700-2000,8.393111e+12
gm1500,2123,mht_res,ATL@20,2000+,-5.479273e+13
gm1500,2123,mht_bol,ATL@20,2000+,6.924812e+11
gm1500,2123,mht_res,ATL@20,all,1.008663e+15
gm1500,2123,mht_bol,ATL@20,all,-1.646138e+13
gm1500,2123,mht_res,ATL@30,0-700,1.410016e+15
gm1500,2123,mht_bol,ATL@30,0-700,1.569255e+13
gm1500,2123,mht_res,ATL@30,700-2000,-2.589442e+14
gm1500,2123,mht_bol,ATL@30,700-2000,-2.145125e+13
gm1500,2123,mht_res,ATL@30,2000+,-1.415001e+14
gm1500,2123,mht_bol,ATL@30,2000+,1.056972e+13
gm1500,2123,mht_res,ATL@30,all,1.009572e+15
gm1500,2123,mht_bol,ATL@30,all,4.811020e+12
gm1500,2123,mht_res,ATL@45,0-700,6.858353e+14
gm1500,2123,mht_bol,ATL@45,0-700,3.254609e+13
gm1500,2123,mht_res,ATL@45,700-2000,-1.703555e+14
gm1500,2123,mht_bol,ATL@45,700-2000,-1.110770e+13
gm1500,2123,mht_res,ATL@45,2000+,-1.050692e+14
gm1500,2123,mht_bol,ATL@45,2000+,-5.568578e+12
gm1500,2123,mht_res,ATL@45,all,4.104106e+14
gm1500,2123,mht_bol,ATL@45,all,1.586981e+13
gm1500,2123,mht_res,ATL@55,0-700,8.856504e+14
gm1500,2123,mht_bol,ATL@55,0-700,1.446858e+13
gm1500,2123,mht_res,ATL@55,700-2000,-4.121528e+13
gm1500,2123,mht_bol,ATL@55,700-2000,-1.816272e+12
gm1500,2123,mht_res,ATL@55,2000+,-7.458220e+13
gm1500,2123,mht_bol,ATL@55,2000+,-1.352391e+13
gm1500,2123,mht_res,ATL@55,all,7.698529e+14
gm1500,2123,mht_bol,ATL@55,all,-8.716008e+11
gm1500,2123,mht_res,ATL@66,0-700,1.551747e+14
gm1500,2123,mht_bol,ATL@66,0-700,1.378010e+13
gm1500,2123,mht_res,ATL@66,700-2000,-8.707590e+12
gm1500,2123,mht_bol,ATL@66,700-2000,-3.132757e+12
gm1500,2123,mht_res,ATL@66,2000+,-2.259370e+10
gm1500,2123,mht_bol,ATL@66,2000+,-3.170884e+11
gm1500,2123,mht_res,ATL@66,all,1.464446e+14
gm1500,2123,mht_bol,ATL@66,all,1.033026e+13
gm1500,2124,ohc,SO,0-700,1.676292e+24
gm1500,2124,ohc,SO,700-2000,1.411059e+24
gm1500,2124,ohc,SO,2000+,1.001021e+24
gm1500,2124,ohc,SO,all,4.088372e+24
gm1500,2124,ohc,NORD,0-700,2.062524e+22
gm1500,2124,ohc,NORD,700-2000,3.186629e+22
gm1500,2124,ohc,NORD,2000+,2.386844e+22
gm1500,2124,ohc,NORD,all,7.635996e+22
gm1500,2124,ohc,SATL,0-700,7.288822e+23
gm1500,2124,ohc,SATL,700-2000,5.270484e+23
gm1500,2124,ohc,SATL,2000+,5.688818e+23
gm1500,2124,ohc,SATL,all,1.824812e+24
gm1500,2124,ohc,NATL,0-700,1.387598e+24
gm1500,2124,ohc,NATL,700-2000,1.063247e+24
gm1500,2124,ohc,NATL,2000+,9.602325e+23
gm1500,2124,ohc,NATL,all,3.411078e+24
gm1500,2124,ohc,SPNA,0-700,1.377070e+23
gm1500,2124,ohc,SPNA,700-2000,1.549091e+23
gm1500,2124,ohc,SPNA,2000+,1.136183e+23
gm1500,2124,ohc,SPNA,all,4.062345e+23
gm1500,2124,ohc,IP,0-700,6.018801e+24
gm1500,2124,ohc,IP,700-2000,3.063699e+24
gm1500,2124,ohc,IP,2000+,2.081668e+24
gm1500,2124,ohc,IP,all,1.116417e+25
gm1500,2124,ohc,OTHER,0-700,4.013182e+22
gm1500,2124,ohc,OTHER,700-2000,1.394188e+22
gm1500,2124,ohc,OTHER,2000+,1.044414e+21
gm1500,2124,ohc,OTHER,all,5.511811e+22
gm1500,2124,sfc,SO,col,-5.052429e+14
gm1500,2124,sfc,NORD,col,-2.616846e+14
gm1500,2124,sfc,SATL,col,2.976586e+14
gm1500,2124,sfc,NATL,col,1.228305e+14
gm1500,2124,sfc,SPNA,col,-3.705043e+14
gm1500,2124,sfc,IP,col,1.070546e+15
gm1500,2124,sfc,OTHER,col,5.789568e+13
gm1500,2124,tend,SO,col,2.540309e+13
gm1500,2124,tend,NORD,col,4.850471e+13
gm1500,2124,tend,SATL,col,1.421854e+14
gm1500,2124,tend,NATL,col,2.279102e+14
gm1500,2124,tend,SPNA,col,-1.356646e+14
gm1500,2124,tend,IP,col,1.157182e+14
gm1500,2124,tend,OTHER,col,-2.417984e+12
gm1500,2124,adv,SO,col,4.947188e+14
gm1500,2124,adv,NORD,col,3.199396e+14
gm1500,2124,adv,SATL,col,-1.936271e+14
gm1500,2124,adv,NATL,col,1.074052e+13
gm1500,2124,adv,SPNA,col,2.288130e+14
gm1500,2124,adv,IP,col,-1.070294e+15
gm1500,2124,adv,OTHER,col,-7.239660e+13
gm1500,2124,diff,SO,col,-4.693157e+14
gm1500,2124,diff,NORD,col,-2.714349e+14
gm1500,2124,diff,SATL,col,3.358125e+14
gm1500,2124,diff,NATL,col,2.171697e+14
gm1500,2124,diff,SPNA,col,-3.644775e+14
gm1500,2124,diff,IP,col,1.186012e+15
gm1500,2124,diff,OTHER,col,6.997862e+13
gm1500,2124,mht_res,ATL@-34,0-700,4.615502e+14
gm1500,2124,mht_bol,ATL@-34,0-700,1.896330e+12
gm1500,2124,mht_res,ATL@-34,700-2000,-4.248415e+13
gm1500,2124,mht_bol,ATL@-34,700-2000,1.738499e+12
gm1500,2124,mht_res,ATL@-34,2000+,-7.437429e+13
gm1500,2124,mht_bol,ATL@-34,2000+,-1.644860e+12
gm1500,2124,mht_res,ATL@-34,all,3.446917e+14
gm1500,2124,mht_bol,ATL@-34,all,1.989970e+12
gm1500,2124,mht_res,ATL@-20,0-700,1.061199e+15
gm1500,2124,mht_bol,ATL@-20,0-700,2.894488e+13
gm1500,2124,mht_res,ATL@-20,700-2000,-1.645416e+14
gm1500,2124,mht_bol,ATL@-20,700-2000,-7.002787e+12
gm1500,2124,mht_res,ATL@-20,2000+,-1.447104e+14
gm1500,2124,mht_bol,ATL@-20,2000+,-3.490165e+12
gm1500,2124,mht_res,ATL@-20,all,7.519470e+14
gm1500,2124,mht_bol,ATL@-20,all,1.845193e+13
gm1500,2124,mht_res,ATL@20,0-700,1.339440e+15
gm1500,2124,mht_bol,ATL@20,0-700,-2.698143e+13
gm1500,2124,mht_res,ATL@20,700-2000,-2.681591e+14
gm1500,2124,mht_bol,ATL@20,700-2000,9.121547e+12
gm1500,2124,mht_res,ATL@20,2000+,-5.781087e+13
gm1500,2124,mht_bol,ATL@20,2000+,5.568351e+11
gm1500,2124,mht_res,ATL@20,all,1.013470e+15
gm1500,2124,mht_bol,ATL@20,all,-1.730305e+13
gm1500,2124,mht_res,ATL@30,0-700,1.393272e+15
gm1500,2124,mht_bol,ATL@30,0-700,1.526299e+13
gm1500,2124,mht_res,ATL@30,700-2000,-2.503962e+14
gm1500,2124,mht_bol,ATL@30,700-2000,-2.167317e+13
gm1500,2124,mht_res,ATL@30,2000+,-1.455654e+14
gm1500,2124,mht_bol,ATL@30,2000+,1.075737e+13
gm1500,2124,mht_res,ATL@30,all,9.973106e+14
gm1500,2124,mht_bol,ATL@30,all,4.347192e+12
gm1500,2124,mht_res,ATL@45,0-700,6.502295e+14
gm1500,2124,mht_bol,ATL@45,0-700,3.216101e+13
gm1500,2124,mht_res,ATL@45,700-2000,-1.682470e+14
gm1500,2124,mht_bol,ATL@45,700-2000,-1.158432e+13
gm1500,2124,mht_res,ATL@45,2000+,-9.737426e+13
gm1500,2124,mht_bol,ATL@45,2000+,-4.259809e+12
gm1500,2124,mht_res,ATL@45,all,3.846083e+14
gm1500,2124,mht_bol,ATL@45,all,1.631688e+13
gm1500,2124,mht_res,ATL@55,0-700,7.878830e+14
gm1500,2124,mht_bol,ATL@55,0-700,1.568003e+13
gm1500,2124,mht_res,ATL@55,700-2000,-3.088580e+13
gm1500,2124,mht_bol,ATL@55,700-2000,1.939614e+12
gm1500,2124,mht_res,ATL@55,2000+,-7.507979e+13
gm1500,2124,mht_bol,ATL@55,2000+,-1.771815e+13
gm1500,2124,mht_res,ATL@55,all,6.819174e+14
gm1500,2124,mht_bol,ATL@55,all,-9.850793e+10
gm1500,2124,mht_res,ATL@66,0-700,1.584147e+14
gm1500,2124,mht_bol,ATL@66,0-700,1.437738e+13
gm1500,2124,mht_res,ATL@66,700-2000,-7.920956e+12
gm1500,2124,mht_bol,ATL@66,700-2000,-4.256154e+12
gm1500,2124,mht_res,ATL@66,2000+,-6.569183e+11
gm1500,2124,mht_bol,ATL@66,2000+,6.971324e+10
gm1500,2124,mht_res,ATL@66,all,1.498368e+14
gm1500,2124,mht_bol,ATL@66,all,1.019094e+13
gm1500,2125,ohc,SO,0-700,1.672702e+24
gm1500,2125,ohc,SO,700-2000,1.409549e+24
gm1500,2125,ohc,SO,2000+,1.002954e+24
gm1500,2125,ohc,SO,all,4.085205e+24
gm1500,2125,ohc,NORD,0-700,2.245233e+22
gm1500,2125,ohc,NORD,700-2000,3.186269e+22
gm1500,2125,ohc,NORD,2000+,2.394853e+22
gm1500,2125,ohc,NORD,all,7.826355e+22
gm1500,2125,ohc,SATL,0-700,7.325965e+23
gm1500,2125,ohc,SATL,700-2000,5.285012e+23
gm1500,2125,ohc,SATL,2000+,5.701054e+23
gm1500,2125,ohc,SATL,all,1.831203e+24
gm1500,2125,ohc,NATL,0-700,1.390409e+24
gm1500,2125,ohc,NATL,700-2000,1.065946e+24
gm1500,2125,ohc,NATL,2000+,9.610161e+23
gm1500,2125,ohc,NATL,all,3.417371e+24
gm1500,2125,ohc,SPNA,0-700,1.372394e+23
gm1500,2125,ohc,SPNA,700-2000,1.536297e+23
gm1500,2125,ohc,SPNA,2000+,1.135217e+23
gm1500,2125,ohc,SPNA,all,4.043908e+23
gm1500,2125,ohc,IP,0-700,6.016358e+24
gm1500,2125,ohc,IP,700-2000,3.067305e+24
gm1500,2125,ohc,IP,2000+,2.082732e+24
gm1500,2125,ohc,IP,all,1.116639e+25
gm1500,2125,ohc,OTHER,0-700,4.010424e+22
gm1500,2125,ohc,OTHER,700-2000,1.394336e+22
gm1500,2125,ohc,OTHER,2000+,1.043928e+21
gm1500,2125,ohc,OTHER,all,5.509152e+22
gm1500,2125,sfc,SO,col,-4.316179e+14
gm1500,2125,sfc,NORD,col,-2.698723e+14
gm1500,2125,sfc,SATL,col,4.413364e+14
gm1500,2125,sfc,NATL,col,2.947340e+13
gm1500,2125,sfc,SPNA,col,-3.663606e+14
gm1500,2125,sfc,IP,col,9.593946e+14
gm1500,2125,sfc,OTHER,col,6.446319e+13
gm1500,2125,tend,SO,col,-2.112187e+14
gm1500,2125,tend,NORD,col,1.880893e+13
gm1500,2125,tend,SATL,col,2.550010e+14
gm1500,2125,tend,NATL,col,1.391129e+14
gm1500,2125,tend,SPNA,col,-3.409734e+13
gm1500,2125,tend,IP,col,2.602044e+14
gm1500,2125,tend,OTHER,col,9.582966e+12
gm1500,2125,adv,SO,col,1.759650e+14
gm1500,2125,adv,NORD,col,3.000328e+14
gm1500,2125,adv,SATL,col,-2.260187e+14
gm1500,2125,adv,NATL,col,2.434854e+13
gm1500,2125,adv,SPNA,col,3.270359e+14
gm1500,2125,adv,IP,col,-8.295730e+14
gm1500,2125,adv,OTHER,col,-6.922323e+13
gm1500,2125,diff,SO,col,-3.871837e+14
gm1500,2125,diff,NORD,col,-2.812239e+14
gm1500,2125,diff,SATL,col,4.810196e+14
gm1500,2125,diff,NATL,col,1.147644e+14
gm1500,2125,diff,SPNA,col,-3.611332e+14
gm1500,2125,diff,IP,col,1.089777e+15
gm1500,2125,diff,OTHER,col,7.880620e+13
gm1500,2125,mht_res,ATL@-34,0-700,5.201055e+14
gm1500,2125,mht_bol,ATL@-34,0-700,4.626929e+12
gm1500,2125,mht_res,ATL@-34,700-2000,-3.482177e+13
gm1500,2125,mht_bol,ATL@-34,700-2000,1.694267e+12
gm1500,2125,mht_res,ATL@-34,2000+,-7.319102e+13
gm1500,2125,mht_bol,ATL@-34,2000+,-2.154035e+12
gm1500,2125,mht_res,ATL@-34,all,4.120927e+14
gm1500,2125,mht_bol,ATL@-34,all,4.167161e+12
gm1500,2125,mht_res,ATL@-20,0-700,1.205385e+15
gm1500,2125,mht_bol,ATL@-20,0-700,3.055605e+13
gm1500,2125,mht_res,ATL@-20,700-2000,-1.721961e+14
gm1500,2125,mht_bol,ATL@-20,700-2000,-6.860476e+12
gm1500,2125,mht_res,ATL@-20,2000+,-1.616527e+14
gm1500,2125,mht_bol,ATL@-20,2000+,-3.629655e+12
gm1500,2125,mht_res,ATL@-20,all,8.715365e+14
gm1500,2125,mht_bol,ATL@-20,all,2.006592e+13
gm1500,2125,mht_res,ATL@20,0-700,1.699383e+15
gm1500,2125,mht_bol,ATL@20,0-700,-1.947344e+13
gm1500,2125,mht_res,ATL@20,700-2000,-2.434709e+14
gm1500,2125,mht_bol,ATL@20,700-2000,7.688152e+12
gm1500,2125,mht_res,ATL@20,2000+,-6.864354e+13
gm1500,2125,mht_bol,ATL@20,2000+,1.423752e+11
gm1500,2125,mht_res,ATL@20,all,1.387268e+15
gm1500,2125,mht_bol,ATL@20,all,-1.164291e+13
gm1500,2125,mht_res,ATL@30,0-700,1.237878e+15
gm1500,2125,mht_bol,ATL@30,0-700,1.810211e+13
gm1500,2125,mht_res,ATL@30,700-2000,-2.440052e+14
gm1500,2125,mht_bol,ATL@30,700-2000,-2.313241e+13
gm1500,2125,mht_res,ATL@30,2000+,-1.305054e+14
gm1500,2125,mht_bol,ATL@30,2000+,1.120730e+13
gm1500,2125,mht_res,ATL@30,all,8.633673e+14
gm1500,2125,mht_bol,ATL@30,all,6.177000e+12
gm1500,2125,mht_res,ATL@45,0-700,7.512752e+14
gm1500,2125,mht_bol,ATL@45,0-700,3.113946e+13
gm1500,2125,mht_res,ATL@45,700-2000,-1.573650e+14
gm1500,2125,mht_bol,ATL@45,700-2000,-1.149288e+13
gm1500,2125,mht_res,ATL@45,2000+,-1.130542e+14
gm1500,2125,mht_bol,ATL@45,2000+,-4.458994e+12
gm1500,2125,mht_res,ATL@45,all,4.808560e+14
gm1500,2125,mht_bol,ATL@45,all,1.518760e+13
gm1500,2125,mht_res,ATL@55,0-700,9.038329e+14
gm1500,2125,mht_bol,ATL@55,0-700,2.292290e+13
gm1500,2125,mht_res,ATL@55,700-2000,-2.459352e+13
gm1500,2125,mht_bol,ATL@55,700-2000,1.575566e+12
gm1500,2125,mht_res,ATL@55,2000+,-8.698347e+13
gm1500,2125,mht_bol,ATL@55,2000+,-2.471809e+13
gm1500,2125,mht_res,ATL@55,all,7.922559e+14
gm1500,2125,mht_bol,ATL@55,all,-2.196200e+11
gm1500,2125,mht_res,ATL@66,0-700,1.512642e+14
gm1500,2125,mht_bol,ATL@66,0-700,1.350225e+13
gm1500,2125,mht_res,ATL@66,700-2000,-5.665212e+12
gm1500,2125,mht_bol,ATL@66,700-2000,-4.469286e+12
gm1500,2125,mht_res,ATL@66,2000+,-9.740122e+09
gm1500,2125,mht_bol,ATL@66,2000+,2.202810e+11
gm1500,2125,mht_res,ATL@66,all,1.455892e+14
gm1500,2125,mht_bol,ATL@66,all,9.253249e+12
gm1500,2126,ohc,SO,0-700,1.669093e+24
gm1500,2126,ohc,SO,700-2000,1.406599e+24
gm1500,2126,ohc,SO,2000+,1.004697e+24
gm1500,2126,ohc,SO,all,4.080390e+24
gm1500,2126,ohc,NORD,0-700,2.201491e+22
gm1500,2126,ohc,NORD,700-2000,3.194780e+22
gm1500,2126,ohc,NORD,2000+,2.404935e+22
gm1500,2126,ohc,NORD,all,7.801206e+22
gm1500,2126,ohc,SATL,0-700,7.358198e+23
gm1500,2126,ohc,SATL,700-2000,5.298378e+23
gm1500,2126,ohc,SATL,2000+,5.713035e+23
gm1500,2126,ohc,SATL,all,1.836961e+24
gm1500,2126,ohc,NATL,0-700,1.392185e+24
gm1500,2126,ohc,NATL,700-2000,1.068085e+24
gm1500,2126,ohc,NATL,2000+,9.619507e+23
gm1500,2126,ohc,NATL,all,3.422220e+24
gm1500,2126,ohc,SPNA,0-700,1.383532e+23
gm1500,2126,ohc,SPNA,700-2000,1.528474e+23
gm1500,2126,ohc,SPNA,2000+,1.134068e+23
gm1500,2126,ohc,SPNA,all,4.046075e+23
gm1500,2126,ohc,IP,0-700,6.013137e+24
gm1500,2126,ohc,IP,700-2000,3.074012e+24
gm1500,2126,ohc,IP,2000+,2.084039e+24
gm1500,2126,ohc,IP,all,1.117119e+25
gm1500,2126,ohc,OTHER,0-700,4.012200e+22
gm1500,2126,ohc,OTHER,700-2000,1.397044e+22
gm1500,2126,ohc,OTHER,2000+,1.042633e+21
gm1500,2126,ohc,OTHER,all,5.513507e+22
gm1500,2126,sfc,SO,col,-3.912567e+14
gm1500,2126,sfc,NORD,col,-2.818254e+14
gm1500,2126,sfc,SATL,col,3.372929e+14
gm1500,2126,sfc,NATL,col,1.736538e+13
gm1500,2126,sfc,SPNA,col,-2.714507e+14
gm1500,2126,sfc,IP,col,8.375742e+14
gm1500,2126,sfc,OTHER,col,6.596181e+13
gm1500,2126,tend,SO,col,4.159855e+13
gm1500,2126,tend,NORD,col,-1.198693e+13
gm1500,2126,tend,SATL,col,4.992081e+13
gm1500,2126,tend,NATL,col,1.319319e+14
gm1500,2126,tend,SPNA,col,8.716046e+13
gm1500,2126,tend,IP,col,4.380549e+13
gm1500,2126,tend,OTHER,col,-1.421669e+12
gm1500,2126,adv,SO,col,3.890331e+14
gm1500,2126,adv,NORD,col,2.842769e+14
gm1500,2126,adv,SATL,col,-3.245421e+14
gm1500,2126,adv,NATL,col,3.030718e+13
gm1500,2126,adv,SPNA,col,3.480871e+14
gm1500,2126,adv,IP,col,-9.183306e+14
gm1500,2126,adv,OTHER,col,-8.227749e+13
gm1500,2126,diff,SO,col,-3.474345e+14
gm1500,2126,diff,NORD,col,-2.962638e+14
gm1500,2126,diff,SATL,col,3.744629e+14
gm1500,2126,diff,NATL,col,1.016247e+14
gm1500,2126,diff,SPNA,col,-2.609266e+14
gm1500,2126,diff,IP,col,9.621361e+14
gm1500,2126,diff,OTHER,col,8.085582e+13
gm1500,2126,mht_res,ATL@-34,0-700,5.092193e+14
gm1500,2126,mht_bol,ATL@-34,0-700,5.895955e+12
gm1500,2126,mht_res,ATL@-34,700-2000,-3.245127e+13
gm1500,2126,mht_bol,ATL@-34,700-2000,1.638367e+12
gm1500,2126,mht_res,ATL@-34,2000+,-6.945493e+13
gm1500,2126,mht_bol,ATL@-34,2000+,-2.481757e+12
gm1500,2126,mht_res,ATL@-34,all,4.073130e+14
gm1500,2126,mht_bol,ATL@-34,all,5.052565e+12
gm1500,2126,mht_res,ATL@-20,0-700,1.110860e+15
gm1500,2126,mht_bol,ATL@-20,0-700,2.919393e+13
gm1500,2126,mht_res,ATL@-20,700-2000,-1.749303e+14
gm1500,2126,mht_bol,ATL@-20,700-2000,-7.499146e+12
gm1500,2126,mht_res,ATL@-20,2000+,-1.616277e+14
gm1500,2126,mht_bol,ATL@-20,2000+,-3.194190e+12
gm1500,2126,mht_res,ATL@-20,all,7.743020e+14
gm1500,2126,mht_bol,ATL@-20,all,1.850059e+13
gm1500,2126,mht_res,ATL@20,0-700,1.671430e+15
gm1500,2126,mht_bol,ATL@20,0-700,-2.117905e+13
gm1500,2126,mht_res,ATL@20,700-2000,-2.842027e+14
gm1500,2126,mht_bol,ATL@20,700-2000,7.442323e+12
gm1500,2126,mht_res,ATL@20,2000+,-7.979409e+13
gm1500,2126,mht_bol,ATL@20,2000+,8.823728e+11
gm1500,2126,mht_res,ATL@20,all,1.307433e+15
gm1500,2126,mht_bol,ATL@20,all,-1.285435e+13
gm1500,2126,mht_res,ATL@30,0-700,1.440240e+15
gm1500,2126,mht_bol,ATL@30,0-700,2.331065e+13
gm1500,2126,mht_res,ATL@30,700-2000,-2.280190e+14
gm1500,2126,mht_bol,ATL@30,700-2000,-2.368485e+13
gm1500,2126,mht_res,ATL@30,2000+,-1.498382e+14
gm1500,2126,mht_bol,ATL@30,2000+,1.035128e+13
gm1500,2126,mht_res,ATL@30,all,1.062383e+15
gm1500,2126,mht_bol,ATL@30,all,9.977076e+12
gm1500,2126,mht_res,ATL@45,0-700,7.386692e+14
gm1500,2126,mht_bol,ATL@45,0-700,3.361430e+13
gm1500,2126,mht_res,ATL@45,700-2000,-1.680514e+14
gm1500,2126,mht_bol,ATL@45,700-2000,-1.116931e+13
gm1500,2126,mht_res,ATL@45,2000+,-1.316683e+14
gm1500,2126,mht_bol,ATL@45,2000+,-6.409208e+12
gm1500,2126,mht_res,ATL@45,all,4.389496e+14
gm1500,2126,mht_bol,ATL@45,all,1.603578e+13
gm1500,2126,mht_res,ATL@55,0-700,8.867842e+14
gm1500,2126,mht_bol,ATL@55,0-700,2.828324e+13
gm1500,2126,mht_res,ATL@55,700-2000,-1.481860e+13
gm1500,2126,mht_bol,ATL@55,700-2000,-2.562882e+12
gm1500,2126,mht_res,ATL@55,2000+,-8.341658e+13
gm1500,2126,mht_bol,ATL@55,2000+,-2.616605e+13
gm1500,2126,mht_res,ATL@55,all,7.885491e+14
gm1500,2126,mht_bol,ATL@55,all,-4.456937e+11
gm1500,2126,mht_res,ATL@66,0-700,1.505812e+14
gm1500,2126,mht_bol,ATL@66,0-700,1.277544e+13
gm1500,2126,mht_res,ATL@66,700-2000,-7.253007e+12
gm1500,2126,mht_bol,ATL@66,700-2000,-3.987653e+12
gm1500,2126,mht_res,ATL@66,2000+,-2.303093e+11
gm1500,2126,mht_bol,ATL@66,2000+,1.434141e+11
gm1500,2126,mht_res,ATL@66,all,1.430979e+14
gm1500,2126,mht_bol,ATL@66,all,8.931196e+12
gm1500,2127,ohc,SO,0-700,1.665696e+24
gm1500,2127,ohc,SO,700-2000,1.408517e+24
gm1500,2127,ohc,SO,2000+,1.007389e+24
gm1500,2127,ohc,SO,all,4.081603e+24
gm1500,2127,ohc,NORD,0-700,2.230720e+22
gm1500,2127,ohc,NORD,700-2000,3.204617e+22
gm1500,2127,ohc,NORD,2000+,2.412742e+22
gm1500,2127,ohc,NORD,all,7.848078e+22
gm1500,2127,ohc,SATL,0-700,7.359789e+23
gm1500,2127,ohc,SATL,700-2000,5.312472e+23
gm1500,2127,ohc,SATL,2000+,5.725030e+23
gm1500,2127,ohc,SATL,all,1.839729e+24
gm1500,2127,ohc,NATL,0-700,1.394472e+24
gm1500,2127,ohc,NATL,700-2000,1.068693e+24
gm1500,2127,ohc,NATL,2000+,9.627709e+23
gm1500,2127,ohc,NATL,all,3.425936e+24
gm1500,2127,ohc,SPNA,0-700,1.417757e+23
gm1500,2127,ohc,SPNA,700-2000,1.526384e+23
gm1500,2127,ohc,SPNA,2000+,1.135043e+23
gm1500,2127,ohc,SPNA,all,4.079183e+23
gm1500,2127,ohc,IP,0-700,6.008031e+24
gm1500,2127,ohc,IP,700-2000,3.077997e+24
gm1500,2127,ohc,IP,2000+,2.084941e+24
gm1500,2127,ohc,IP,all,1.117097e+25
gm1500,2127,ohc,OTHER,0-700,4.002616e+22
gm1500,2127,ohc,OTHER,700-2000,1.395250e+22
gm1500,2127,ohc,OTHER,2000+,1.042329e+21
gm1500,2127,ohc,OTHER,all,5.502099e+22
gm1500,2127,sfc,SO,col,-5.209474e+14
gm1500,2127,sfc,NORD,col,-2.940086e+14
gm1500,2127,sfc,SATL,col,3.389593e+14
gm1500,2127,sfc,NATL,col,1.373385e+13
gm1500,2127,sfc,SPNA,col,-3.097234e+14
gm1500,2127,sfc,IP,col,1.126411e+15
gm1500,2127,sfc,OTHER,col,4.835198e+13
gm1500,2127,tend,SO,col,1.143978e+14
gm1500,2127,tend,NORD,col,-1.979131e+13
gm1500,2127,tend,SATL,col,1.855180e+14
gm1500,2127,tend,NATL,col,4.728099e+12
gm1500,2127,tend,SPNA,col,7.312152e+13
gm1500,2127,tend,IP,col,6.998980e+13
gm1500,2127,tend,OTHER,col,-9.985658e+12
gm1500,2127,adv,SO,col,5.965868e+14
gm1500,2127,adv,NORD,col,2.888997e+14
gm1500,2127,adv,SATL,col,-1.886920e+14
gm1500,2127,adv,NATL,col,-9.437568e+13
gm1500,2127,adv,SPNA,col,3.704195e+14
gm1500,2127,adv,IP,col,-1.184942e+15
gm1500,2127,adv,OTHER,col,-7.138476e+13
gm1500,2127,diff,SO,col,-4.821891e+14
gm1500,2127,diff,NORD,col,-3.086910e+14
gm1500,2127,diff,SATL,col,3.742100e+14
gm1500,2127,diff,NATL,col,9.910378e+13
gm1500,2127,diff,SPNA,col,-2.972980e+14
gm1500,2127,diff,IP,col,1.254932e+15
gm1500,2127,diff,OTHER,col,6.139910e+13
gm1500,2127,mht_res,ATL@-34,0-700,5.329486e+14
gm1500,2127,mht_bol,ATL@-34,0-700,4.894301e+12
gm1500,2127,mht_res,ATL@-34,700-2000,-3.319226e+13
gm1500,2127,mht_bol,ATL@-34,700-2000,1.767358e+12
gm1500,2127,mht_res,ATL@-34,2000+,-7.598290e+13
gm1500,2127,mht_bol,ATL@-34,2000+,-2.515528e+12
gm1500,2127,mht_res,ATL@-34,all,4.237735e+14
gm1500,2127,mht_bol,ATL@-34,all,4.146131e+12
gm1500,2127,mht_res,ATL@-20,0-700,1.082914e+15
gm1500,2127,mht_bol,ATL@-20,0-700,2.446989e+13
gm1500,2127,mht_res,ATL@-20,700-2000,-1.866741e+14
gm1500,2127,mht_bol,ATL@-20,700-2000,-7.233478e+12
gm1500,2127,mht_res,ATL@-20,2000+,-1.597308e+14
gm1500,2127,mht_bol,ATL@-20,2000+,-2.673062e+12
gm1500,2127,mht_res,ATL@-20,all,7.365094e+14
gm1500,2127,mht_bol,ATL@-20,all,1.456335e+13
gm1500,2127,mht_res,ATL@20,0-700,1.364439e+15
gm1500,2127,mht_bol,ATL@20,0-700,-2.489467e+13
gm1500,2127,mht_res,ATL@20,700-2000,-2.866319e+14
gm1500,2127,mht_bol,ATL@20,700-2000,9.134251e+12
gm1500,2127,mht_res,ATL@20,2000+,-5.931768e+13
gm1500,2127,mht_bol,ATL@20,2000+,1.155546e+12
gm1500,2127,mht_res,ATL@20,all,1.018489e+15
gm1500,2127,mht_bol,ATL@20,all,-1.460487e+13
gm1500,2127,mht_res,ATL@30,0-700,1.469539e+15
gm1500,2127,mht_bol,ATL@30,0-700,1.917167e+13
gm1500,2127,mht_res,ATL@30,700-2000,-2.536775e+14
gm1500,2127,mht_bol,ATL@30,700-2000,-2.530329e+13
gm1500,2127,mht_res,ATL@30,2000+,-1.692094e+14
gm1500,2127,mht_bol,ATL@30,2000+,1.129096e+13
gm1500,2127,mht_res,ATL@30,all,1.046652e+15
gm1500,2127,mht_bol,ATL@30,all,5.159342e+12
gm1500,2127,mht_res,ATL@45,0-700,8.075101e+14
gm1500,2127,mht_bol,ATL@45,0-700,3.533335e+13
gm1500,2127,mht_res,ATL@45,700-2000,-1.376185e+14
gm1500,2127,mht_bol,ATL@45,700-2000,-1.106543e+13
gm1500,2127,mht_res,ATL@45,2000+,-1.239159e+14
gm1500,2127,mht_bol,ATL@45,2000+,-8.642493e+12
gm1500,2127,mht_res,ATL@45,all,5.459757e+14
gm1500,2127,mht_bol,ATL@45,all,1.562543e+13
gm1500,2127,mht_res,ATL@55,0-700,1.021790e+15
gm1500,2127,mht_bol,ATL@55,0-700,3.594090e+13
gm1500,2127,mht_res,ATL@55,700-2000,4.800410e+12
gm1500,2127,mht_bol,ATL@55,700-2000,-4.006980e+12
gm1500,2127,mht_res,ATL@55,2000+,-9.514351e+13
gm1500,2127,mht_bol,ATL@55,2000+,-3.090235e+13
gm1500,2127,mht_res,ATL@55,all,9.314470e+14
gm1500,2127,mht_bol,ATL@55,all,1.031571e+12
gm1500,2127,mht_res,ATL@66,0-700,1.544259e+14
gm1500,2127,mht_bol,ATL@66,0-700,1.206860e+13
gm1500,2127,mht_res,ATL@66,700-2000,-7.135711e+12
gm1500,2127,mht_bol,ATL@66,700-2000,-3.453555e+12
gm1500,2127,mht_res,ATL@66,2000+,-5.357320e+11
gm1500,2127,mht_bol,ATL@66,2000+,8.997872e+10
gm1500,2127,mht_res,ATL@66,all,1.467545e+14
gm1500,2127,mht_bol,ATL@66,all,8.705019e+12
gm1500,2128,ohc,SO,0-700,1.660600e+24
gm1500,2128,ohc,SO,700-2000,1.409647e+24
gm1500,2128,ohc,SO,2000+,1.009460e+24
gm1500,2128,ohc,SO,all,4.079707e+24
gm1500,2128,ohc,NORD,0-700,2.107843e+22
gm1500,2128,ohc,NORD,700-2000,3.204215e+22
gm1500,2128,ohc,NORD,2000+,2.420239e+22
gm1500,2128,ohc,NORD,all,7.732297e+22
gm1500,2128,ohc,SATL,0-700,7.380679e+23
gm1500,2128,ohc,SATL,700-2000,5.323698e+23
gm1500,2128,ohc,SATL,2000+,5.737328e+23
gm1500,2128,ohc,SATL,all,1.844170e+24
gm1500,2128,ohc,NATL,0-700,1.393564e+24
gm1500,2128,ohc,NATL,700-2000,1.070455e+24
gm1500,2128,ohc,NATL,2000+,9.636461e+23
gm1500,2128,ohc,NATL,all,3.427666e+24
gm1500,2128,ohc,SPNA,0-700,1.435879e+23
gm1500,2128,ohc,SPNA,700-2000,1.520214e+23
gm1500,2128,ohc,SPNA,2000+,1.135115e+23
gm1500,2128,ohc,SPNA,all,4.091208e+23
gm1500,2128,ohc,IP,0-700,6.011890e+24
gm1500,2128,ohc,IP,700-2000,3.082883e+24
gm1500,2128,ohc,IP,2000+,2.086134e+24
gm1500,2128,ohc,IP,all,1.118091e+25
gm1500,2128,ohc,OTHER,0-700,3.999282e+22
gm1500,2128,ohc,OTHER,700-2000,1.394803e+22
gm1500,2128,ohc,OTHER,2000+,1.041663e+21
gm1500,2128,ohc,OTHER,all,5.498251e+22
gm1500,2128,sfc,SO,col,-4.418597e+14
gm1500,2128,sfc,NORD,col,-3.295155e+14
gm1500,2128,sfc,SATL,col,3.099080e+14
gm1500,2128,sfc,NATL,col,4.099925e+13
gm1500,2128,sfc,SPNA,col,-3.137617e+14
gm1500,2128,sfc,IP,col,1.291673e+15
gm1500,2128,sfc,OTHER,col,5.845814e+13
gm1500,2128,tend,SO,col,-1.527128e+14
gm1500,2128,tend,NORD,col,-3.716235e+13
gm1500,2128,tend,SATL,col,9.794556e+13
gm1500,2128,tend,NATL,col,1.082271e+14
gm1500,2128,tend,SPNA,col,3.374650e+13
gm1500,2128,tend,IP,col,5.700513e+14
gm1500,2128,tend,OTHER,col,-6.345418e+11
gm1500,2128,adv,SO,col,2.530370e+14
gm1500,2128,adv,NORD,col,3.043493e+14
gm1500,2128,adv,SATL,col,-2.434611e+14
gm1500,2128,adv,NATL,col,-2.380386e+13
gm1500,2128,adv,SPNA,col,3.410843e+14
gm1500,2128,adv,IP,col,-8.476668e+14
gm1500,2128,adv,OTHER,col,-7.295176e+13
gm1500,2128,diff,SO,col,-4.057498e+14
gm1500,2128,diff,NORD,col,-3.415116e+14
gm1500,2128,diff,SATL,col,3.414067e+14
gm1500,2128,diff,NATL,col,1.320310e+14
gm1500,2128,diff,SPNA,col,-3.073378e+14
gm1500,2128,diff,IP,col,1.417718e+15
gm1500,2128,diff,OTHER,col,7.231722e+13
gm1500,2128,mht_res,ATL@-34,0-700,5.337457e+14
gm1500,2128,mht_bol,ATL@-34,0-700,7.502464e+12
gm1500,2128,mht_res,ATL@-34,700-2000,-2.930496e+13
gm1500,2128,mht_bol,ATL@-34,700-2000,1.774700e+12
gm1500,2128,mht_res,ATL@-34,2000+,-7.652401e+13
gm1500,2128,mht_bol,ATL@-34,2000+,-2.844181e+12
gm1500,2128,mht_res,ATL@-34,all,4.279168e+14
gm1500,2128,mht_bol,ATL@-34,all,6.432983e+12
gm1500,2128,mht_res,ATL@-20,0-700,1.028797e+15
gm1500,2128,mht_bol,ATL@-20,0-700,2.276857e+13
gm1500,2128,mht_res,ATL@-20,700-2000,-1.905105e+14
gm1500,2128,mht_bol,ATL@-20,700-2000,-6.775921e+12
gm1500,2128,mht_res,ATL@-20,2000+,-1.544258e+14
gm1500,2128,mht_bol,ATL@-20,2000+,-2.762993e+12
gm1500,2128,mht_res,ATL@-20,all,6.838608e+14
gm1500,2128,mht_bol,ATL@-20,all,1.322965e+13
gm1500,2128,mht_res,ATL@20,0-700,1.550926e+15
gm1500,2128,mht_bol,ATL@20,0-700,-2.382537e+13
gm1500,2128,mht_res,ATL@20,700-2000,-2.517486e+14
gm1500,2128,mht_bol,ATL@20,700-2000,9.283358e+12
gm1500,2128,mht_res,ATL@20,2000+,-7.015281e+13
gm1500,2128,mht_bol,ATL@20,2000+,5.654198e+11
gm1500,2128,mht_res,ATL@20,all,1.229025e+15
gm1500,2128,mht_bol,ATL@20,all,-1.397659e+13
gm1500,2128,mht_res,ATL@30,0-700,1.444718e+15
gm1500,2128,mht_bol,ATL@30,0-700,1.513520e+13
gm1500,2128,mht_res,ATL@30,700-2000,-2.575902e+14
gm1500,2128,mht_bol,ATL@30,700-2000,-2.479129e+13
gm1500,2128,mht_res,ATL@30,2000+,-1.686396e+14
gm1500,2128,mht_bol,ATL@30,2000+,1.172343e+13
gm1500,2128,mht_res,ATL@30,all,1.018488e+15
gm1500,2128,mht_bol,ATL@30,all,2.067349e+12
gm1500,2128,mht_res,ATL@45,0-700,7.802170e+14
gm1500,2128,mht_bol,ATL@45,0-700,3.689654e+13
gm1500,2128,mht_res,ATL@45,700-2000,-1.383942e+14
gm1500,2128,mht_bol,ATL@45,700-2000,-9.646180e+12
gm1500,2128,mht_res,ATL@45,2000+,-1.298689e+14
gm1500,2128,mht_bol,ATL@45,2000+,-1.039155e+13
gm1500,2128,mht_res,ATL@45,all,5.119538e+14
gm1500,2128,mht_bol,ATL@45,all,1.685881e+13
gm1500,2128,mht_res,ATL@55,0-700,1.042863e+15
gm1500,2128,mht_bol,ATL@55,0-700,3.197748e+13
gm1500,2128,mht_res,ATL@55,700-2000,1.750347e+13
gm1500,2128,mht_bol,ATL@55,700-2000,1.606804e+12
gm1500,2128,mht_res,ATL@55,2000+,-1.030899e+14
gm1500,2128,mht_bol,ATL@55,2000+,-3.283370e+13
gm1500,2128,mht_res,ATL@55,all,9.572766e+14
gm1500,2128,mht_bol,ATL@55,all,7.505788e+11
gm1500,2128,mht_res,ATL@66,0-700,1.665625e+14
gm1500,2128,mht_bol,ATL@66,0-700,1.177556e+13
gm1500,2128,mht_res,ATL@66,700-2000,-7.563188e+12
gm1500,2128,mht_bol,ATL@66,700-2000,-3.108549e+12
gm1500,2128,mht_res,ATL@66,2000+,2.191073e+09
gm1500,2128,mht_bol,ATL@66,2000+,-1.024821e+11
gm1500,2128,mht_res,ATL@66,all,1.590015e+14
gm1500,2128,mht_bol,ATL@66,all,8.564525e+12
gm1500,2129,ohc,SO,0-700,1.657105e+24
gm1500,2129,ohc,SO,700-2000,1.407322e+24
gm1500,2129,ohc,SO,2000+,1.010223e+24
gm1500,2129,ohc,SO,all,4.074651e+24
gm1500,2129,ohc,NORD,0-700,2.040722e+22
gm1500,2129,ohc,NORD,700-2000,3.197830e+22
gm1500,2129,ohc,NORD,2000+,2.431411e+22
gm1500,2129,ohc,NORD,all,7.669964e+22
gm1500,2129,ohc,SATL,0-700,7.384506e+23
gm1500,2129,ohc,SATL,700-2000,5.338219e+23
gm1500,2129,ohc,SATL,2000+,5.750941e+23
gm1500,2129,ohc,SATL,all,1.847367e+24
gm1500,2129,ohc,NATL,0-700,1.395360e+24
gm1500,2129,ohc,NATL,700-2000,1.072007e+24
gm1500,2129,ohc,NATL,2000+,9.645596e+23
gm1500,2129,ohc,NATL,all,3.431927e+24
gm1500,2129,ohc,SPNA,0-700,1.456714e+23
gm1500,2129,ohc,SPNA,700-2000,1.521141e+23
gm1500,2129,ohc,SPNA,2000+,1.134198e+23
gm1500,2129,ohc,SPNA,all,4.112054e+23
gm1500,2129,ohc,IP,0-700,6.021671e+24
gm1500,2129,ohc,IP,700-2000,3.088225e+24
gm1500,2129,ohc,IP,2000+,2.087565e+24
gm1500,2129,ohc,IP,all,1.119746e+25
gm1500,2129,ohc,OTHER,0-700,4.007102e+22
gm1500,2129,ohc,OTHER,700-2000,1.393693e+22
gm1500,2129,ohc,OTHER,2000+,1.042722e+21
gm1500,2129,ohc,OTHER,all,5.505067e+22
gm1500,2129,sfc,SO,col,-4.677779e+14
gm1500,2129,sfc,NORD,col,-3.014241e+14
gm1500,2129,sfc,SATL,col,3.264454e+14
gm1500,2129,sfc,NATL,col,1.145123e+14
gm1500,2129,sfc,SPNA,col,-3.081190e+14
gm1500,2129,sfc,IP,col,1.212492e+15
gm1500,2129,sfc,OTHER,col,5.901852e+13
gm1500,2129,tend,SO,col,-1.157842e+14
gm1500,2129,tend,NORD,col,-1.340994e+13
gm1500,2129,tend,SATL,col,1.309909e+14
gm1500,2129,tend,NATL,col,2.118252e+14
gm1500,2129,tend,SPNA,col,6.938745e+13
gm1500,2129,tend,IP,col,3.764463e+14
gm1500,2129,tend,OTHER,col,6.356783e+12
gm1500,2129,adv,SO,col,3.235649e+14
gm1500,2129,adv,NORD,col,3.000453e+14
gm1500,2129,adv,SATL,col,-2.284256e+14
gm1500,2129,adv,NATL,col,5.431579e+12
gm1500,2129,adv,SPNA,col,3.739291e+14
gm1500,2129,adv,IP,col,-9.533514e+14
gm1500,2129,adv,OTHER,col,-6.690926e+13
gm1500,2129,diff,SO,col,-4.393491e+14
gm1500,2129,diff,NORD,col,-3.134552e+14
gm1500,2129,diff,SATL,col,3.594165e+14
gm1500,2129,diff,NATL,col,2.063936e+14
gm1500,2129,diff,SPNA,col,-3.045416e+14
gm1500,2129,diff,IP,col,1.329798e+15
gm1500,2129,diff,OTHER,col,7.326604e+13
gm1500,2129,mht_res,ATL@-34,0-700,5.635640e+14
gm1500,2129,mht_bol,ATL@-34,0-700,5.933782e+12
gm1500,2129,mht_res,ATL@-34,700-2000,-2.974635e+13
gm1500,2129,mht_bol,ATL@-34,700-2000,1.939327e+12
gm1500,2129,mht_res,ATL@-34,2000+,-8.033049e+13
gm1500,2129,mht_bol,ATL@-34,2000+,-2.842465e+12
gm1500,2129,mht_res,ATL@-34,all,4.534872e+14
gm1500,2129,mht_bol,ATL@-34,all,5.030645e+12
gm1500,2129,mht_res,ATL@-20,0-700,1.034159e+15
gm1500,2129,mht_bol,ATL@-20,0-700,2.687982e+13
gm1500,2129,mht_res,ATL@-20,700-2000,-1.795673e+14
gm1500,2129,mht_bol,ATL@-20,700-2000,-6.725292e+12
gm1500,2129,mht_res,ATL@-20,2000+,-1.468034e+14
gm1500,2129,mht_bol,ATL@-20,2000+,-3.357406e+12
gm1500,2129,mht_res,ATL@-20,all,7.077879e+14
gm1500,2129,mht_bol,ATL@-20,all,1.679712e+13
gm1500,2129,mht_res,ATL@20,0-700,1.510970e+15
gm1500,2129,mht_bol,ATL@20,0-700,-2.404780e+13
gm1500,2129,mht_res,ATL@20,700-2000,-2.400211e+14
gm1500,2129,mht_bol,ATL@20,700-2000,9.135975e+12
gm1500,2129,mht_res,ATL@20,2000+,-6.809382e+13
gm1500,2129,mht_bol,ATL@20,2000+,6.526132e+11
gm1500,2129,mht_res,ATL@20,all,1.202855e+15
gm1500,2129,mht_bol,ATL@20,all,-1.425921e+13
gm1500,2129,mht_res,ATL@30,0-700,1.396120e+15
gm1500,2129,mht_bol,ATL@30,0-700,1.312521e+13
gm1500,2129,mht_res,ATL@30,700-2000,-2.620882e+14
gm1500,2129,mht_bol,ATL@30,700-2000,-2.563319e+13
gm1500,2129,mht_res,ATL@30,2000+,-1.667511e+14
gm1500,2129,mht_bol,ATL@30,2000+,1.206413e+13
gm1500,2129,mht_res,ATL@30,all,9.672807e+14
gm1500,2129,mht_bol,ATL@30,all,-4.438533e+11
gm1500,2129,mht_res,ATL@45,0-700,7.900762e+14
gm1500,2129,mht_bol,ATL@45,0-700,3.871582e+13
gm1500,2129,mht_res,ATL@45,700-2000,-1.404786e+14
gm1500,2129,mht_bol,ATL@45,700-2000,-8.849885e+12
gm1500,2129,mht_res,ATL@45,2000+,-1.424470e+14
gm1500,2129,mht_bol,ATL@45,2000+,-1.246751e+13
gm1500,2129,mht_res,ATL@45,all,5.071506e+14
gm1500,2129,mht_bol,ATL@45,all,1.739843e+13
gm1500,2129,mht_res,ATL@55,0-700,1.026193e+15
gm1500,2129,mht_bol,ATL@55,0-700,1.933971e+13
gm1500,2129,mht_res,ATL@55,700-2000,9.355891e+12
gm1500,2129,mht_bol,ATL@55,700-2000,-1.784662e+12
gm1500,2129,mht_res,ATL@55,2000+,-8.840685e+13
gm1500,2129,mht_bol,ATL@55,2000+,-1.813700e+13
gm1500,2129,mht_res,ATL@55,all,9.471418e+14
gm1500,2129,mht_bol,ATL@55,all,-5.819565e+11
gm1500,2129,mht_res,ATL@66,0-700,1.570641e+14
gm1500,2129,mht_bol,ATL@66,0-700,1.297463e+13
gm1500,2129,mht_res,ATL@66,700-2000,-6.530225e+12
gm1500,2129,mht_bol,ATL@66,700-2000,-3.110637e+12
gm1500,2129,mht_res,ATL@66,2000+,3.101463e+11
gm1500,2129,mht_bol,ATL@66,2000+,-2.399553e+11
gm1500,2129,mht_res,ATL@66,all,1.508441e+14
gm1500,2129,mht_bol,ATL@66,all,9.624039e+12
