PI200_gmR1500,1580,ohc,SO,0-700,1.076487e+24
PI200_gmR1500,1580,ohc,SO,700-2000,9.652360e+23
PI200_gmR1500,1580,ohc,SO,2000+,6.589912e+23
PI200_gmR1500,1580,fh,SO,sfc,2.635252e+14
PI200_gmR1500,1580,ohc,SPNA,0-700,1.463026e+23
PI200_gmR1500,1580,ohc,SPNA,700-2000,1.533860e+23
PI200_gmR1500,1580,ohc,SPNA,2000+,1.110521e+23
PI200_gmR1500,1580,fh,SPNA,sfc,3.797163e+14
PI200_gmR1500,1580,ohc,NORDARC,0-700,1.656574e+22
PI200_gmR1500,1580,ohc,NORDARC,700-2000,2.809017e+22
PI200_gmR1500,1580,ohc,NORDARC,2000+,2.132077e+22
PI200_gmR1500,1580,fh,NORDARC,sfc,2.863846e+14
PI200_gmR1500,1580,ohc,REST,0-700,8.933113e+24
PI200_gmR1500,1580,ohc,REST,700-2000,5.236123e+24
PI200_gmR1500,1580,ohc,REST,2000+,3.918828e+24
PI200_gmR1500,1580,fh,REST,sfc,-1.435736e+15
PI200_gmR1500,1581,ohc,SO,0-700,1.078817e+24
PI200_gmR1500,1581,ohc,SO,700-2000,9.623184e+23
PI200_gmR1500,1581,ohc,SO,2000+,6.576268e+23
PI200_gmR1500,1581,fh,SO,sfc,2.506944e+14
PI200_gmR1500,1581,ohc,SPNA,0-700,1.435709e+23
PI200_gmR1500,1581,ohc,SPNA,700-2000,1.528713e+23
PI200_gmR1500,1581,ohc,SPNA,2000+,1.114614e+23
PI200_gmR1500,1581,fh,SPNA,sfc,3.216958e+14
PI200_gmR1500,1581,ohc,NORDARC,0-700,1.816614e+22
PI200_gmR1500,1581,ohc,NORDARC,700-2000,2.811567e+22
PI200_gmR1500,1581,ohc,NORDARC,2000+,2.142893e+22
PI200_gmR1500,1581,fh,NORDARC,sfc,3.069866e+14
PI200_gmR1500,1581,ohc,REST,0-700,8.938038e+24
PI200_gmR1500,1581,ohc,REST,700-2000,5.241586e+24
PI200_gmR1500,1581,ohc,REST,2000+,3.920321e+24
PI200_gmR1500,1581,fh,REST,sfc,-1.106021e+15
PI200_gmR1500,1582,ohc,SO,0-700,1.081440e+24
PI200_gmR1500,1582,ohc,SO,700-2000,9.631735e+23
PI200_gmR1500,1582,ohc,SO,2000+,6.581126e+23
PI200_gmR1500,1582,fh,SO,sfc,1.889520e+14
PI200_gmR1500,1582,ohc,SPNA,0-700,1.435405e+23
PI200_gmR1500,1582,ohc,SPNA,700-2000,1.525410e+23
PI200_gmR1500,1582,ohc,SPNA,2000+,1.116570e+23
PI200_gmR1500,1582,fh,SPNA,sfc,2.962664e+14
PI200_gmR1500,1582,ohc,NORDARC,0-700,1.931309e+22
PI200_gmR1500,1582,ohc,NORDARC,700-2000,2.821733e+22
PI200_gmR1500,1582,ohc,NORDARC,2000+,2.155250e+22
PI200_gmR1500,1582,fh,NORDARC,sfc,2.796970e+14
PI200_gmR1500,1582,ohc,REST,0-700,8.931522e+24
PI200_gmR1500,1582,ohc,REST,700-2000,5.245798e+24
PI200_gmR1500,1582,ohc,REST,2000+,3.921547e+24
PI200_gmR1500,1582,fh,REST,sfc,-1.034981e+15
PI200_gmR1500,1583,ohc,SO,0-700,1.088286e+24
PI200_gmR1500,1583,ohc,SO,700-2000,9.644449e+23
PI200_gmR1500,1583,ohc,SO,2000+,6.587143e+23
PI200_gmR1500,1583,fh,SO,sfc,3.198399e+14
PI200_gmR1500,1583,ohc,SPNA,0-700,1.419768e+23
PI200_gmR1500,1583,ohc,SPNA,700-2000,1.520612e+23
PI200_gmR1500,1583,ohc,SPNA,2000+,1.118622e+23
PI200_gmR1500,1583,fh,SPNA,sfc,3.318784e+14
PI200_gmR1500,1583,ohc,NORDARC,0-700,1.969292e+22
PI200_gmR1500,1583,ohc,NORDARC,700-2000,2.832187e+22
PI200_gmR1500,1583,ohc,NORDARC,2000+,2.165506e+22
PI200_gmR1500,1583,fh,NORDARC,sfc,3.064941e+14
PI200_gmR1500,1583,ohc,REST,0-700,8.934220e+24
PI200_gmR1500,1583,ohc,REST,700-2000,5.247318e+24
PI200_gmR1500,1583,ohc,REST,2000+,3.922174e+24
PI200_gmR1500,1583,fh,REST,sfc,-1.419014e+15
PI200_gmR1500,1584,ohc,SO,0-700,1.091171e+24
PI200_gmR1500,1584,ohc,SO,700-2000,9.648562e+23
PI200_gmR1500,1584,ohc,SO,2000+,6.588739e+23
PI200_gmR1500,1584,fh,SO,sfc,2.780741e+14
PI200_gmR1500,1584,ohc,SPNA,0-700,1.418085e+23
PI200_gmR1500,1584,ohc,SPNA,700-2000,1.515811e+23
PI200_gmR1500,1584,ohc,SPNA,2000+,1.119378e+23
PI200_gmR1500,1584,fh,SPNA,sfc,2.824560e+14
PI200_gmR1500,1584,ohc,NORDARC,0-700,2.004253e+22
PI200_gmR1500,1584,ohc,NORDARC,700-2000,2.840458e+22
PI200_gmR1500,1584,ohc,NORDARC,2000+,2.171425e+22
PI200_gmR1500,1584,fh,NORDARC,sfc,3.113727e+14
PI200_gmR1500,1584,ohc,REST,0-700,8.937447e+24
PI200_gmR1500,1584,ohc,REST,700-2000,5.247788e+24
PI200_gmR1500,1584,ohc,REST,2000+,3.922960e+24
PI200_gmR1500,1584,fh,REST,sfc,-1.148613e+15
PI200_gmR1500,1585,ohc,SO,0-700,1.095053e+24
PI200_gmR1500,1585,ohc,SO,700-2000,9.645700e+23
PI200_gmR1500,1585,ohc,SO,2000+,6.585187e+23
PI200_gmR1500,1585,fh,SO,sfc,3.249093e+14
PI200_gmR1500,1585,ohc,SPNA,0-700,1.446473e+23
PI200_gmR1500,1585,ohc,SPNA,700-2000,1.519979e+23
PI200_gmR1500,1585,ohc,SPNA,2000+,1.122312e+23
PI200_gmR1500,1585,fh,SPNA,sfc,2.010867e+14
PI200_gmR1500,1585,ohc,NORDARC,0-700,1.932635e+22
PI200_gmR1500,1585,ohc,NORDARC,700-2000,2.847753e+22
PI200_gmR1500,1585,ohc,NORDARC,2000+,2.179628e+22
PI200_gmR1500,1585,fh,NORDARC,sfc,3.041174e+14
PI200_gmR1500,1585,ohc,REST,0-700,8.936826e+24
PI200_gmR1500,1585,ohc,REST,700-2000,5.250209e+24
PI200_gmR1500,1585,ohc,REST,2000+,3.923866e+24
PI200_gmR1500,1585,fh,REST,sfc,-1.143286e+15
PI200_gmR1500,1586,ohc,SO,0-700,1.096287e+24
PI200_gmR1500,1586,ohc,SO,700-2000,9.665373e+23
PI200_gmR1500,1586,ohc,SO,2000+,6.596221e+23
PI200_gmR1500,1586,fh,SO,sfc,3.987071e+14
PI200_gmR1500,1586,ohc,SPNA,0-700,1.458528e+23
PI200_gmR1500,1586,ohc,SPNA,700-2000,1.518040e+23
PI200_gmR1500,1586,ohc,SPNA,2000+,1.124444e+23
PI200_gmR1500,1586,fh,SPNA,sfc,3.251427e+14
PI200_gmR1500,1586,ohc,NORDARC,0-700,2.016186e+22
PI200_gmR1500,1586,ohc,NORDARC,700-2000,2.844839e+22
PI200_gmR1500,1586,ohc,NORDARC,2000+,2.184919e+22
PI200_gmR1500,1586,fh,NORDARC,sfc,2.825832e+14
PI200_gmR1500,1586,ohc,REST,0-700,8.940357e+24
PI200_gmR1500,1586,ohc,REST,700-2000,5.250459e+24
PI200_gmR1500,1586,ohc,REST,2000+,3.924063e+24
PI200_gmR1500,1586,fh,REST,sfc,-1.389051e+15
PI200_gmR1500,1587,ohc,SO,0-700,1.097640e+24
PI200_gmR1500,1587,ohc,SO,700-2000,9.665930e+23
PI200_gmR1500,1587,ohc,SO,2000+,6.598480e+23
PI200_gmR1500,1587,fh,SO,sfc,3.377950e+14
PI200_gmR1500,1587,ohc,SPNA,0-700,1.483168e+23
PI200_gmR1500,1587,ohc,SPNA,700-2000,1.521972e+23
PI200_gmR1500,1587,ohc,SPNA,2000+,1.123851e+23
PI200_gmR1500,1587,fh,SPNA,sfc,2.870943e+14
PI200_gmR1500,1587,ohc,NORDARC,0-700,1.995238e+22
PI200_gmR1500,1587,ohc,NORDARC,700-2000,2.839268e+22
PI200_gmR1500,1587,ohc,NORDARC,2000+,2.189689e+22
PI200_gmR1500,1587,fh,NORDARC,sfc,2.500620e+14
PI200_gmR1500,1587,ohc,REST,0-700,8.946629e+24
PI200_gmR1500,1587,ohc,REST,700-2000,5.250172e+24
PI200_gmR1500,1587,ohc,REST,2000+,3.924769e+24
PI200_gmR1500,1587,fh,REST,sfc,-1.246663e+15
PI200_gmR1500,1588,ohc,SO,0-700,1.098572e+24
PI200_gmR1500,1588,ohc,SO,700-2000,9.669188e+23
PI200_gmR1500,1588,ohc,SO,2000+,6.602444e+23
PI200_gmR1500,1588,fh,SO,sfc,3.388494e+14
PI200_gmR1500,1588,ohc,SPNA,0-700,1.507501e+23
PI200_gmR1500,1588,ohc,SPNA,700-2000,1.528275e+23
PI200_gmR1500,1588,ohc,SPNA,2000+,1.125647e+23
PI200_gmR1500,1588,fh,SPNA,sfc,3.182059e+14
PI200_gmR1500,1588,ohc,NORDARC,0-700,2.009817e+22
PI200_gmR1500,1588,ohc,NORDARC,700-2000,2.833957e+22
PI200_gmR1500,1588,ohc,NORDARC,2000+,2.193780e+22
PI200_gmR1500,1588,fh,NORDARC,sfc,2.999877e+14
PI200_gmR1500,1588,ohc,REST,0-700,8.946762e+24
PI200_gmR1500,1588,ohc,REST,700-2000,5.251790e+24
PI200_gmR1500,1588,ohc,REST,2000+,3.925531e+24
PI200_gmR1500,1588,fh,REST,sfc,-1.217093e+15
PI200_gmR1500,1589,ohc,SO,0-700,1.100076e+24
PI200_gmR1500,1589,ohc,SO,700-2000,9.682925e+23
PI200_gmR1500,1589,ohc,SO,2000+,6.614139e+23
PI200_gmR1500,1589,fh,SO,sfc,2.842193e+14
PI200_gmR1500,1589,ohc,SPNA,0-700,1.500660e+23
PI200_gmR1500,1589,ohc,SPNA,700-2000,1.534398e+23
PI200_gmR1500,1589,ohc,SPNA,2000+,1.125596e+23
PI200_gmR1500,1589,fh,SPNA,sfc,3.511913e+14
PI200_gmR1500,1589,ohc,NORDARC,0-700,1.971727e+22
PI200_gmR1500,1589,ohc,NORDARC,700-2000,2.826075e+22
PI200_gmR1500,1589,ohc,NORDARC,2000+,2.197511e+22
PI200_gmR1500,1589,fh,NORDARC,sfc,2.376928e+14
PI200_gmR1500,1589,ohc,REST,0-700,8.946023e+24
PI200_gmR1500,1589,ohc,REST,700-2000,5.253014e+24
PI200_gmR1500,1589,ohc,REST,2000+,3.926293e+24
PI200_gmR1500,1589,fh,REST,sfc,-1.053512e+15
PI200_gmR1500,1590,ohc,SO,0-700,1.101786e+24
PI200_gmR1500,1590,ohc,SO,700-2000,9.673699e+23
PI200_gmR1500,1590,ohc,SO,2000+,6.614789e+23
PI200_gmR1500,1590,fh,SO,sfc,2.258603e+14
PI200_gmR1500,1590,ohc,SPNA,0-700,1.499369e+23
PI200_gmR1500,1590,ohc,SPNA,700-2000,1.545102e+23
PI200_gmR1500,1590,ohc,SPNA,2000+,1.125539e+23
PI200_gmR1500,1590,fh,SPNA,sfc,4.143715e+14
PI200_gmR1500,1590,ohc,NORDARC,0-700,1.965411e+22
PI200_gmR1500,1590,ohc,NORDARC,700-2000,2.819105e+22
PI200_gmR1500,1590,ohc,NORDARC,2000+,2.203925e+22
PI200_gmR1500,1590,fh,NORDARC,sfc,2.532064e+14
PI200_gmR1500,1590,ohc,REST,0-700,8.948902e+24
PI200_gmR1500,1590,ohc,REST,700-2000,5.254312e+24
PI200_gmR1500,1590,ohc,REST,2000+,3.926842e+24
PI200_gmR1500,1590,fh,REST,sfc,-1.044079e+15
PI200_gmR1500,1591,ohc,SO,0-700,1.104455e+24
PI200_gmR1500,1591,ohc,SO,700-2000,9.699002e+23
PI200_gmR1500,1591,ohc,SO,2000+,6.630382e+23
PI200_gmR1500,1591,fh,SO,sfc,3.623610e+14
PI200_gmR1500,1591,ohc,SPNA,0-700,1.500199e+23
PI200_gmR1500,1591,ohc,SPNA,700-2000,1.549697e+23
PI200_gmR1500,1591,ohc,SPNA,2000+,1.127178e+23
PI200_gmR1500,1591,fh,SPNA,sfc,3.290510e+14
PI200_gmR1500,1591,ohc,NORDARC,0-700,1.894907e+22
PI200_gmR1500,1591,ohc,NORDARC,700-2000,2.821542e+22
PI200_gmR1500,1591,ohc,NORDARC,2000+,2.208730e+22
PI200_gmR1500,1591,fh,NORDARC,sfc,2.686148e+14
PI200_gmR1500,1591,ohc,REST,0-700,8.947155e+24
PI200_gmR1500,1591,ohc,REST,700-2000,5.253618e+24
PI200_gmR1500,1591,ohc,REST,2000+,3.926670e+24
PI200_gmR1500,1591,fh,REST,sfc,-1.265449e+15
PI200_gmR1500,1592,ohc,SO,0-700,1.105458e+24
PI200_gmR1500,1592,ohc,SO,700-2000,9.693798e+23
PI200_gmR1500,1592,ohc,SO,2000+,6.635491e+23
PI200_gmR1500,1592,fh,SO,sfc,3.996487e+14
PI200_gmR1500,1592,ohc,SPNA,0-700,1.496434e+23
PI200_gmR1500,1592,ohc,SPNA,700-2000,1.550447e+23
PI200_gmR1500,1592,ohc,SPNA,2000+,1.129491e+23
PI200_gmR1500,1592,fh,SPNA,sfc,3.737100e+14
PI200_gmR1500,1592,ohc,NORDARC,0-700,1.774905e+22
PI200_gmR1500,1592,ohc,NORDARC,700-2000,2.840738e+22
PI200_gmR1500,1592,ohc,NORDARC,2000+,2.211155e+22
PI200_gmR1500,1592,fh,NORDARC,sfc,3.024381e+14
PI200_gmR1500,1592,ohc,REST,0-700,8.956976e+24
PI200_gmR1500,1592,ohc,REST,700-2000,5.254421e+24
PI200_gmR1500,1592,ohc,REST,2000+,3.926890e+24
PI200_gmR1500,1592,fh,REST,sfc,-1.458893e+15
PI200_gmR1500,1593,ohc,SO,0-700,1.104619e+24
PI200_gmR1500,1593,ohc,SO,700-2000,9.680403e+23
PI200_gmR1500,1593,ohc,SO,2000+,6.642286e+23
PI200_gmR1500,1593,fh,SO,sfc,3.126007e+14
PI200_gmR1500,1593,ohc,SPNA,0-700,1.471872e+23
PI200_gmR1500,1593,ohc,SPNA,700-2000,1.543816e+23
PI200_gmR1500,1593,ohc,SPNA,2000+,1.127834e+23
PI200_gmR1500,1593,fh,SPNA,sfc,4.470369e+14
PI200_gmR1500,1593,ohc,NORDARC,0-700,1.773929e+22
PI200_gmR1500,1593,ohc,NORDARC,700-2000,2.860161e+22
PI200_gmR1500,1593,ohc,NORDARC,2000+,2.214145e+22
PI200_gmR1500,1593,fh,NORDARC,sfc,2.314722e+14
PI200_gmR1500,1593,ohc,REST,0-700,8.966720e+24
PI200_gmR1500,1593,ohc,REST,700-2000,5.256771e+24
PI200_gmR1500,1593,ohc,REST,2000+,3.927749e+24
PI200_gmR1500,1593,fh,REST,sfc,-1.275159e+15
PI200_gmR1500,1594,ohc,SO,0-700,1.105498e+24
PI200_gmR1500,1594,ohc,SO,700-2000,9.669553e+23
PI200_gmR1500,1594,ohc,SO,2000+,6.646683e+23
PI200_gmR1500,1594,fh,SO,sfc,2.867339e+14
PI200_gmR1500,1594,ohc,SPNA,0-700,1.475755e+23
PI200_gmR1500,1594,ohc,SPNA,700-2000,1.543203e+23
PI200_gmR1500,1594,ohc,SPNA,2000+,1.127164e+23
PI200_gmR1500,1594,fh,SPNA,sfc,2.906430e+14
PI200_gmR1500,1594,ohc,NORDARC,0-700,1.744657e+22
PI200_gmR1500,1594,ohc,NORDARC,700-2000,2.880557e+22
PI200_gmR1500,1594,ohc,NORDARC,2000+,2.216395e+22
PI200_gmR1500,1594,fh,NORDARC,sfc,2.769277e+14
PI200_gmR1500,1594,ohc,REST,0-700,8.965954e+24
PI200_gmR1500,1594,ohc,REST,700-2000,5.258927e+24
PI200_gmR1500,1594,ohc,REST,2000+,3.928769e+24
PI200_gmR1500,1594,fh,REST,sfc,-9.167537e+14
PI200_gmR1500,1595,ohc,SO,0-700,1.109430e+24
PI200_gmR1500,1595,ohc,SO,700-2000,9.697679e+23
PI200_gmR1500,1595,ohc,SO,2000+,6.663958e+23
PI200_gmR1500,1595,fh,SO,sfc,2.785832e+14
PI200_gmR1500,1595,ohc,SPNA,0-700,1.482385e+23
PI200_gmR1500,1595,ohc,SPNA,700-2000,1.545687e+23
PI200_gmR1500,1595,ohc,SPNA,2000+,1.125837e+23
PI200_gmR1500,1595,fh,SPNA,sfc,3.650905e+14
PI200_gmR1500,1595,ohc,NORDARC,0-700,1.757945e+22
PI200_gmR1500,1595,ohc,NORDARC,700-2000,2.903246e+22
PI200_gmR1500,1595,ohc,NORDARC,2000+,2.219300e+22
PI200_gmR1500,1595,fh,NORDARC,sfc,2.002841e+14
PI200_gmR1500,1595,ohc,REST,0-700,8.962009e+24
PI200_gmR1500,1595,ohc,REST,700-2000,5.258813e+24
PI200_gmR1500,1595,ohc,REST,2000+,3.929001e+24
PI200_gmR1500,1595,fh,REST,sfc,-1.126581e+15
PI200_gmR1500,1596,ohc,SO,0-700,1.111811e+24
PI200_gmR1500,1596,ohc,SO,700-2000,9.738252e+23
PI200_gmR1500,1596,ohc,SO,2000+,6.688018e+23
PI200_gmR1500,1596,fh,SO,sfc,2.795543e+14
PI200_gmR1500,1596,ohc,SPNA,0-700,1.485454e+23
PI200_gmR1500,1596,ohc,SPNA,700-2000,1.552976e+23
PI200_gmR1500,1596,ohc,SPNA,2000+,1.124791e+23
PI200_gmR1500,1596,fh,SPNA,sfc,3.432518e+14
PI200_gmR1500,1596,ohc,NORDARC,0-700,1.720807e+22
PI200_gmR1500,1596,ohc,NORDARC,700-2000,2.936022e+22
PI200_gmR1500,1596,ohc,NORDARC,2000+,2.222164e+22
PI200_gmR1500,1596,fh,NORDARC,sfc,2.662062e+14
PI200_gmR1500,1596,ohc,REST,0-700,8.960836e+24
PI200_gmR1500,1596,ohc,REST,700-2000,5.255430e+24
PI200_gmR1500,1596,ohc,REST,2000+,3.928728e+24
PI200_gmR1500,1596,fh,REST,sfc,-9.197227e+14
PI200_gmR1500,1597,ohc,SO,0-700,1.114854e+24
PI200_gmR1500,1597,ohc,SO,700-2000,9.780641e+23
PI200_gmR1500,1597,ohc,SO,2000+,6.716890e+23
PI200_gmR1500,1597,fh,SO,sfc,2.147048e+14
PI200_gmR1500,1597,ohc,SPNA,0-700,1.461484e+23
PI200_gmR1500,1597,ohc,SPNA,700-2000,1.545018e+23
PI200_gmR1500,1597,ohc,SPNA,2000+,1.126176e+23
PI200_gmR1500,1597,fh,SPNA,sfc,4.257851e+14
PI200_gmR1500,1597,ohc,NORDARC,0-700,1.808903e+22
PI200_gmR1500,1597,ohc,NORDARC,700-2000,2.962793e+22
PI200_gmR1500,1597,ohc,NORDARC,2000+,2.222360e+22
PI200_gmR1500,1597,fh,NORDARC,sfc,2.085794e+14
PI200_gmR1500,1597,ohc,REST,0-700,8.960058e+24
PI200_gmR1500,1597,ohc,REST,700-2000,5.250605e+24
PI200_gmR1500,1597,ohc,REST,2000+,3.928162e+24
PI200_gmR1500,1597,fh,REST,sfc,-1.184941e+15
PI200_gmR1500,1598,ohc,SO,0-700,1.115506e+24
PI200_gmR1500,1598,ohc,SO,700-2000,9.799137e+23
PI200_gmR1500,1598,ohc,SO,2000+,6.739032e+23
PI200_gmR1500,1598,fh,SO,sfc,3.189770e+14
PI200_gmR1500,1598,ohc,SPNA,0-700,1.466554e+23
PI200_gmR1500,1598,ohc,SPNA,700-2000,1.539942e+23
PI200_gmR1500,1598,ohc,SPNA,2000+,1.127777e+23
PI200_gmR1500,1598,fh,SPNA,sfc,3.249265e+14
PI200_gmR1500,1598,ohc,NORDARC,0-700,1.776956e+22
PI200_gmR1500,1598,ohc,NORDARC,700-2000,2.976520e+22
PI200_gmR1500,1598,ohc,NORDARC,2000+,2.224138e+22
PI200_gmR1500,1598,fh,NORDARC,sfc,3.223400e+14
PI200_gmR1500,1598,ohc,REST,0-700,8.964929e+24
PI200_gmR1500,1598,ohc,REST,700-2000,5.248236e+24
PI200_gmR1500,1598,ohc,REST,2000+,3.928407e+24
PI200_gmR1500,1598,fh,REST,sfc,-1.231226e+15
PI200_gmR1500,1599,ohc,SO,0-700,1.114709e+24
PI200_gmR1500,1599,ohc,SO,700-2000,9.815094e+23
PI200_gmR1500,1599,ohc,SO,2000+,6.757675e+23
PI200_gmR1500,1599,fh,SO,sfc,2.880695e+14
PI200_gmR1500,1599,ohc,SPNA,0-700,1.461290e+23
PI200_gmR1500,1599,ohc,SPNA,700-2000,1.530132e+23
PI200_gmR1500,1599,ohc,SPNA,2000+,1.128355e+23
PI200_gmR1500,1599,fh,SPNA,sfc,3.710820e+14
PI200_gmR1500,1599,ohc,NORDARC,0-700,1.720883e+22
PI200_gmR1500,1599,ohc,NORDARC,700-2000,2.968965e+22
PI200_gmR1500,1599,ohc,NORDARC,2000+,2.225477e+22
PI200_gmR1500,1599,fh,NORDARC,sfc,2.511479e+14
PI200_gmR1500,1599,ohc,REST,0-700,8.970019e+24
PI200_gmR1500,1599,ohc,REST,700-2000,5.247586e+24
PI200_gmR1500,1599,ohc,REST,2000+,3.928750e+24
PI200_gmR1500,1599,fh,REST,sfc,-1.013010e+15
