exp,year,ncell,fpc_BNE,fpc_BINE,fpc_BNS,fpc_IBS,fpc_C3G,fpc_HSE,fpc_HSS,fpc_LSE,fpc_LSS,fpc_Total,fpc_FRACH,fpc_FRACL,fpc_AGDD5,fpc_GRASSFPC,fpc_TREEFPC,fpc_PEATFPC,lai_BNE,lai_BNS,lai_IBS,lai_C3G,lai_LSE,lai_LSS,lai_Total,anpp_BNE,anpp_BNS,anpp_IBS,anpp_C3G,anpp_Total,dens_BNE,dens_BNS,dens_IBS,cmass_BNS,cmass_IBS,cmass_C3G,cmass_Total,est_limits_mTmin20,est_limits_agdd5,est_limits_snowdepth,est_limits_grassPAR,est_limits_wcont_up,grass_gt_tree
crunveg,2100,688,0.11036,0.025947,0.17384,0.0039112,0.20803,0,0.01733,0.0024411,0.005108,0.60888,0.29509,0.3114,799.29,0.27896,0.29509,0.028936,0.40739,0.53721,0.018363,0.6854,0.0080828,0.016925,1.9662,0.043197,0.075232,0.0022768,0.089514,0.24963,0.094025,0.4184,0.0015445,1.0103,0.029874,0.10579,2.1713,-32.984,878.07,1.7829,4.8258e+06,0.35292,0.50081
crunveg,2101,688,0.10233,0.023709,0.16553,0.0037671,0.19599,0,0.016756,0.0023828,0.0050546,0.59889,0.27904,0.28503,794.2,0.24933,0.27904,0.030663,0.36282,0.49982,0.016795,0.62329,0.0078187,0.016659,1.7647,0.040809,0.071993,0.0018605,0.079916,0.22184,0.092703,0.41746,0.0015943,0.99586,0.028432,0.095884,2.0966,-32.845,801.21,2.43,4.6507e+06,0.37818,0.49886
crunveg,2102,688,0.094309,0.021928,0.16475,0.0037344,0.20515,0,0.016643,0.0024116,0.0051021,0.60545,0.27095,0.2992,824.35,0.26335,0.27095,0.030858,0.32961,0.50075,0.016303,0.68338,0.0078151,0.016822,1.8226,0.048784,0.08266,0.0021368,0.086292,0.25603,0.092083,0.41346,0.0018245,0.98683,0.02775,0.1006,2.0533,-32.942,904.25,2.8195,5.0234e+06,0.36954,0.50263
crunveg,2103,688,0.091689,0.021053,0.16002,0.0038753,0.20087,0,0.016671,0.0023401,0.0050536,0.58334,0.26389,0.28502,844.34,0.25132,0.26389,0.027761,0.31674,0.48141,0.017023,0.63807,0.0076347,0.016731,1.7145,0.054859,0.073535,0.0030035,0.081407,0.24467,0.092068,0.40965,0.0020844,0.97846,0.027276,0.097005,2.0243,-33.146,902.86,2.5119,5.07e+06,0.37971,0.51527
crunveg,2104,688,0.087387,0.01976,0.15838,0.0040061,0.20878,0,0.016303,0.0023597,0.0051745,0.57792,0.25802,0.28404,866.08,0.25026,0.25802,0.028454,0.29422,0.47418,0.017526,0.68055,0.007713,0.017235,1.7057,0.046085,0.072925,0.0029638,0.087718,0.2386,0.091044,0.41204,0.0022268,0.97657,0.027306,0.10175,2.0025,-33.049,843.98,2.9784,5.091e+06,0.35934,0.51946
crunveg,2105,688,0.087764,0.019822,0.15677,0.0042128,0.21252,0,0.016856,0.0023648,0.0053406,0.58248,0.25733,0.29021,875.51,0.25429,0.25733,0.030039,0.29625,0.47068,0.018956,0.69515,0.0077654,0.017829,1.7234,0.057335,0.077519,0.0036093,0.091052,0.2575,0.089703,0.41313,0.00227,0.96469,0.027328,0.10404,1.9904,-33.006,925.22,2.5922,5.1474e+06,0.38183,0.5287
crunveg,2106,688,0.08764,0.019716,0.15009,0.0045594,0.19625,0,0.017228,0.002334,0.0053436,0.55208,0.25123,0.26598,880.13,0.22963,0.25123,0.030971,0.29744,0.44382,0.020624,0.604,0.0076494,0.017857,1.5865,0.056544,0.063759,0.003567,0.075903,0.22499,0.089034,0.41585,0.0024245,0.94997,0.028551,0.091993,1.9605,-32.711,824.26,2.7032,5.1168e+06,0.354,0.52574
crunveg,2107,688,0.090179,0.020302,0.14255,0.0048684,0.19666,0,0.017607,0.0023439,0.005419,0.5412,0.24626,0.26013,863.02,0.22247,0.24626,0.032207,0.31186,0.41462,0.022281,0.60839,0.0076069,0.017967,1.5558,0.062627,0.060181,0.0039339,0.077151,0.22516,0.089431,0.41609,0.0026892,0.92978,0.029353,0.091139,1.9382,-32.44,818.67,2.4024,4.9896e+06,0.36519,0.52459
crunveg,2108,688,0.092989,0.020984,0.14155,0.0054676,0.20484,0,0.018458,0.0023224,0.0054064,0.55665,0.2484,0.27325,855.88,0.23258,0.2484,0.035172,0.32878,0.41326,0.025513,0.64298,0.00755,0.017883,1.6272,0.069118,0.067755,0.0046531,0.083127,0.25248,0.090259,0.41365,0.002961,0.92126,0.031529,0.096579,1.9473,-32.34,867.27,2.4184,5.1621e+06,0.38505,0.5303
crunveg,2109,688,0.093623,0.021333,0.1427,0.0061279,0.20846,0,0.019424,0.0023521,0.0055766,0.55743,0.25171,0.27045,845.09,0.23267,0.25171,0.03212,0.33267,0.42288,0.02919,0.6691,0.0077117,0.01854,1.6576,0.063141,0.074452,0.0053548,0.083402,0.25032,0.090716,0.41075,0.0032036,0.91473,0.034018,0.098269,1.9417,-32.222,790.04,2.5149,5.0505e+06,0.37127,0.5362
crunveg,2110,688,0.092184,0.02099,0.14511,0.0065978,0.21092,0,0.019643,0.0023317,0.0055863,0.5551,0.2532,0.26616,820.3,0.23538,0.2532,0.025242,0.32441,0.43501,0.031466,0.67536,0.007691,0.018679,1.6546,0.05393,0.073447,0.0053646,0.085028,0.24038,0.090733,0.40741,0.0031946,0.9174,0.036222,0.098873,1.9398,-32.112,801.05,2.2737,4.9604e+06,0.383,0.53513
crunveg,2111,688,0.08818,0.019827,0.14604,0.006815,0.21612,0,0.019559,0.0023523,0.0057589,0.56302,0.25055,0.2767,845.12,0.24556,0.25055,0.026081,0.3023,0.44034,0.031737,0.68971,0.0077965,0.019333,1.664,0.045133,0.073846,0.0045275,0.089975,0.2344,0.090656,0.40647,0.0033498,0.91089,0.036835,0.10412,1.9207,-32.068,948.49,2.6573,5.307e+06,0.37088,0.53691
crunveg,2112,688,0.08883,0.01999,0.14368,0.0073648,0.21818,0,0.019671,0.0023887,0.0059969,0.56417,0.24932,0.2795,847.55,0.24739,0.24932,0.026652,0.3081,0.43131,0.034573,0.70338,0.0079026,0.020307,1.6793,0.055691,0.068425,0.0057513,0.088941,0.24136,0.090696,0.40431,0.0034446,0.89832,0.039054,0.10411,1.8983,-32.123,830.92,2.9361,4.9786e+06,0.39138,0.53929
crunveg,2113,688,0.087782,0.01984,0.14086,0.0080642,0.20734,0,0.020205,0.0023634,0.0060886,0.54807,0.24706,0.26547,843.29,0.23479,0.24706,0.025395,0.30286,0.41968,0.038086,0.64139,0.0078059,0.02067,1.6013,0.052238,0.065269,0.0067064,0.08342,0.23046,0.091799,0.40282,0.0036615,0.88597,0.042157,0.09921,1.8828,-32.266,845.94,2.8441,4.8859e+06,0.38731,0.53546
crunveg,2114,688,0.08929,0.020241,0.14443,0.008925,0.21871,0,0.021075,0.0024002,0.0063391,0.56547,0.25352,0.27686,859.39,0.24567,0.25352,0.025659,0.31317,0.43664,0.043273,0.68691,0.0079064,0.021608,1.6791,0.061559,0.073848,0.0083237,0.087657,0.25358,0.091561,0.40367,0.0037702,0.88448,0.045848,0.10265,1.8872,-32.094,870.6,2.4823,5.0696e+06,0.38214,0.54624
crunveg,2115,688,0.088523,0.019853,0.14951,0.0092643,0.22508,0,0.021162,0.0023805,0.0064018,0.57551,0.25775,0.28177,881.15,0.24568,0.25775,0.031082,0.30941,0.46052,0.044257,0.73163,0.0078272,0.021721,1.7352,0.054009,0.079671,0.0070785,0.09185,0.25124,0.090589,0.40378,0.0038007,0.88897,0.047745,0.1061,1.8939,-32.035,909.85,2.6062,5.0063e+06,0.36106,0.54455
crunveg,2116,688,0.085395,0.018859,0.14388,0.0095134,0.20934,0,0.020977,0.0023121,0.0063305,0.55166,0.24901,0.26739,848.44,0.23093,0.24901,0.031307,0.292,0.43756,0.044353,0.65241,0.0076219,0.021353,1.6218,0.043333,0.066068,0.006248,0.083746,0.21993,0.090166,0.40392,0.0039234,0.86349,0.049084,0.099335,1.8461,-31.905,784.81,2.6936,4.9161e+06,0.35538,0.53583
crunveg,2117,688,0.081138,0.017724,0.13909,0.0095334,0.21311,0,0.020696,0.0022813,0.0062805,0.55089,0.24032,0.27525,862.05,0.23489,0.24032,0.035211,0.26988,0.419,0.043401,0.66469,0.0075296,0.021222,1.6101,0.036435,0.063877,0.0059411,0.085723,0.21648,0.089638,0.39735,0.0040468,0.8466,0.049427,0.10031,1.8049,-31.76,899.04,2.8349,5.1195e+06,0.36933,0.53815
crunveg,2118,688,0.080493,0.017417,0.13868,0.010083,0.22194,0,0.021007,0.0022507,0.006233,0.55942,0.23998,0.28421,867.89,0.24511,0.23998,0.033605,0.26658,0.41764,0.046138,0.69816,0.007409,0.021014,1.6415,0.046413,0.068883,0.0078672,0.090945,0.23863,0.09001,0.39455,0.0041452,0.84506,0.051976,0.1062,1.8079,-31.689,875.11,2.4944,5.2619e+06,0.37579,0.54084
crunveg,2119,688,0.082622,0.017974,0.14149,0.011165,0.23448,0,0.022083,0.0022669,0.0063855,0.57723,0.24702,0.29463,857.61,0.25617,0.24702,0.03301,0.27842,0.43222,0.052681,0.7576,0.0075356,0.021626,1.7335,0.055986,0.075082,0.01023,0.097161,0.2634,0.089834,0.39183,0.0043778,0.84333,0.056656,0.11241,1.8247,-31.45,819.29,3.0597,4.9221e+06,0.40354,0.54107
