CMdev_BASE,1990,1,labsea,a_ice,0.24047
CMdev_BASE,1990,2,labsea,a_ice,0.40024
CMdev_BASE,1990,3,labsea,a_ice,0.39882
CMdev_BASE,1990,4,labsea,a_ice,0.36728
CMdev_BASE,1990,5,labsea,a_ice,0.24984
CMdev_BASE,1990,6,labsea,a_ice,0.10299
CMdev_BASE,1990,7,labsea,a_ice,0.02110
CMdev_BASE,1990,8,labsea,a_ice,0.00022
CMdev_BASE,1990,9,labsea,a_ice,0.00000
CMdev_BASE,1990,10,labsea,a_ice,0.00227
CMdev_BASE,1990,11,labsea,a_ice,0.03532
CMdev_BASE,1990,12,labsea,a_ice,0.11800
CMdev_BASE,1990,1,interior,a_ice,0.08457
CMdev_BASE,1990,2,interior,a_ice,0.36733
CMdev_BASE,1990,3,interior,a_ice,0.31376
CMdev_BASE,1990,4,interior,a_ice,0.30365
CMdev_BASE,1990,5,interior,a_ice,0.19464
CMdev_BASE,1990,6,interior,a_ice,0.03179
CMdev_BASE,1990,7,interior,a_ice,0.00045
CMdev_BASE,1990,8,interior,a_ice,0.00000
CMdev_BASE,1990,9,interior,a_ice,0.00000
CMdev_BASE,1990,10,interior,a_ice,0.00000
CMdev_BASE,1990,11,interior,a_ice,0.00000
CMdev_BASE,1990,12,interior,a_ice,0.01351
CMdev_BASE,1990,1,labsea,MLD2,621.99023
CMdev_BASE,1990,2,labsea,MLD2,1004.43582
CMdev_BASE,1990,3,labsea,MLD2,1033.66677
CMdev_BASE,1990,4,labsea,MLD2,981.39145
CMdev_BASE,1990,5,labsea,MLD2,585.02043
CMdev_BASE,1990,6,labsea,MLD2,19.25049
CMdev_BASE,1990,7,labsea,MLD2,11.79896
CMdev_BASE,1990,8,labsea,MLD2,16.21143
CMdev_BASE,1990,9,labsea,MLD2,25.94729
CMdev_BASE,1990,10,labsea,MLD2,37.08529
CMdev_BASE,1990,11,labsea,MLD2,65.28098
CMdev_BASE,1990,12,labsea,MLD2,532.29567
CMdev_BASE,1990,1,interior,MLD2,1074.05135
CMdev_BASE,1990,2,interior,MLD2,1435.61485
CMdev_BASE,1990,3,interior,MLD2,1477.96054
CMdev_BASE,1990,4,interior,MLD2,1446.36467
CMdev_BASE,1990,5,interior,MLD2,905.52567
CMdev_BASE,1990,6,interior,MLD2,23.70974
CMdev_BASE,1990,7,interior,MLD2,12.18023
CMdev_BASE,1990,8,interior,MLD2,16.47339
CMdev_BASE,1990,9,interior,MLD2,28.53179
CMdev_BASE,1990,10,interior,MLD2,37.64550
CMdev_BASE,1990,11,interior,MLD2,62.56673
CMdev_BASE,1990,12,interior,MLD2,1009.73460
CMdev_BASE,1991,1,labsea,a_ice,0.22184
CMdev_BASE,1991,2,labsea,a_ice,0.24184
CMdev_BASE,1991,3,labsea,a_ice,0.26110
CMdev_BASE,1991,4,labsea,a_ice,0.24838
CMdev_BASE,1991,5,labsea,a_ice,0.19325
CMdev_BASE,1991,6,labsea,a_ice,0.09870
CMdev_BASE,1991,7,labsea,a_ice,0.01244
CMdev_BASE,1991,8,labsea,a_ice,0.00000
CMdev_BASE,1991,9,labsea,a_ice,0.00000
CMdev_BASE,1991,10,labsea,a_ice,0.00038
CMdev_BASE,1991,11,labsea,a_ice,0.03832
CMdev_BASE,1991,12,labsea,a_ice,0.14576
CMdev_BASE,1991,1,interior,a_ice,0.09533
CMdev_BASE,1991,2,interior,a_ice,0.07763
CMdev_BASE,1991,3,interior,a_ice,0.07555
CMdev_BASE,1991,4,interior,a_ice,0.05166
CMdev_BASE,1991,5,interior,a_ice,0.03277
CMdev_BASE,1991,6,interior,a_ice,0.00420
CMdev_BASE,1991,7,interior,a_ice,0.00000
CMdev_BASE,1991,8,interior,a_ice,0.00000
CMdev_BASE,1991,9,interior,a_ice,0.00000
CMdev_BASE,1991,10,interior,a_ice,0.00000
CMdev_BASE,1991,11,interior,a_ice,0.00000
CMdev_BASE,1991,12,interior,a_ice,0.02512
CMdev_BASE,1991,1,labsea,MLD2,979.19724
CMdev_BASE,1991,2,labsea,MLD2,1142.80438
CMdev_BASE,1991,3,labsea,MLD2,1159.71702
CMdev_BASE,1991,4,labsea,MLD2,967.60155
CMdev_BASE,1991,5,labsea,MLD2,413.57214
CMdev_BASE,1991,6,labsea,MLD2,15.84545
CMdev_BASE,1991,7,labsea,MLD2,11.76413
CMdev_BASE,1991,8,labsea,MLD2,14.14079
CMdev_BASE,1991,9,labsea,MLD2,19.06490
CMdev_BASE,1991,10,labsea,MLD2,33.74423
CMdev_BASE,1991,11,labsea,MLD2,82.62560
CMdev_BASE,1991,12,labsea,MLD2,397.27118
CMdev_BASE,1991,1,interior,MLD2,2038.22231
CMdev_BASE,1991,2,interior,MLD2,2285.31899
CMdev_BASE,1991,3,interior,MLD2,2370.16972
CMdev_BASE,1991,4,interior,MLD2,2251.92728
CMdev_BASE,1991,5,interior,MLD2,1247.36111
CMdev_BASE,1991,6,interior,MLD2,18.57592
CMdev_BASE,1991,7,interior,MLD2,12.21742
CMdev_BASE,1991,8,interior,MLD2,16.28518
CMdev_BASE,1991,9,interior,MLD2,20.72133
CMdev_BASE,1991,10,interior,MLD2,33.58261
CMdev_BASE,1991,11,interior,MLD2,60.79335
CMdev_BASE,1991,12,interior,MLD2,591.05590
CMdev_BASE,1992,1,labsea,a_ice,0.37178
CMdev_BASE,1992,2,labsea,a_ice,0.38665
CMdev_BASE,1992,3,labsea,a_ice,0.41264
CMdev_BASE,1992,4,labsea,a_ice,0.30822
CMdev_BASE,1992,5,labsea,a_ice,0.18558
CMdev_BASE,1992,6,labsea,a_ice,0.05983
CMdev_BASE,1992,7,labsea,a_ice,0.00696
CMdev_BASE,1992,8,labsea,a_ice,0.00015
CMdev_BASE,1992,9,labsea,a_ice,0.00003
CMdev_BASE,1992,10,labsea,a_ice,0.00006
CMdev_BASE,1992,11,labsea,a_ice,0.02253
CMdev_BASE,1992,12,labsea,a_ice,0.07315
CMdev_BASE,1992,1,interior,a_ice,0.23153
CMdev_BASE,1992,2,interior,a_ice,0.25425
CMdev_BASE,1992,3,interior,a_ice,0.28475
CMdev_BASE,1992,4,interior,a_ice,0.15086
CMdev_BASE,1992,5,interior,a_ice,0.04694
CMdev_BASE,1992,6,interior,a_ice,0.02520
CMdev_BASE,1992,7,interior,a_ice,0.00000
CMdev_BASE,1992,8,interior,a_ice,0.00000
CMdev_BASE,1992,9,interior,a_ice,0.00000
CMdev_BASE,1992,10,interior,a_ice,0.00000
CMdev_BASE,1992,11,interior,a_ice,0.00000
CMdev_BASE,1992,12,interior,a_ice,0.00041
CMdev_BASE,1992,1,labsea,MLD2,844.83098
CMdev_BASE,1992,2,labsea,MLD2,1048.07184
CMdev_BASE,1992,3,labsea,MLD2,1105.52087
CMdev_BASE,1992,4,labsea,MLD2,924.98667
CMdev_BASE,1992,5,labsea,MLD2,328.51987
CMdev_BASE,1992,6,labsea,MLD2,11.13591
CMdev_BASE,1992,7,labsea,MLD2,11.76772
CMdev_BASE,1992,8,labsea,MLD2,15.18232
CMdev_BASE,1992,9,labsea,MLD2,23.27465
CMdev_BASE,1992,10,labsea,MLD2,30.27669
CMdev_BASE,1992,11,labsea,MLD2,57.84566
CMdev_BASE,1992,12,labsea,MLD2,374.33536
CMdev_BASE,1992,1,interior,MLD2,1521.76447
CMdev_BASE,1992,2,interior,MLD2,1710.43500
CMdev_BASE,1992,3,interior,MLD2,1759.94595
CMdev_BASE,1992,4,interior,MLD2,1638.86225
CMdev_BASE,1992,5,interior,MLD2,782.98391
CMdev_BASE,1992,6,interior,MLD2,12.47179
CMdev_BASE,1992,7,interior,MLD2,11.57596
CMdev_BASE,1992,8,interior,MLD2,15.54158
CMdev_BASE,1992,9,interior,MLD2,21.39111
CMdev_BASE,1992,10,interior,MLD2,26.65661
CMdev_BASE,1992,11,interior,MLD2,71.68296
CMdev_BASE,1992,12,interior,MLD2,851.73831
CMdev_BASE,1993,1,labsea,a_ice,0.12587
CMdev_BASE,1993,2,labsea,a_ice,0.23660
CMdev_BASE,1993,3,labsea,a_ice,0.21882
CMdev_BASE,1993,4,labsea,a_ice,0.17001
CMdev_BASE,1993,5,labsea,a_ice,0.15580
CMdev_BASE,1993,6,labsea,a_ice,0.09317
CMdev_BASE,1993,7,labsea,a_ice,0.03421
CMdev_BASE,1993,8,labsea,a_ice,0.00394
CMdev_BASE,1993,9,labsea,a_ice,0.00000
CMdev_BASE,1993,10,labsea,a_ice,0.00061
CMdev_BASE,1993,11,labsea,a_ice,0.01078
CMdev_BASE,1993,12,labsea,a_ice,0.05859
CMdev_BASE,1993,1,interior,a_ice,0.01778
CMdev_BASE,1993,2,interior,a_ice,0.06743
CMdev_BASE,1993,3,interior,a_ice,0.06168
CMdev_BASE,1993,4,interior,a_ice,0.02411
CMdev_BASE,1993,5,interior,a_ice,0.02560
CMdev_BASE,1993,6,interior,a_ice,0.00600
CMdev_BASE,1993,7,interior,a_ice,0.00000
CMdev_BASE,1993,8,interior,a_ice,0.00000
CMdev_BASE,1993,9,interior,a_ice,0.00000
CMdev_BASE,1993,10,interior,a_ice,0.00000
CMdev_BASE,1993,11,interior,a_ice,0.00000
CMdev_BASE,1993,12,interior,a_ice,0.00010
CMdev_BASE,1993,1,labsea,MLD2,823.44776
CMdev_BASE,1993,2,labsea,MLD2,1176.79087
CMdev_BASE,1993,3,labsea,MLD2,1326.83021
CMdev_BASE,1993,4,labsea,MLD2,926.69204
CMdev_BASE,1993,5,labsea,MLD2,397.70996
CMdev_BASE,1993,6,labsea,MLD2,59.27417
CMdev_BASE,1993,7,labsea,MLD2,15.20564
CMdev_BASE,1993,8,labsea,MLD2,13.90439
CMdev_BASE,1993,9,labsea,MLD2,20.35048
CMdev_BASE,1993,10,labsea,MLD2,36.43295
CMdev_BASE,1993,11,labsea,MLD2,60.36352
CMdev_BASE,1993,12,labsea,MLD2,432.56410
CMdev_BASE,1993,1,interior,MLD2,1709.08397
CMdev_BASE,1993,2,interior,MLD2,2178.91248
CMdev_BASE,1993,3,interior,MLD2,2192.96046
CMdev_BASE,1993,4,interior,MLD2,1965.23105
CMdev_BASE,1993,5,interior,MLD2,1005.91112
CMdev_BASE,1993,6,interior,MLD2,122.11344
CMdev_BASE,1993,7,interior,MLD2,16.70526
CMdev_BASE,1993,8,interior,MLD2,14.15517
CMdev_BASE,1993,9,interior,MLD2,20.94473
CMdev_BASE,1993,10,interior,MLD2,36.60862
CMdev_BASE,1993,11,interior,MLD2,60.59172
CMdev_BASE,1993,12,interior,MLD2,889.02455
CMdev_BASE,1994,1,labsea,a_ice,0.18911
CMdev_BASE,1994,2,labsea,a_ice,0.25742
CMdev_BASE,1994,3,labsea,a_ice,0.22011
CMdev_BASE,1994,4,labsea,a_ice,0.18156
CMdev_BASE,1994,5,labsea,a_ice,0.10711
CMdev_BASE,1994,6,labsea,a_ice,0.03460
CMdev_BASE,1994,7,labsea,a_ice,0.00538
CMdev_BASE,1994,8,labsea,a_ice,0.00005
CMdev_BASE,1994,9,labsea,a_ice,0.00000
CMdev_BASE,1994,10,labsea,a_ice,0.00000
CMdev_BASE,1994,11,labsea,a_ice,0.00918
CMdev_BASE,1994,12,labsea,a_ice,0.04628
CMdev_BASE,1994,1,interior,a_ice,0.02860
CMdev_BASE,1994,2,interior,a_ice,0.06640
CMdev_BASE,1994,3,interior,a_ice,0.03344
CMdev_BASE,1994,4,interior,a_ice,0.04260
CMdev_BASE,1994,5,interior,a_ice,0.01301
CMdev_BASE,1994,6,interior,a_ice,0.00031
CMdev_BASE,1994,7,interior,a_ice,0.00000
CMdev_BASE,1994,8,interior,a_ice,0.00000
CMdev_BASE,1994,9,interior,a_ice,0.00000
CMdev_BASE,1994,10,interior,a_ice,0.00000
CMdev_BASE,1994,11,interior,a_ice,0.00000
CMdev_BASE,1994,12,interior,a_ice,0.00057
CMdev_BASE,1994,1,labsea,MLD2,1155.42366
CMdev_BASE,1994,2,labsea,MLD2,1229.48519
CMdev_BASE,1994,3,labsea,MLD2,1090.38488
CMdev_BASE,1994,4,labsea,MLD2,849.07655
CMdev_BASE,1994,5,labsea,MLD2,177.70945
CMdev_BASE,1994,6,labsea,MLD2,22.77828
CMdev_BASE,1994,7,labsea,MLD2,15.05228
CMdev_BASE,1994,8,labsea,MLD2,16.07267
CMdev_BASE,1994,9,labsea,MLD2,17.74224
CMdev_BASE,1994,10,labsea,MLD2,27.28551
CMdev_BASE,1994,11,labsea,MLD2,67.34644
CMdev_BASE,1994,12,labsea,MLD2,242.79114
CMdev_BASE,1994,1,interior,MLD2,1906.43120
CMdev_BASE,1994,2,interior,MLD2,1984.33415
CMdev_BASE,1994,3,interior,MLD2,1749.07058
CMdev_BASE,1994,4,interior,MLD2,1428.31573
CMdev_BASE,1994,5,interior,MLD2,374.65700
CMdev_BASE,1994,6,interior,MLD2,28.05554
CMdev_BASE,1994,7,interior,MLD2,15.67326
CMdev_BASE,1994,8,interior,MLD2,17.68479
CMdev_BASE,1994,9,interior,MLD2,18.71253
CMdev_BASE,1994,10,interior,MLD2,26.64729
CMdev_BASE,1994,11,interior,MLD2,94.83674
CMdev_BASE,1994,12,interior,MLD2,498.26372
CMdev_BASE,1995,1,labsea,a_ice,0.20918
CMdev_BASE,1995,2,labsea,a_ice,0.25743
CMdev_BASE,1995,3,labsea,a_ice,0.28418
CMdev_BASE,1995,4,labsea,a_ice,0.29777
CMdev_BASE,1995,5,labsea,a_ice,0.18697
CMdev_BASE,1995,6,labsea,a_ice,0.08002
CMdev_BASE,1995,7,labsea,a_ice,0.02251
CMdev_BASE,1995,8,labsea,a_ice,0.00211
CMdev_BASE,1995,9,labsea,a_ice,0.00000
CMdev_BASE,1995,10,labsea,a_ice,0.00000
CMdev_BASE,1995,11,labsea,a_ice,0.00747
CMdev_BASE,1995,12,labsea,a_ice,0.05856
CMdev_BASE,1995,1,interior,a_ice,0.03211
CMdev_BASE,1995,2,interior,a_ice,0.08389
CMdev_BASE,1995,3,interior,a_ice,0.10068
CMdev_BASE,1995,4,interior,a_ice,0.10245
CMdev_BASE,1995,5,interior,a_ice,0.03293
CMdev_BASE,1995,6,interior,a_ice,0.00149
CMdev_BASE,1995,7,interior,a_ice,0.00000
CMdev_BASE,1995,8,interior,a_ice,0.00000
CMdev_BASE,1995,9,interior,a_ice,0.00000
CMdev_BASE,1995,10,interior,a_ice,0.00000
CMdev_BASE,1995,11,interior,a_ice,0.00000
CMdev_BASE,1995,12,interior,a_ice,0.00130
CMdev_BASE,1995,1,labsea,MLD2,1005.85026
CMdev_BASE,1995,2,labsea,MLD2,1245.61502
CMdev_BASE,1995,3,labsea,MLD2,1185.18541
CMdev_BASE,1995,4,labsea,MLD2,850.20603
CMdev_BASE,1995,5,labsea,MLD2,103.57602
CMdev_BASE,1995,6,labsea,MLD2,19.64848
CMdev_BASE,1995,7,labsea,MLD2,15.56526
CMdev_BASE,1995,8,labsea,MLD2,13.12538
CMdev_BASE,1995,9,labsea,MLD2,18.19711
CMdev_BASE,1995,10,labsea,MLD2,27.55383
CMdev_BASE,1995,11,labsea,MLD2,55.44688
CMdev_BASE,1995,12,labsea,MLD2,287.70870
CMdev_BASE,1995,1,interior,MLD2,1743.98449
CMdev_BASE,1995,2,interior,MLD2,2018.02009
CMdev_BASE,1995,3,interior,MLD2,2010.17469
CMdev_BASE,1995,4,interior,MLD2,1594.20022
CMdev_BASE,1995,5,interior,MLD2,259.38446
CMdev_BASE,1995,6,interior,MLD2,19.91301
CMdev_BASE,1995,7,interior,MLD2,14.93421
CMdev_BASE,1995,8,interior,MLD2,13.60861
CMdev_BASE,1995,9,interior,MLD2,17.26742
CMdev_BASE,1995,10,interior,MLD2,24.20937
CMdev_BASE,1995,11,interior,MLD2,53.66006
CMdev_BASE,1995,12,interior,MLD2,519.70323
CMdev_BASE,1996,1,labsea,a_ice,0.13497
CMdev_BASE,1996,2,labsea,a_ice,0.23067
CMdev_BASE,1996,3,labsea,a_ice,0.25251
CMdev_BASE,1996,4,labsea,a_ice,0.24021
CMdev_BASE,1996,5,labsea,a_ice,0.19839
CMdev_BASE,1996,6,labsea,a_ice,0.12551
CMdev_BASE,1996,7,labsea,a_ice,0.03895
CMdev_BASE,1996,8,labsea,a_ice,0.00221
CMdev_BASE,1996,9,labsea,a_ice,0.00000
CMdev_BASE,1996,10,labsea,a_ice,0.00017
CMdev_BASE,1996,11,labsea,a_ice,0.02728
CMdev_BASE,1996,12,labsea,a_ice,0.08913
CMdev_BASE,1996,1,interior,a_ice,0.01239
CMdev_BASE,1996,2,interior,a_ice,0.04611
CMdev_BASE,1996,3,interior,a_ice,0.05520
CMdev_BASE,1996,4,interior,a_ice,0.05930
CMdev_BASE,1996,5,interior,a_ice,0.02066
CMdev_BASE,1996,6,interior,a_ice,0.00531
CMdev_BASE,1996,7,interior,a_ice,0.00028
CMdev_BASE,1996,8,interior,a_ice,0.00000
CMdev_BASE,1996,9,interior,a_ice,0.00000
CMdev_BASE,1996,10,interior,a_ice,0.00000
CMdev_BASE,1996,11,interior,a_ice,0.00000
CMdev_BASE,1996,12,interior,a_ice,0.00218
CMdev_BASE,1996,1,labsea,MLD2,875.96830
CMdev_BASE,1996,2,labsea,MLD2,1364.84812
CMdev_BASE,1996,3,labsea,MLD2,1413.90033
CMdev_BASE,1996,4,labsea,MLD2,1199.10039
CMdev_BASE,1996,5,labsea,MLD2,518.90097
CMdev_BASE,1996,6,labsea,MLD2,22.19960
CMdev_BASE,1996,7,labsea,MLD2,15.71944
CMdev_BASE,1996,8,labsea,MLD2,15.10236
CMdev_BASE,1996,9,labsea,MLD2,23.39051
CMdev_BASE,1996,10,labsea,MLD2,34.04198
CMdev_BASE,1996,11,labsea,MLD2,72.36664
CMdev_BASE,1996,12,labsea,MLD2,485.04385
CMdev_BASE,1996,1,interior,MLD2,1804.77172
CMdev_BASE,1996,2,interior,MLD2,2370.60914
CMdev_BASE,1996,3,interior,MLD2,2391.76096
CMdev_BASE,1996,4,interior,MLD2,2158.60487
CMdev_BASE,1996,5,interior,MLD2,1276.85416
CMdev_BASE,1996,6,interior,MLD2,29.12318
CMdev_BASE,1996,7,interior,MLD2,16.71727
CMdev_BASE,1996,8,interior,MLD2,16.75915
CMdev_BASE,1996,9,interior,MLD2,22.51701
CMdev_BASE,1996,10,interior,MLD2,33.42489
CMdev_BASE,1996,11,interior,MLD2,122.75480
CMdev_BASE,1996,12,interior,MLD2,1089.51115
CMdev_BASE,1997,1,labsea,a_ice,0.14216
CMdev_BASE,1997,2,labsea,a_ice,0.18826
CMdev_BASE,1997,3,labsea,a_ice,0.23673
CMdev_BASE,1997,4,labsea,a_ice,0.22317
CMdev_BASE,1997,5,labsea,a_ice,0.12562
CMdev_BASE,1997,6,labsea,a_ice,0.02668
CMdev_BASE,1997,7,labsea,a_ice,0.00010
CMdev_BASE,1997,8,labsea,a_ice,0.00000
CMdev_BASE,1997,9,labsea,a_ice,0.00000
CMdev_BASE,1997,10,labsea,a_ice,0.00000
CMdev_BASE,1997,11,labsea,a_ice,0.00546
CMdev_BASE,1997,12,labsea,a_ice,0.04434
CMdev_BASE,1997,1,interior,a_ice,0.00917
CMdev_BASE,1997,2,interior,a_ice,0.01715
CMdev_BASE,1997,3,interior,a_ice,0.08632
CMdev_BASE,1997,4,interior,a_ice,0.07292
CMdev_BASE,1997,5,interior,a_ice,0.02519
CMdev_BASE,1997,6,interior,a_ice,0.00129
CMdev_BASE,1997,7,interior,a_ice,0.00000
CMdev_BASE,1997,8,interior,a_ice,0.00000
CMdev_BASE,1997,9,interior,a_ice,0.00000
CMdev_BASE,1997,10,interior,a_ice,0.00000
CMdev_BASE,1997,11,interior,a_ice,0.00000
CMdev_BASE,1997,12,interior,a_ice,0.00007
CMdev_BASE,1997,1,labsea,MLD2,1266.35366
CMdev_BASE,1997,2,labsea,MLD2,1514.70943
CMdev_BASE,1997,3,labsea,MLD2,1546.22475
CMdev_BASE,1997,4,labsea,MLD2,1345.68425
CMdev_BASE,1997,5,labsea,MLD2,468.74263
CMdev_BASE,1997,6,labsea,MLD2,18.88605
CMdev_BASE,1997,7,labsea,MLD2,14.87662
CMdev_BASE,1997,8,labsea,MLD2,15.26917
CMdev_BASE,1997,9,labsea,MLD2,26.29545
CMdev_BASE,1997,10,labsea,MLD2,33.09605
CMdev_BASE,1997,11,labsea,MLD2,132.80573
CMdev_BASE,1997,12,labsea,MLD2,793.44081
CMdev_BASE,1997,1,interior,MLD2,2285.78003
CMdev_BASE,1997,2,interior,MLD2,2464.56097
CMdev_BASE,1997,3,interior,MLD2,2422.82399
CMdev_BASE,1997,4,interior,MLD2,2249.74706
CMdev_BASE,1997,5,interior,MLD2,1004.76181
CMdev_BASE,1997,6,interior,MLD2,23.86026
CMdev_BASE,1997,7,interior,MLD2,16.83286
CMdev_BASE,1997,8,interior,MLD2,16.25897
CMdev_BASE,1997,9,interior,MLD2,25.26062
CMdev_BASE,1997,10,interior,MLD2,34.02906
CMdev_BASE,1997,11,interior,MLD2,239.38696
CMdev_BASE,1997,12,interior,MLD2,1691.66662
CMdev_BASE,1998,1,labsea,a_ice,0.10795
CMdev_BASE,1998,2,labsea,a_ice,0.17833
CMdev_BASE,1998,3,labsea,a_ice,0.19585
CMdev_BASE,1998,4,labsea,a_ice,0.19058
CMdev_BASE,1998,5,labsea,a_ice,0.09845
CMdev_BASE,1998,6,labsea,a_ice,0.03840
CMdev_BASE,1998,7,labsea,a_ice,0.01017
CMdev_BASE,1998,8,labsea,a_ice,0.00002
CMdev_BASE,1998,9,labsea,a_ice,0.00000
CMdev_BASE,1998,10,labsea,a_ice,0.00051
CMdev_BASE,1998,11,labsea,a_ice,0.01322
CMdev_BASE,1998,12,labsea,a_ice,0.03744
CMdev_BASE,1998,1,interior,a_ice,0.01112
CMdev_BASE,1998,2,interior,a_ice,0.02991
CMdev_BASE,1998,3,interior,a_ice,0.02104
CMdev_BASE,1998,4,interior,a_ice,0.05677
CMdev_BASE,1998,5,interior,a_ice,0.01914
CMdev_BASE,1998,6,interior,a_ice,0.00001
CMdev_BASE,1998,7,interior,a_ice,0.00000
CMdev_BASE,1998,8,interior,a_ice,0.00000
CMdev_BASE,1998,9,interior,a_ice,0.00000
CMdev_BASE,1998,10,interior,a_ice,0.00000
CMdev_BASE,1998,11,interior,a_ice,0.00000
CMdev_BASE,1998,12,interior,a_ice,0.00000
CMdev_BASE,1998,1,labsea,MLD2,1111.71731
CMdev_BASE,1998,2,labsea,MLD2,1392.74107
CMdev_BASE,1998,3,labsea,MLD2,1469.40027
CMdev_BASE,1998,4,labsea,MLD2,1334.39268
CMdev_BASE,1998,5,labsea,MLD2,375.92976
CMdev_BASE,1998,6,labsea,MLD2,21.88794
CMdev_BASE,1998,7,labsea,MLD2,14.56521
CMdev_BASE,1998,8,labsea,MLD2,15.80138
CMdev_BASE,1998,9,labsea,MLD2,21.57122
CMdev_BASE,1998,10,labsea,MLD2,31.67792
CMdev_BASE,1998,11,labsea,MLD2,50.65048
CMdev_BASE,1998,12,labsea,MLD2,202.03315
CMdev_BASE,1998,1,interior,MLD2,2193.10472
CMdev_BASE,1998,2,interior,MLD2,2271.30079
CMdev_BASE,1998,3,interior,MLD2,2337.17405
CMdev_BASE,1998,4,interior,MLD2,2204.16521
CMdev_BASE,1998,5,interior,MLD2,676.38446
CMdev_BASE,1998,6,interior,MLD2,24.73112
CMdev_BASE,1998,7,interior,MLD2,14.97471
CMdev_BASE,1998,8,interior,MLD2,15.86377
CMdev_BASE,1998,9,interior,MLD2,22.58984
CMdev_BASE,1998,10,interior,MLD2,32.08207
CMdev_BASE,1998,11,interior,MLD2,50.62574
CMdev_BASE,1998,12,interior,MLD2,321.25081
CMdev_BASE,1999,1,labsea,a_ice,0.14606
CMdev_BASE,1999,2,labsea,a_ice,0.23791
CMdev_BASE,1999,3,labsea,a_ice,0.28451
CMdev_BASE,1999,4,labsea,a_ice,0.23130
CMdev_BASE,1999,5,labsea,a_ice,0.15846
CMdev_BASE,1999,6,labsea,a_ice,0.09754
CMdev_BASE,1999,7,labsea,a_ice,0.02731
CMdev_BASE,1999,8,labsea,a_ice,0.00180
CMdev_BASE,1999,9,labsea,a_ice,0.00000
CMdev_BASE,1999,10,labsea,a_ice,0.00012
CMdev_BASE,1999,11,labsea,a_ice,0.00792
CMdev_BASE,1999,12,labsea,a_ice,0.06164
CMdev_BASE,1999,1,interior,a_ice,0.02913
CMdev_BASE,1999,2,interior,a_ice,0.07437
CMdev_BASE,1999,3,interior,a_ice,0.08396
CMdev_BASE,1999,4,interior,a_ice,0.05101
CMdev_BASE,1999,5,interior,a_ice,0.00660
CMdev_BASE,1999,6,interior,a_ice,0.00064
CMdev_BASE,1999,7,interior,a_ice,0.00000
CMdev_BASE,1999,8,interior,a_ice,0.00000
CMdev_BASE,1999,9,interior,a_ice,0.00000
CMdev_BASE,1999,10,interior,a_ice,0.00000
CMdev_BASE,1999,11,interior,a_ice,0.00000
CMdev_BASE,1999,12,interior,a_ice,0.00016
CMdev_BASE,1999,1,labsea,MLD2,1025.00637
CMdev_BASE,1999,2,labsea,MLD2,1370.55297
CMdev_BASE,1999,3,labsea,MLD2,1426.68729
CMdev_BASE,1999,4,labsea,MLD2,1089.06670
CMdev_BASE,1999,5,labsea,MLD2,404.13380
CMdev_BASE,1999,6,labsea,MLD2,19.88226
CMdev_BASE,1999,7,labsea,MLD2,15.90630
CMdev_BASE,1999,8,labsea,MLD2,15.54918
CMdev_BASE,1999,9,labsea,MLD2,17.44667
CMdev_BASE,1999,10,labsea,MLD2,22.80124
CMdev_BASE,1999,11,labsea,MLD2,39.03711
CMdev_BASE,1999,12,labsea,MLD2,305.90737
CMdev_BASE,1999,1,interior,MLD2,1729.75990
CMdev_BASE,1999,2,interior,MLD2,2093.12749
CMdev_BASE,1999,3,interior,MLD2,2198.60968
CMdev_BASE,1999,4,interior,MLD2,1794.78978
CMdev_BASE,1999,5,interior,MLD2,970.37160
CMdev_BASE,1999,6,interior,MLD2,21.66652
CMdev_BASE,1999,7,interior,MLD2,18.72041
CMdev_BASE,1999,8,interior,MLD2,17.20525
CMdev_BASE,1999,9,interior,MLD2,17.75355
CMdev_BASE,1999,10,interior,MLD2,23.39779
CMdev_BASE,1999,11,interior,MLD2,39.85183
CMdev_BASE,1999,12,interior,MLD2,684.28178
CMdev_BASE,2000,1,labsea,a_ice,0.17899
CMdev_BASE,2000,2,labsea,a_ice,0.31099
CMdev_BASE,2000,3,labsea,a_ice,0.45220
CMdev_BASE,2000,4,labsea,a_ice,0.40812
CMdev_BASE,2000,5,labsea,a_ice,0.19966
CMdev_BASE,2000,6,labsea,a_ice,0.05994
CMdev_BASE,2000,7,labsea,a_ice,0.00027
CMdev_BASE,2000,8,labsea,a_ice,0.00000
CMdev_BASE,2000,9,labsea,a_ice,0.00000
CMdev_BASE,2000,10,labsea,a_ice,0.00000
CMdev_BASE,2000,11,labsea,a_ice,0.00597
CMdev_BASE,2000,12,labsea,a_ice,0.11969
CMdev_BASE,2000,1,interior,a_ice,0.02747
CMdev_BASE,2000,2,interior,a_ice,0.10861
CMdev_BASE,2000,3,interior,a_ice,0.28992
CMdev_BASE,2000,4,interior,a_ice,0.35533
CMdev_BASE,2000,5,interior,a_ice,0.10916
CMdev_BASE,2000,6,interior,a_ice,0.00182
CMdev_BASE,2000,7,interior,a_ice,0.00000
CMdev_BASE,2000,8,interior,a_ice,0.00000
CMdev_BASE,2000,9,interior,a_ice,0.00000
CMdev_BASE,2000,10,interior,a_ice,0.00000
CMdev_BASE,2000,11,interior,a_ice,0.00000
CMdev_BASE,2000,12,interior,a_ice,0.01575
CMdev_BASE,2000,1,labsea,MLD2,1147.77585
CMdev_BASE,2000,2,labsea,MLD2,1416.37838
CMdev_BASE,2000,3,labsea,MLD2,1141.83012
CMdev_BASE,2000,4,labsea,MLD2,679.25438
CMdev_BASE,2000,5,labsea,MLD2,48.70388
CMdev_BASE,2000,6,labsea,MLD2,15.12366
CMdev_BASE,2000,7,labsea,MLD2,11.39248
CMdev_BASE,2000,8,labsea,MLD2,13.51117
CMdev_BASE,2000,9,labsea,MLD2,17.88800
CMdev_BASE,2000,10,labsea,MLD2,24.75629
CMdev_BASE,2000,11,labsea,MLD2,36.84518
CMdev_BASE,2000,12,labsea,MLD2,231.14547
CMdev_BASE,2000,1,interior,MLD2,2046.75516
CMdev_BASE,2000,2,interior,MLD2,2270.78327
CMdev_BASE,2000,3,interior,MLD2,1750.31394
CMdev_BASE,2000,4,interior,MLD2,876.51335
CMdev_BASE,2000,5,interior,MLD2,114.03286
CMdev_BASE,2000,6,interior,MLD2,14.46341
CMdev_BASE,2000,7,interior,MLD2,11.64800
CMdev_BASE,2000,8,interior,MLD2,14.76555
CMdev_BASE,2000,9,interior,MLD2,18.06712
CMdev_BASE,2000,10,interior,MLD2,23.45806
CMdev_BASE,2000,11,interior,MLD2,32.27276
CMdev_BASE,2000,12,interior,MLD2,207.62943
CMdev_BASE,2001,1,labsea,a_ice,0.17898
CMdev_BASE,2001,2,labsea,a_ice,0.20433
CMdev_BASE,2001,3,labsea,a_ice,0.28807
CMdev_BASE,2001,4,labsea,a_ice,0.24137
CMdev_BASE,2001,5,labsea,a_ice,0.20349
CMdev_BASE,2001,6,labsea,a_ice,0.10338
CMdev_BASE,2001,7,labsea,a_ice,0.01334
CMdev_BASE,2001,8,labsea,a_ice,0.00000
CMdev_BASE,2001,9,labsea,a_ice,0.00000
CMdev_BASE,2001,10,labsea,a_ice,0.00000
CMdev_BASE,2001,11,labsea,a_ice,0.00608
CMdev_BASE,2001,12,labsea,a_ice,0.09065
CMdev_BASE,2001,1,interior,a_ice,0.02124
CMdev_BASE,2001,2,interior,a_ice,0.00534
CMdev_BASE,2001,3,interior,a_ice,0.07689
CMdev_BASE,2001,4,interior,a_ice,0.08600
CMdev_BASE,2001,5,interior,a_ice,0.01957
CMdev_BASE,2001,6,interior,a_ice,0.00289
CMdev_BASE,2001,7,interior,a_ice,0.00056
CMdev_BASE,2001,8,interior,a_ice,0.00000
CMdev_BASE,2001,9,interior,a_ice,0.00000
CMdev_BASE,2001,10,interior,a_ice,0.00000
CMdev_BASE,2001,11,interior,a_ice,0.00000
CMdev_BASE,2001,12,interior,a_ice,0.00020
CMdev_BASE,2001,1,labsea,MLD2,581.03975
CMdev_BASE,2001,2,labsea,MLD2,1083.27786
CMdev_BASE,2001,3,labsea,MLD2,1288.45002
CMdev_BASE,2001,4,labsea,MLD2,962.84265
CMdev_BASE,2001,5,labsea,MLD2,285.61813
CMdev_BASE,2001,6,labsea,MLD2,18.08658
CMdev_BASE,2001,7,labsea,MLD2,12.57726
CMdev_BASE,2001,8,labsea,MLD2,12.34756
CMdev_BASE,2001,9,labsea,MLD2,19.08346
CMdev_BASE,2001,10,labsea,MLD2,28.95194
CMdev_BASE,2001,11,labsea,MLD2,45.62928
CMdev_BASE,2001,12,labsea,MLD2,319.44106
CMdev_BASE,2001,1,interior,MLD2,864.48813
CMdev_BASE,2001,2,interior,MLD2,2166.18727
CMdev_BASE,2001,3,interior,MLD2,2389.17830
CMdev_BASE,2001,4,interior,MLD2,1859.15609
CMdev_BASE,2001,5,interior,MLD2,788.81223
CMdev_BASE,2001,6,interior,MLD2,21.53713
CMdev_BASE,2001,7,interior,MLD2,13.89701
CMdev_BASE,2001,8,interior,MLD2,13.93890
CMdev_BASE,2001,9,interior,MLD2,18.63473
CMdev_BASE,2001,10,interior,MLD2,28.62436
CMdev_BASE,2001,11,interior,MLD2,48.38182
CMdev_BASE,2001,12,interior,MLD2,578.15459
CMdev_BASE,2002,1,labsea,a_ice,0.24431
CMdev_BASE,2002,2,labsea,a_ice,0.32705
CMdev_BASE,2002,3,labsea,a_ice,0.40431
CMdev_BASE,2002,4,labsea,a_ice,0.32904
CMdev_BASE,2002,5,labsea,a_ice,0.25466
CMdev_BASE,2002,6,labsea,a_ice,0.12474
CMdev_BASE,2002,7,labsea,a_ice,0.02196
CMdev_BASE,2002,8,labsea,a_ice,0.00034
CMdev_BASE,2002,9,labsea,a_ice,0.00000
CMdev_BASE,2002,10,labsea,a_ice,0.00001
CMdev_BASE,2002,11,labsea,a_ice,0.01003
CMdev_BASE,2002,12,labsea,a_ice,0.05746
CMdev_BASE,2002,1,interior,a_ice,0.06933
CMdev_BASE,2002,2,interior,a_ice,0.11524
CMdev_BASE,2002,3,interior,a_ice,0.25065
CMdev_BASE,2002,4,interior,a_ice,0.22030
CMdev_BASE,2002,5,interior,a_ice,0.14157
CMdev_BASE,2002,6,interior,a_ice,0.01516
CMdev_BASE,2002,7,interior,a_ice,0.00005
CMdev_BASE,2002,8,interior,a_ice,0.00000
CMdev_BASE,2002,9,interior,a_ice,0.00000
CMdev_BASE,2002,10,interior,a_ice,0.00000
CMdev_BASE,2002,11,interior,a_ice,0.00000
CMdev_BASE,2002,12,interior,a_ice,0.00104
CMdev_BASE,2002,1,labsea,MLD2,1204.96884
CMdev_BASE,2002,2,labsea,MLD2,1445.22619
CMdev_BASE,2002,3,labsea,MLD2,1288.75914
CMdev_BASE,2002,4,labsea,MLD2,1263.75901
CMdev_BASE,2002,5,labsea,MLD2,553.98482
CMdev_BASE,2002,6,labsea,MLD2,12.09413
CMdev_BASE,2002,7,labsea,MLD2,11.77653
CMdev_BASE,2002,8,labsea,MLD2,11.85080
CMdev_BASE,2002,9,labsea,MLD2,23.23991
CMdev_BASE,2002,10,labsea,MLD2,31.25812
CMdev_BASE,2002,11,labsea,MLD2,120.02838
CMdev_BASE,2002,12,labsea,MLD2,869.18951
CMdev_BASE,2002,1,interior,MLD2,2082.16905
CMdev_BASE,2002,2,interior,MLD2,2241.50961
CMdev_BASE,2002,3,interior,MLD2,1702.27371
CMdev_BASE,2002,4,interior,MLD2,1531.64017
CMdev_BASE,2002,5,interior,MLD2,820.53809
CMdev_BASE,2002,6,interior,MLD2,13.79321
CMdev_BASE,2002,7,interior,MLD2,12.49231
CMdev_BASE,2002,8,interior,MLD2,12.44284
CMdev_BASE,2002,9,interior,MLD2,23.65348
CMdev_BASE,2002,10,interior,MLD2,31.58929
CMdev_BASE,2002,11,interior,MLD2,178.83766
CMdev_BASE,2002,12,interior,MLD2,1621.42808
CMdev_BASE,2003,1,labsea,a_ice,0.19440
CMdev_BASE,2003,2,labsea,a_ice,0.29820
CMdev_BASE,2003,3,labsea,a_ice,0.30546
CMdev_BASE,2003,4,labsea,a_ice,0.28154
CMdev_BASE,2003,5,labsea,a_ice,0.19537
CMdev_BASE,2003,6,labsea,a_ice,0.09169
CMdev_BASE,2003,7,labsea,a_ice,0.02637
CMdev_BASE,2003,8,labsea,a_ice,0.00120
CMdev_BASE,2003,9,labsea,a_ice,0.00000
CMdev_BASE,2003,10,labsea,a_ice,0.00000
CMdev_BASE,2003,11,labsea,a_ice,0.01527
CMdev_BASE,2003,12,labsea,a_ice,0.12302
CMdev_BASE,2003,1,interior,a_ice,0.03844
CMdev_BASE,2003,2,interior,a_ice,0.11792
CMdev_BASE,2003,3,interior,a_ice,0.10112
CMdev_BASE,2003,4,interior,a_ice,0.10037
CMdev_BASE,2003,5,interior,a_ice,0.02627
CMdev_BASE,2003,6,interior,a_ice,0.00859
CMdev_BASE,2003,7,interior,a_ice,0.00001
CMdev_BASE,2003,8,interior,a_ice,0.00000
CMdev_BASE,2003,9,interior,a_ice,0.00000
CMdev_BASE,2003,10,interior,a_ice,0.00000
CMdev_BASE,2003,11,interior,a_ice,0.00088
CMdev_BASE,2003,12,interior,a_ice,0.01299
CMdev_BASE,2003,1,labsea,MLD2,1632.43737
CMdev_BASE,2003,2,labsea,MLD2,1558.38959
CMdev_BASE,2003,3,labsea,MLD2,1493.64103
CMdev_BASE,2003,4,labsea,MLD2,1366.96304
CMdev_BASE,2003,5,labsea,MLD2,519.17425
CMdev_BASE,2003,6,labsea,MLD2,15.19208
CMdev_BASE,2003,7,labsea,MLD2,14.95357
CMdev_BASE,2003,8,labsea,MLD2,15.72971
CMdev_BASE,2003,9,labsea,MLD2,19.78038
CMdev_BASE,2003,10,labsea,MLD2,26.06647
CMdev_BASE,2003,11,labsea,MLD2,43.80416
CMdev_BASE,2003,12,labsea,MLD2,759.00205
CMdev_BASE,2003,1,interior,MLD2,2573.93844
CMdev_BASE,2003,2,interior,MLD2,2343.39456
CMdev_BASE,2003,3,interior,MLD2,2325.59393
CMdev_BASE,2003,4,interior,MLD2,2243.15929
CMdev_BASE,2003,5,interior,MLD2,1167.72225
CMdev_BASE,2003,6,interior,MLD2,18.95378
CMdev_BASE,2003,7,interior,MLD2,16.96198
CMdev_BASE,2003,8,interior,MLD2,16.49730
CMdev_BASE,2003,9,interior,MLD2,19.52362
CMdev_BASE,2003,10,interior,MLD2,27.41617
CMdev_BASE,2003,11,interior,MLD2,42.04977
CMdev_BASE,2003,12,interior,MLD2,1240.68869
CMdev_BASE,2004,1,labsea,a_ice,0.27651
CMdev_BASE,2004,2,labsea,a_ice,0.31369
CMdev_BASE,2004,3,labsea,a_ice,0.38376
CMdev_BASE,2004,4,labsea,a_ice,0.39311
CMdev_BASE,2004,5,labsea,a_ice,0.26715
CMdev_BASE,2004,6,labsea,a_ice,0.10698
CMdev_BASE,2004,7,labsea,a_ice,0.01227
CMdev_BASE,2004,8,labsea,a_ice,0.00038
CMdev_BASE,2004,9,labsea,a_ice,0.00000
CMdev_BASE,2004,10,labsea,a_ice,0.00000
CMdev_BASE,2004,11,labsea,a_ice,0.01234
CMdev_BASE,2004,12,labsea,a_ice,0.08904
CMdev_BASE,2004,1,interior,a_ice,0.10988
CMdev_BASE,2004,2,interior,a_ice,0.10249
CMdev_BASE,2004,3,interior,a_ice,0.18269
CMdev_BASE,2004,4,interior,a_ice,0.29897
CMdev_BASE,2004,5,interior,a_ice,0.12956
CMdev_BASE,2004,6,interior,a_ice,0.04211
CMdev_BASE,2004,7,interior,a_ice,0.00005
CMdev_BASE,2004,8,interior,a_ice,0.00000
CMdev_BASE,2004,9,interior,a_ice,0.00000
CMdev_BASE,2004,10,interior,a_ice,0.00000
CMdev_BASE,2004,11,interior,a_ice,0.00000
CMdev_BASE,2004,12,interior,a_ice,0.00514
CMdev_BASE,2004,1,labsea,MLD2,1359.02071
CMdev_BASE,2004,2,labsea,MLD2,1474.20432
CMdev_BASE,2004,3,labsea,MLD2,1320.26389
CMdev_BASE,2004,4,labsea,MLD2,1002.87466
CMdev_BASE,2004,5,labsea,MLD2,322.24801
CMdev_BASE,2004,6,labsea,MLD2,14.61241
CMdev_BASE,2004,7,labsea,MLD2,14.86097
CMdev_BASE,2004,8,labsea,MLD2,15.46403
CMdev_BASE,2004,9,labsea,MLD2,23.17843
CMdev_BASE,2004,10,labsea,MLD2,33.70409
CMdev_BASE,2004,11,labsea,MLD2,58.58842
CMdev_BASE,2004,12,labsea,MLD2,424.67571
CMdev_BASE,2004,1,interior,MLD2,2021.25400
CMdev_BASE,2004,2,interior,MLD2,2237.77184
CMdev_BASE,2004,3,interior,MLD2,1933.02495
CMdev_BASE,2004,4,interior,MLD2,1404.02833
CMdev_BASE,2004,5,interior,MLD2,446.81049
CMdev_BASE,2004,6,interior,MLD2,15.31723
CMdev_BASE,2004,7,interior,MLD2,16.78979
CMdev_BASE,2004,8,interior,MLD2,16.56331
CMdev_BASE,2004,9,interior,MLD2,23.25452
CMdev_BASE,2004,10,interior,MLD2,32.86986
CMdev_BASE,2004,11,interior,MLD2,57.52972
CMdev_BASE,2004,12,interior,MLD2,851.71238
CMdev_BASE,2005,1,labsea,a_ice,0.18838
CMdev_BASE,2005,2,labsea,a_ice,0.23754
CMdev_BASE,2005,3,labsea,a_ice,0.29968
CMdev_BASE,2005,4,labsea,a_ice,0.28405
CMdev_BASE,2005,5,labsea,a_ice,0.22154
CMdev_BASE,2005,6,labsea,a_ice,0.10226
CMdev_BASE,2005,7,labsea,a_ice,0.02071
CMdev_BASE,2005,8,labsea,a_ice,0.00001
CMdev_BASE,2005,9,labsea,a_ice,0.00000
CMdev_BASE,2005,10,labsea,a_ice,0.00000
CMdev_BASE,2005,11,labsea,a_ice,0.01094
CMdev_BASE,2005,12,labsea,a_ice,0.09992
CMdev_BASE,2005,1,interior,a_ice,0.03051
CMdev_BASE,2005,2,interior,a_ice,0.04310
CMdev_BASE,2005,3,interior,a_ice,0.14386
CMdev_BASE,2005,4,interior,a_ice,0.11239
CMdev_BASE,2005,5,interior,a_ice,0.07572
CMdev_BASE,2005,6,interior,a_ice,0.00384
CMdev_BASE,2005,7,interior,a_ice,0.00000
CMdev_BASE,2005,8,interior,a_ice,0.00000
CMdev_BASE,2005,9,interior,a_ice,0.00000
CMdev_BASE,2005,10,interior,a_ice,0.00000
CMdev_BASE,2005,11,interior,a_ice,0.00000
CMdev_BASE,2005,12,interior,a_ice,0.00384
CMdev_BASE,2005,1,labsea,MLD2,1363.41032
CMdev_BASE,2005,2,labsea,MLD2,1508.43499
CMdev_BASE,2005,3,labsea,MLD2,1369.22122
CMdev_BASE,2005,4,labsea,MLD2,1263.43368
CMdev_BASE,2005,5,labsea,MLD2,773.60328
CMdev_BASE,2005,6,labsea,MLD2,57.62760
CMdev_BASE,2005,7,labsea,MLD2,12.43191
CMdev_BASE,2005,8,labsea,MLD2,14.25359
CMdev_BASE,2005,9,labsea,MLD2,20.30167
CMdev_BASE,2005,10,labsea,MLD2,28.53149
CMdev_BASE,2005,11,labsea,MLD2,74.25840
CMdev_BASE,2005,12,labsea,MLD2,829.63844
CMdev_BASE,2005,1,interior,MLD2,2258.29216
CMdev_BASE,2005,2,interior,MLD2,2321.00601
CMdev_BASE,2005,3,interior,MLD2,2007.27378
CMdev_BASE,2005,4,interior,MLD2,1929.10548
CMdev_BASE,2005,5,interior,MLD2,1363.87565
CMdev_BASE,2005,6,interior,MLD2,156.73296
CMdev_BASE,2005,7,interior,MLD2,13.72729
CMdev_BASE,2005,8,interior,MLD2,15.79429
CMdev_BASE,2005,9,interior,MLD2,21.07335
CMdev_BASE,2005,10,interior,MLD2,29.22758
CMdev_BASE,2005,11,interior,MLD2,117.09166
CMdev_BASE,2005,12,interior,MLD2,1769.53668
CMdev_BASE,2006,1,labsea,a_ice,0.13969
CMdev_BASE,2006,2,labsea,a_ice,0.21676
CMdev_BASE,2006,3,labsea,a_ice,0.18909
CMdev_BASE,2006,4,labsea,a_ice,0.15016
CMdev_BASE,2006,5,labsea,a_ice,0.09359
CMdev_BASE,2006,6,labsea,a_ice,0.02672
CMdev_BASE,2006,7,labsea,a_ice,0.00175
CMdev_BASE,2006,8,labsea,a_ice,0.00000
CMdev_BASE,2006,9,labsea,a_ice,0.00000
CMdev_BASE,2006,10,labsea,a_ice,0.00000
CMdev_BASE,2006,11,labsea,a_ice,0.00002
CMdev_BASE,2006,12,labsea,a_ice,0.01279
CMdev_BASE,2006,1,interior,a_ice,0.01484
CMdev_BASE,2006,2,interior,a_ice,0.06545
CMdev_BASE,2006,3,interior,a_ice,0.03153
CMdev_BASE,2006,4,interior,a_ice,0.02749
CMdev_BASE,2006,5,interior,a_ice,0.00414
CMdev_BASE,2006,6,interior,a_ice,0.00000
CMdev_BASE,2006,7,interior,a_ice,0.00000
CMdev_BASE,2006,8,interior,a_ice,0.00000
CMdev_BASE,2006,9,interior,a_ice,0.00000
CMdev_BASE,2006,10,interior,a_ice,0.00000
CMdev_BASE,2006,11,interior,a_ice,0.00000
CMdev_BASE,2006,12,interior,a_ice,0.00000
CMdev_BASE,2006,1,labsea,MLD2,1468.55003
CMdev_BASE,2006,2,labsea,MLD2,1663.00227
CMdev_BASE,2006,3,labsea,MLD2,1705.31982
CMdev_BASE,2006,4,labsea,MLD2,1521.44030
CMdev_BASE,2006,5,labsea,MLD2,501.57459
CMdev_BASE,2006,6,labsea,MLD2,22.85638
CMdev_BASE,2006,7,labsea,MLD2,12.61833
CMdev_BASE,2006,8,labsea,MLD2,14.25080
CMdev_BASE,2006,9,labsea,MLD2,21.13330
CMdev_BASE,2006,10,labsea,MLD2,33.98273
CMdev_BASE,2006,11,labsea,MLD2,60.95649
CMdev_BASE,2006,12,labsea,MLD2,519.28278
CMdev_BASE,2006,1,interior,MLD2,2518.14268
CMdev_BASE,2006,2,interior,MLD2,2573.59127
CMdev_BASE,2006,3,interior,MLD2,2636.99780
CMdev_BASE,2006,4,interior,MLD2,2460.96483
CMdev_BASE,2006,5,interior,MLD2,1106.67947
CMdev_BASE,2006,6,interior,MLD2,26.04861
CMdev_BASE,2006,7,interior,MLD2,13.23639
CMdev_BASE,2006,8,interior,MLD2,14.96289
CMdev_BASE,2006,9,interior,MLD2,19.72484
CMdev_BASE,2006,10,interior,MLD2,31.87131
CMdev_BASE,2006,11,interior,MLD2,68.29731
CMdev_BASE,2006,12,interior,MLD2,1102.70914
CMdev_BASE,2007,1,labsea,a_ice,0.07570
CMdev_BASE,2007,2,labsea,a_ice,0.14388
CMdev_BASE,2007,3,labsea,a_ice,0.15308
CMdev_BASE,2007,4,labsea,a_ice,0.13305
CMdev_BASE,2007,5,labsea,a_ice,0.09120
CMdev_BASE,2007,6,labsea,a_ice,0.01875
CMdev_BASE,2007,7,labsea,a_ice,0.00041
CMdev_BASE,2007,8,labsea,a_ice,0.00000
CMdev_BASE,2007,9,labsea,a_ice,0.00000
CMdev_BASE,2007,10,labsea,a_ice,0.00005
CMdev_BASE,2007,11,labsea,a_ice,0.00876
CMdev_BASE,2007,12,labsea,a_ice,0.09704
CMdev_BASE,2007,1,interior,a_ice,0.00875
CMdev_BASE,2007,2,interior,a_ice,0.01565
CMdev_BASE,2007,3,interior,a_ice,0.01147
CMdev_BASE,2007,4,interior,a_ice,0.00215
CMdev_BASE,2007,5,interior,a_ice,0.00131
CMdev_BASE,2007,6,interior,a_ice,0.00020
CMdev_BASE,2007,7,interior,a_ice,0.00000
CMdev_BASE,2007,8,interior,a_ice,0.00000
CMdev_BASE,2007,9,interior,a_ice,0.00000
CMdev_BASE,2007,10,interior,a_ice,0.00000
CMdev_BASE,2007,11,interior,a_ice,0.00006
CMdev_BASE,2007,12,interior,a_ice,0.00462
CMdev_BASE,2007,1,labsea,MLD2,1212.47315
CMdev_BASE,2007,2,labsea,MLD2,1450.39701
CMdev_BASE,2007,3,labsea,MLD2,1477.06115
CMdev_BASE,2007,4,labsea,MLD2,1140.01136
CMdev_BASE,2007,5,labsea,MLD2,388.50307
CMdev_BASE,2007,6,labsea,MLD2,15.85990
CMdev_BASE,2007,7,labsea,MLD2,12.08420
CMdev_BASE,2007,8,labsea,MLD2,15.41167
CMdev_BASE,2007,9,labsea,MLD2,19.17320
CMdev_BASE,2007,10,labsea,MLD2,34.11820
CMdev_BASE,2007,11,labsea,MLD2,98.00794
CMdev_BASE,2007,12,labsea,MLD2,783.57509
CMdev_BASE,2007,1,interior,MLD2,2451.46264
CMdev_BASE,2007,2,interior,MLD2,2585.55136
CMdev_BASE,2007,3,interior,MLD2,2571.90500
CMdev_BASE,2007,4,interior,MLD2,2393.90362
CMdev_BASE,2007,5,interior,MLD2,1127.53332
CMdev_BASE,2007,6,interior,MLD2,20.56590
CMdev_BASE,2007,7,interior,MLD2,12.52195
CMdev_BASE,2007,8,interior,MLD2,16.26352
CMdev_BASE,2007,9,interior,MLD2,19.94586
CMdev_BASE,2007,10,interior,MLD2,34.98470
CMdev_BASE,2007,11,interior,MLD2,146.19960
CMdev_BASE,2007,12,interior,MLD2,1380.81783
CMdev_BASE,2008,1,labsea,a_ice,0.28650
CMdev_BASE,2008,2,labsea,a_ice,0.52373
CMdev_BASE,2008,3,labsea,a_ice,0.59458
CMdev_BASE,2008,4,labsea,a_ice,0.46990
CMdev_BASE,2008,5,labsea,a_ice,0.29815
CMdev_BASE,2008,6,labsea,a_ice,0.10847
CMdev_BASE,2008,7,labsea,a_ice,0.01392
CMdev_BASE,2008,8,labsea,a_ice,0.00018
CMdev_BASE,2008,9,labsea,a_ice,0.00000
CMdev_BASE,2008,10,labsea,a_ice,0.00000
CMdev_BASE,2008,11,labsea,a_ice,0.00080
CMdev_BASE,2008,12,labsea,a_ice,0.05492
CMdev_BASE,2008,1,interior,a_ice,0.10708
CMdev_BASE,2008,2,interior,a_ice,0.49324
CMdev_BASE,2008,3,interior,a_ice,0.63659
CMdev_BASE,2008,4,interior,a_ice,0.51065
CMdev_BASE,2008,5,interior,a_ice,0.20970
CMdev_BASE,2008,6,interior,a_ice,0.02120
CMdev_BASE,2008,7,interior,a_ice,0.00000
CMdev_BASE,2008,8,interior,a_ice,0.00000
CMdev_BASE,2008,9,interior,a_ice,0.00000
CMdev_BASE,2008,10,interior,a_ice,0.00000
CMdev_BASE,2008,11,interior,a_ice,0.00000
CMdev_BASE,2008,12,interior,a_ice,0.00184
CMdev_BASE,2008,1,labsea,MLD2,1338.77483
CMdev_BASE,2008,2,labsea,MLD2,1113.05116
CMdev_BASE,2008,3,labsea,MLD2,758.14498
CMdev_BASE,2008,4,labsea,MLD2,564.92532
CMdev_BASE,2008,5,labsea,MLD2,64.65439
CMdev_BASE,2008,6,labsea,MLD2,14.46877
CMdev_BASE,2008,7,labsea,MLD2,14.54309
CMdev_BASE,2008,8,labsea,MLD2,14.01651
CMdev_BASE,2008,9,labsea,MLD2,16.74256
CMdev_BASE,2008,10,labsea,MLD2,30.15849
CMdev_BASE,2008,11,labsea,MLD2,41.52426
CMdev_BASE,2008,12,labsea,MLD2,106.73187
CMdev_BASE,2008,1,interior,MLD2,2174.62343
CMdev_BASE,2008,2,interior,MLD2,1344.22723
CMdev_BASE,2008,3,interior,MLD2,648.16283
CMdev_BASE,2008,4,interior,MLD2,413.67881
CMdev_BASE,2008,5,interior,MLD2,66.54681
CMdev_BASE,2008,6,interior,MLD2,15.60390
CMdev_BASE,2008,7,interior,MLD2,15.36483
CMdev_BASE,2008,8,interior,MLD2,15.36189
CMdev_BASE,2008,9,interior,MLD2,16.77738
CMdev_BASE,2008,10,interior,MLD2,25.90809
CMdev_BASE,2008,11,interior,MLD2,33.76452
CMdev_BASE,2008,12,interior,MLD2,89.83363
CMdev_BASE,2009,1,labsea,a_ice,0.11795
CMdev_BASE,2009,2,labsea,a_ice,0.19589
CMdev_BASE,2009,3,labsea,a_ice,0.26565
CMdev_BASE,2009,4,labsea,a_ice,0.24604
CMdev_BASE,2009,5,labsea,a_ice,0.20398
CMdev_BASE,2009,6,labsea,a_ice,0.09796
CMdev_BASE,2009,7,labsea,a_ice,0.00707
CMdev_BASE,2009,8,labsea,a_ice,0.00000
CMdev_BASE,2009,9,labsea,a_ice,0.00000
CMdev_BASE,2009,10,labsea,a_ice,0.00000
CMdev_BASE,2009,11,labsea,a_ice,0.00383
CMdev_BASE,2009,12,labsea,a_ice,0.05893
CMdev_BASE,2009,1,interior,a_ice,0.00407
CMdev_BASE,2009,2,interior,a_ice,0.06352
CMdev_BASE,2009,3,interior,a_ice,0.09006
CMdev_BASE,2009,4,interior,a_ice,0.05795
CMdev_BASE,2009,5,interior,a_ice,0.05178
CMdev_BASE,2009,6,interior,a_ice,0.00455
CMdev_BASE,2009,7,interior,a_ice,0.00000
CMdev_BASE,2009,8,interior,a_ice,0.00000
CMdev_BASE,2009,9,interior,a_ice,0.00000
CMdev_BASE,2009,10,interior,a_ice,0.00000
CMdev_BASE,2009,11,interior,a_ice,0.00000
CMdev_BASE,2009,12,interior,a_ice,0.00008
CMdev_BASE,2009,1,labsea,MLD2,507.97342
CMdev_BASE,2009,2,labsea,MLD2,1169.65712
CMdev_BASE,2009,3,labsea,MLD2,1426.31363
CMdev_BASE,2009,4,labsea,MLD2,1273.14608
CMdev_BASE,2009,5,labsea,MLD2,700.81054
CMdev_BASE,2009,6,labsea,MLD2,15.57738
CMdev_BASE,2009,7,labsea,MLD2,11.43897
CMdev_BASE,2009,8,labsea,MLD2,15.34479
CMdev_BASE,2009,9,labsea,MLD2,20.07608
CMdev_BASE,2009,10,labsea,MLD2,28.36519
CMdev_BASE,2009,11,labsea,MLD2,50.07955
CMdev_BASE,2009,12,labsea,MLD2,364.89772
CMdev_BASE,2009,1,interior,MLD2,745.81319
CMdev_BASE,2009,2,interior,MLD2,1732.38413
CMdev_BASE,2009,3,interior,MLD2,2029.79991
CMdev_BASE,2009,4,interior,MLD2,1938.56335
CMdev_BASE,2009,5,interior,MLD2,1266.85913
CMdev_BASE,2009,6,interior,MLD2,17.21130
CMdev_BASE,2009,7,interior,MLD2,12.99279
CMdev_BASE,2009,8,interior,MLD2,16.55645
CMdev_BASE,2009,9,interior,MLD2,21.60329
CMdev_BASE,2009,10,interior,MLD2,29.53079
CMdev_BASE,2009,11,interior,MLD2,47.08673
CMdev_BASE,2009,12,interior,MLD2,694.80222
CMdev_BASE,2010,1,labsea,a_ice,0.11979
CMdev_BASE,2010,2,labsea,a_ice,0.16198
CMdev_BASE,2010,3,labsea,a_ice,0.14953
CMdev_BASE,2010,4,labsea,a_ice,0.15543
CMdev_BASE,2010,5,labsea,a_ice,0.09744
CMdev_BASE,2010,6,labsea,a_ice,0.03827
CMdev_BASE,2010,7,labsea,a_ice,0.00384
CMdev_BASE,2010,8,labsea,a_ice,0.00001
CMdev_BASE,2010,9,labsea,a_ice,0.00000
CMdev_BASE,2010,10,labsea,a_ice,0.00000
CMdev_BASE,2010,11,labsea,a_ice,0.00864
CMdev_BASE,2010,12,labsea,a_ice,0.06546
CMdev_BASE,2010,1,interior,a_ice,0.00182
CMdev_BASE,2010,2,interior,a_ice,0.04110
CMdev_BASE,2010,3,interior,a_ice,0.02403
CMdev_BASE,2010,4,interior,a_ice,0.03299
CMdev_BASE,2010,5,interior,a_ice,0.00624
CMdev_BASE,2010,6,interior,a_ice,0.00000
CMdev_BASE,2010,7,interior,a_ice,0.00000
CMdev_BASE,2010,8,interior,a_ice,0.00000
CMdev_BASE,2010,9,interior,a_ice,0.00000
CMdev_BASE,2010,10,interior,a_ice,0.00000
CMdev_BASE,2010,11,interior,a_ice,0.00001
CMdev_BASE,2010,12,interior,a_ice,0.00303
CMdev_BASE,2010,1,labsea,MLD2,1231.49926
CMdev_BASE,2010,2,labsea,MLD2,1675.15172
CMdev_BASE,2010,3,labsea,MLD2,1581.98337
CMdev_BASE,2010,4,labsea,MLD2,1490.15778
CMdev_BASE,2010,5,labsea,MLD2,56.58878
CMdev_BASE,2010,6,labsea,MLD2,17.19695
CMdev_BASE,2010,7,labsea,MLD2,15.13887
CMdev_BASE,2010,8,labsea,MLD2,15.23412
CMdev_BASE,2010,9,labsea,MLD2,21.52039
CMdev_BASE,2010,10,labsea,MLD2,35.39842
CMdev_BASE,2010,11,labsea,MLD2,241.32839
CMdev_BASE,2010,12,labsea,MLD2,1082.61424
CMdev_BASE,2010,1,interior,MLD2,2308.85297
CMdev_BASE,2010,2,interior,MLD2,2592.37660
CMdev_BASE,2010,3,interior,MLD2,2553.20335
CMdev_BASE,2010,4,interior,MLD2,2518.14251
CMdev_BASE,2010,5,interior,MLD2,122.19077
CMdev_BASE,2010,6,interior,MLD2,20.36464
CMdev_BASE,2010,7,interior,MLD2,16.34406
CMdev_BASE,2010,8,interior,MLD2,16.38427
CMdev_BASE,2010,9,interior,MLD2,20.35556
CMdev_BASE,2010,10,interior,MLD2,34.89368
CMdev_BASE,2010,11,interior,MLD2,588.26233
CMdev_BASE,2010,12,interior,MLD2,2083.89366
CMdev_BASE,2011,1,labsea,a_ice,0.17495
CMdev_BASE,2011,2,labsea,a_ice,0.19628
CMdev_BASE,2011,3,labsea,a_ice,0.16480
CMdev_BASE,2011,4,labsea,a_ice,0.12738
CMdev_BASE,2011,5,labsea,a_ice,0.10663
CMdev_BASE,2011,6,labsea,a_ice,0.04520
CMdev_BASE,2011,7,labsea,a_ice,0.00337
CMdev_BASE,2011,8,labsea,a_ice,0.00000
CMdev_BASE,2011,9,labsea,a_ice,0.00000
CMdev_BASE,2011,10,labsea,a_ice,0.00000
CMdev_BASE,2011,11,labsea,a_ice,0.00182
CMdev_BASE,2011,12,labsea,a_ice,0.05450
CMdev_BASE,2011,1,interior,a_ice,0.02701
CMdev_BASE,2011,2,interior,a_ice,0.04825
CMdev_BASE,2011,3,interior,a_ice,0.01914
CMdev_BASE,2011,4,interior,a_ice,0.00866
CMdev_BASE,2011,5,interior,a_ice,0.00605
CMdev_BASE,2011,6,interior,a_ice,0.00012
CMdev_BASE,2011,7,interior,a_ice,0.00000
CMdev_BASE,2011,8,interior,a_ice,0.00000
CMdev_BASE,2011,9,interior,a_ice,0.00000
CMdev_BASE,2011,10,interior,a_ice,0.00000
CMdev_BASE,2011,11,interior,a_ice,0.00000
CMdev_BASE,2011,12,interior,a_ice,0.00186
CMdev_BASE,2011,1,labsea,MLD2,1729.86907
CMdev_BASE,2011,2,labsea,MLD2,1737.24835
CMdev_BASE,2011,3,labsea,MLD2,1720.12206
CMdev_BASE,2011,4,labsea,MLD2,1643.72021
CMdev_BASE,2011,5,labsea,MLD2,893.71813
CMdev_BASE,2011,6,labsea,MLD2,56.19853
CMdev_BASE,2011,7,labsea,MLD2,13.78381
CMdev_BASE,2011,8,labsea,MLD2,14.31404
CMdev_BASE,2011,9,labsea,MLD2,18.60945
CMdev_BASE,2011,10,labsea,MLD2,31.10168
CMdev_BASE,2011,11,labsea,MLD2,131.81204
CMdev_BASE,2011,12,labsea,MLD2,673.23953
CMdev_BASE,2011,1,interior,MLD2,2633.77081
CMdev_BASE,2011,2,interior,MLD2,2628.28962
CMdev_BASE,2011,3,interior,MLD2,2610.66655
CMdev_BASE,2011,4,interior,MLD2,2639.92745
CMdev_BASE,2011,5,interior,MLD2,1980.97762
CMdev_BASE,2011,6,interior,MLD2,145.87661
CMdev_BASE,2011,7,interior,MLD2,13.98759
CMdev_BASE,2011,8,interior,MLD2,15.60624
CMdev_BASE,2011,9,interior,MLD2,18.86257
CMdev_BASE,2011,10,interior,MLD2,31.54255
CMdev_BASE,2011,11,interior,MLD2,286.27828
CMdev_BASE,2011,12,interior,MLD2,1511.62718
CMdev_BASE,2012,1,labsea,a_ice,0.15536
CMdev_BASE,2012,2,labsea,a_ice,0.21331
CMdev_BASE,2012,3,labsea,a_ice,0.32904
CMdev_BASE,2012,4,labsea,a_ice,0.25028
CMdev_BASE,2012,5,labsea,a_ice,0.18893
CMdev_BASE,2012,6,labsea,a_ice,0.06889
CMdev_BASE,2012,7,labsea,a_ice,0.00905
CMdev_BASE,2012,8,labsea,a_ice,0.00004
CMdev_BASE,2012,9,labsea,a_ice,0.00000
CMdev_BASE,2012,10,labsea,a_ice,0.00006
CMdev_BASE,2012,11,labsea,a_ice,0.01035
CMdev_BASE,2012,12,labsea,a_ice,0.09506
CMdev_BASE,2012,1,interior,a_ice,0.01861
CMdev_BASE,2012,2,interior,a_ice,0.02882
CMdev_BASE,2012,3,interior,a_ice,0.11481
CMdev_BASE,2012,4,interior,a_ice,0.11808
CMdev_BASE,2012,5,interior,a_ice,0.04345
CMdev_BASE,2012,6,interior,a_ice,0.00724
CMdev_BASE,2012,7,interior,a_ice,0.00002
CMdev_BASE,2012,8,interior,a_ice,0.00000
CMdev_BASE,2012,9,interior,a_ice,0.00000
CMdev_BASE,2012,10,interior,a_ice,0.00000
CMdev_BASE,2012,11,interior,a_ice,0.00000
CMdev_BASE,2012,12,interior,a_ice,0.00369
CMdev_BASE,2012,1,labsea,MLD2,1417.15972
CMdev_BASE,2012,2,labsea,MLD2,1619.88307
CMdev_BASE,2012,3,labsea,MLD2,1414.28215
CMdev_BASE,2012,4,labsea,MLD2,1228.93190
CMdev_BASE,2012,5,labsea,MLD2,433.71801
CMdev_BASE,2012,6,labsea,MLD2,15.56402
CMdev_BASE,2012,7,labsea,MLD2,14.45751
CMdev_BASE,2012,8,labsea,MLD2,15.89718
CMdev_BASE,2012,9,labsea,MLD2,22.71015
CMdev_BASE,2012,10,labsea,MLD2,32.61830
CMdev_BASE,2012,11,labsea,MLD2,58.89913
CMdev_BASE,2012,12,labsea,MLD2,809.64854
CMdev_BASE,2012,1,interior,MLD2,2505.75055
CMdev_BASE,2012,2,interior,MLD2,2623.24052
CMdev_BASE,2012,3,interior,MLD2,2189.53478
CMdev_BASE,2012,4,interior,MLD2,1823.68515
CMdev_BASE,2012,5,interior,MLD2,769.27376
CMdev_BASE,2012,6,interior,MLD2,18.33285
CMdev_BASE,2012,7,interior,MLD2,16.84511
CMdev_BASE,2012,8,interior,MLD2,17.82225
CMdev_BASE,2012,9,interior,MLD2,24.86336
CMdev_BASE,2012,10,interior,MLD2,32.47490
CMdev_BASE,2012,11,interior,MLD2,80.73672
CMdev_BASE,2012,12,interior,MLD2,1726.68083
CMdev_BASE,2013,1,labsea,a_ice,0.18796
CMdev_BASE,2013,2,labsea,a_ice,0.24522
CMdev_BASE,2013,3,labsea,a_ice,0.25259
CMdev_BASE,2013,4,labsea,a_ice,0.18301
CMdev_BASE,2013,5,labsea,a_ice,0.12306
CMdev_BASE,2013,6,labsea,a_ice,0.06177
CMdev_BASE,2013,7,labsea,a_ice,0.01175
CMdev_BASE,2013,8,labsea,a_ice,0.00001
CMdev_BASE,2013,9,labsea,a_ice,0.00000
CMdev_BASE,2013,10,labsea,a_ice,0.00043
CMdev_BASE,2013,11,labsea,a_ice,0.01456
CMdev_BASE,2013,12,labsea,a_ice,0.06258
CMdev_BASE,2013,1,interior,a_ice,0.04215
CMdev_BASE,2013,2,interior,a_ice,0.06808
CMdev_BASE,2013,3,interior,a_ice,0.07182
CMdev_BASE,2013,4,interior,a_ice,0.02683
CMdev_BASE,2013,5,interior,a_ice,0.01511
CMdev_BASE,2013,6,interior,a_ice,0.00076
CMdev_BASE,2013,7,interior,a_ice,0.00000
CMdev_BASE,2013,8,interior,a_ice,0.00000
CMdev_BASE,2013,9,interior,a_ice,0.00000
CMdev_BASE,2013,10,interior,a_ice,0.00000
CMdev_BASE,2013,11,interior,a_ice,0.00000
CMdev_BASE,2013,12,interior,a_ice,0.00003
CMdev_BASE,2013,1,labsea,MLD2,1601.67376
CMdev_BASE,2013,2,labsea,MLD2,1563.48139
CMdev_BASE,2013,3,labsea,MLD2,1334.19193
CMdev_BASE,2013,4,labsea,MLD2,791.50923
CMdev_BASE,2013,5,labsea,MLD2,345.91141
CMdev_BASE,2013,6,labsea,MLD2,20.26544
CMdev_BASE,2013,7,labsea,MLD2,13.73895
CMdev_BASE,2013,8,labsea,MLD2,16.69517
CMdev_BASE,2013,9,labsea,MLD2,24.68801
CMdev_BASE,2013,10,labsea,MLD2,39.67514
CMdev_BASE,2013,11,labsea,MLD2,173.90750
CMdev_BASE,2013,12,labsea,MLD2,648.52416
CMdev_BASE,2013,1,interior,MLD2,2552.17428
CMdev_BASE,2013,2,interior,MLD2,2501.04011
CMdev_BASE,2013,3,interior,MLD2,2028.32551
CMdev_BASE,2013,4,interior,MLD2,1487.05661
CMdev_BASE,2013,5,interior,MLD2,1046.79920
CMdev_BASE,2013,6,interior,MLD2,23.69486
CMdev_BASE,2013,7,interior,MLD2,13.76966
CMdev_BASE,2013,8,interior,MLD2,17.28447
CMdev_BASE,2013,9,interior,MLD2,24.21862
CMdev_BASE,2013,10,interior,MLD2,39.81662
CMdev_BASE,2013,11,interior,MLD2,435.44606
CMdev_BASE,2013,12,interior,MLD2,1590.75314
CMdev_BASE,2014,1,labsea,a_ice,0.16519
CMdev_BASE,2014,2,labsea,a_ice,0.15501
CMdev_BASE,2014,3,labsea,a_ice,0.17265
CMdev_BASE,2014,4,labsea,a_ice,0.16935
CMdev_BASE,2014,5,labsea,a_ice,0.13507
CMdev_BASE,2014,6,labsea,a_ice,0.06728
CMdev_BASE,2014,7,labsea,a_ice,0.01763
CMdev_BASE,2014,8,labsea,a_ice,0.00008
CMdev_BASE,2014,9,labsea,a_ice,0.00000
CMdev_BASE,2014,10,labsea,a_ice,0.00000
CMdev_BASE,2014,11,labsea,a_ice,0.00224
CMdev_BASE,2014,12,labsea,a_ice,0.07897
CMdev_BASE,2014,1,interior,a_ice,0.02531
CMdev_BASE,2014,2,interior,a_ice,0.01525
CMdev_BASE,2014,3,interior,a_ice,0.03144
CMdev_BASE,2014,4,interior,a_ice,0.02094
CMdev_BASE,2014,5,interior,a_ice,0.00170
CMdev_BASE,2014,6,interior,a_ice,0.00133
CMdev_BASE,2014,7,interior,a_ice,0.00000
CMdev_BASE,2014,8,interior,a_ice,0.00000
CMdev_BASE,2014,9,interior,a_ice,0.00000
CMdev_BASE,2014,10,interior,a_ice,0.00000
CMdev_BASE,2014,11,interior,a_ice,0.00000
CMdev_BASE,2014,12,interior,a_ice,0.00759
CMdev_BASE,2014,1,labsea,MLD2,1456.36885
CMdev_BASE,2014,2,labsea,MLD2,1765.68808
CMdev_BASE,2014,3,labsea,MLD2,1708.57042
CMdev_BASE,2014,4,labsea,MLD2,1433.62997
CMdev_BASE,2014,5,labsea,MLD2,726.80013
CMdev_BASE,2014,6,labsea,MLD2,17.67929
CMdev_BASE,2014,7,labsea,MLD2,14.37777
CMdev_BASE,2014,8,labsea,MLD2,16.92322
CMdev_BASE,2014,9,labsea,MLD2,23.65687
CMdev_BASE,2014,10,labsea,MLD2,38.36523
CMdev_BASE,2014,11,labsea,MLD2,200.10903
CMdev_BASE,2014,12,labsea,MLD2,1235.34413
CMdev_BASE,2014,1,interior,MLD2,2428.85562
CMdev_BASE,2014,2,interior,MLD2,2660.22300
CMdev_BASE,2014,3,interior,MLD2,2613.77461
CMdev_BASE,2014,4,interior,MLD2,2352.96125
CMdev_BASE,2014,5,interior,MLD2,1477.20667
CMdev_BASE,2014,6,interior,MLD2,20.15372
CMdev_BASE,2014,7,interior,MLD2,15.72617
CMdev_BASE,2014,8,interior,MLD2,18.08004
CMdev_BASE,2014,9,interior,MLD2,24.88056
CMdev_BASE,2014,10,interior,MLD2,35.97512
CMdev_BASE,2014,11,interior,MLD2,448.40464
CMdev_BASE,2014,12,interior,MLD2,2177.66564
CMdev_BASE,2015,1,labsea,a_ice,0.13368
CMdev_BASE,2015,2,labsea,a_ice,0.13949
CMdev_BASE,2015,3,labsea,a_ice,0.14541
CMdev_BASE,2015,4,labsea,a_ice,0.14404
CMdev_BASE,2015,5,labsea,a_ice,0.12034
CMdev_BASE,2015,6,labsea,a_ice,0.06160
CMdev_BASE,2015,7,labsea,a_ice,0.00869
CMdev_BASE,2015,8,labsea,a_ice,0.00000
CMdev_BASE,2015,9,labsea,a_ice,0.00000
CMdev_BASE,2015,10,labsea,a_ice,0.00000
CMdev_BASE,2015,11,labsea,a_ice,0.00000
CMdev_BASE,2015,12,labsea,a_ice,0.02083
CMdev_BASE,2015,1,interior,a_ice,0.02185
CMdev_BASE,2015,2,interior,a_ice,0.01367
CMdev_BASE,2015,3,interior,a_ice,0.00566
CMdev_BASE,2015,4,interior,a_ice,0.01476
CMdev_BASE,2015,5,interior,a_ice,0.00700
CMdev_BASE,2015,6,interior,a_ice,0.00087
CMdev_BASE,2015,7,interior,a_ice,0.00000
CMdev_BASE,2015,8,interior,a_ice,0.00000
CMdev_BASE,2015,9,interior,a_ice,0.00000
CMdev_BASE,2015,10,interior,a_ice,0.00000
CMdev_BASE,2015,11,interior,a_ice,0.00000
CMdev_BASE,2015,12,interior,a_ice,0.00000
CMdev_BASE,2015,1,labsea,MLD2,1667.88255
CMdev_BASE,2015,2,labsea,MLD2,1736.55543
CMdev_BASE,2015,3,labsea,MLD2,1757.22474
CMdev_BASE,2015,4,labsea,MLD2,1618.70262
CMdev_BASE,2015,5,labsea,MLD2,854.40841
CMdev_BASE,2015,6,labsea,MLD2,33.46692
CMdev_BASE,2015,7,labsea,MLD2,15.32217
CMdev_BASE,2015,8,labsea,MLD2,12.10100
CMdev_BASE,2015,9,labsea,MLD2,19.99832
CMdev_BASE,2015,10,labsea,MLD2,31.74929
CMdev_BASE,2015,11,labsea,MLD2,53.44851
CMdev_BASE,2015,12,labsea,MLD2,572.81390
CMdev_BASE,2015,1,interior,MLD2,2598.10913
CMdev_BASE,2015,2,interior,MLD2,2638.47900
CMdev_BASE,2015,3,interior,MLD2,2675.00793
CMdev_BASE,2015,4,interior,MLD2,2567.29504
CMdev_BASE,2015,5,interior,MLD2,1920.82783
CMdev_BASE,2015,6,interior,MLD2,73.58941
CMdev_BASE,2015,7,interior,MLD2,18.61925
CMdev_BASE,2015,8,interior,MLD2,13.98317
CMdev_BASE,2015,9,interior,MLD2,19.57976
CMdev_BASE,2015,10,interior,MLD2,31.33372
CMdev_BASE,2015,11,interior,MLD2,56.03152
CMdev_BASE,2015,12,interior,MLD2,1059.28546
CMdev_BASE,2016,1,labsea,a_ice,0.10960
CMdev_BASE,2016,2,labsea,a_ice,0.16762
CMdev_BASE,2016,3,labsea,a_ice,0.20975
CMdev_BASE,2016,4,labsea,a_ice,0.21388
CMdev_BASE,2016,5,labsea,a_ice,0.16491
CMdev_BASE,2016,6,labsea,a_ice,0.08108
CMdev_BASE,2016,7,labsea,a_ice,0.01397
CMdev_BASE,2016,8,labsea,a_ice,0.00001
CMdev_BASE,2016,9,labsea,a_ice,0.00000
CMdev_BASE,2016,10,labsea,a_ice,0.00000
CMdev_BASE,2016,11,labsea,a_ice,0.00623
CMdev_BASE,2016,12,labsea,a_ice,0.11355
CMdev_BASE,2016,1,interior,a_ice,0.00354
CMdev_BASE,2016,2,interior,a_ice,0.02171
CMdev_BASE,2016,3,interior,a_ice,0.01944
CMdev_BASE,2016,4,interior,a_ice,0.02962
CMdev_BASE,2016,5,interior,a_ice,0.01399
CMdev_BASE,2016,6,interior,a_ice,0.00702
CMdev_BASE,2016,7,interior,a_ice,0.00000
CMdev_BASE,2016,8,interior,a_ice,0.00000
CMdev_BASE,2016,9,interior,a_ice,0.00000
CMdev_BASE,2016,10,interior,a_ice,0.00000
CMdev_BASE,2016,11,interior,a_ice,0.00000
CMdev_BASE,2016,12,interior,a_ice,0.00634
CMdev_BASE,2016,1,labsea,MLD2,1565.39096
CMdev_BASE,2016,2,labsea,MLD2,1703.33124
CMdev_BASE,2016,3,labsea,MLD2,1620.97978
CMdev_BASE,2016,4,labsea,MLD2,1507.39302
CMdev_BASE,2016,5,labsea,MLD2,1020.01380
CMdev_BASE,2016,6,labsea,MLD2,206.82362
CMdev_BASE,2016,7,labsea,MLD2,13.03022
CMdev_BASE,2016,8,labsea,MLD2,14.30495
CMdev_BASE,2016,9,labsea,MLD2,20.64684
CMdev_BASE,2016,10,labsea,MLD2,31.33567
CMdev_BASE,2016,11,labsea,MLD2,123.52733
CMdev_BASE,2016,12,labsea,MLD2,716.86617
CMdev_BASE,2016,1,interior,MLD2,2617.55462
CMdev_BASE,2016,2,interior,MLD2,2632.01454
CMdev_BASE,2016,3,interior,MLD2,2589.03945
CMdev_BASE,2016,4,interior,MLD2,2580.39176
CMdev_BASE,2016,5,interior,MLD2,2317.20922
CMdev_BASE,2016,6,interior,MLD2,603.69167
CMdev_BASE,2016,7,interior,MLD2,14.86517
CMdev_BASE,2016,8,interior,MLD2,16.06144
CMdev_BASE,2016,9,interior,MLD2,23.02707
CMdev_BASE,2016,10,interior,MLD2,33.98292
CMdev_BASE,2016,11,interior,MLD2,285.08460
CMdev_BASE,2016,12,interior,MLD2,1372.71146
CMdev_BASE,2017,1,labsea,a_ice,0.25727
CMdev_BASE,2017,2,labsea,a_ice,0.31390
CMdev_BASE,2017,3,labsea,a_ice,0.32891
CMdev_BASE,2017,4,labsea,a_ice,0.27289
CMdev_BASE,2017,5,labsea,a_ice,0.18286
CMdev_BASE,2017,6,labsea,a_ice,0.09140
CMdev_BASE,2017,7,labsea,a_ice,0.01093
CMdev_BASE,2017,8,labsea,a_ice,0.00000
CMdev_BASE,2017,9,labsea,a_ice,0.00000
CMdev_BASE,2017,10,labsea,a_ice,0.00000
CMdev_BASE,2017,11,labsea,a_ice,0.00015
CMdev_BASE,2017,12,labsea,a_ice,0.03782
CMdev_BASE,2017,1,interior,a_ice,0.04221
CMdev_BASE,2017,2,interior,a_ice,0.12443
CMdev_BASE,2017,3,interior,a_ice,0.19822
CMdev_BASE,2017,4,interior,a_ice,0.09675
CMdev_BASE,2017,5,interior,a_ice,0.02208
CMdev_BASE,2017,6,interior,a_ice,0.00533
CMdev_BASE,2017,7,interior,a_ice,0.00001
CMdev_BASE,2017,8,interior,a_ice,0.00000
CMdev_BASE,2017,9,interior,a_ice,0.00000
CMdev_BASE,2017,10,interior,a_ice,0.00000
CMdev_BASE,2017,11,interior,a_ice,0.00000
CMdev_BASE,2017,12,interior,a_ice,0.00073
CMdev_BASE,2017,1,labsea,MLD2,1396.13059
CMdev_BASE,2017,2,labsea,MLD2,1439.20034
CMdev_BASE,2017,3,labsea,MLD2,1217.09483
CMdev_BASE,2017,4,labsea,MLD2,946.72820
CMdev_BASE,2017,5,labsea,MLD2,256.02849
CMdev_BASE,2017,6,labsea,MLD2,20.53852
CMdev_BASE,2017,7,labsea,MLD2,13.93464
CMdev_BASE,2017,8,labsea,MLD2,16.16961
CMdev_BASE,2017,9,labsea,MLD2,20.99395
CMdev_BASE,2017,10,labsea,MLD2,35.10688
CMdev_BASE,2017,11,labsea,MLD2,57.20239
CMdev_BASE,2017,12,labsea,MLD2,624.54533
CMdev_BASE,2017,1,interior,MLD2,2294.09109
CMdev_BASE,2017,2,interior,MLD2,2244.08138
CMdev_BASE,2017,3,interior,MLD2,1817.00498
CMdev_BASE,2017,4,interior,MLD2,1706.41158
CMdev_BASE,2017,5,interior,MLD2,763.75329
CMdev_BASE,2017,6,interior,MLD2,22.68598
CMdev_BASE,2017,7,interior,MLD2,15.71511
CMdev_BASE,2017,8,interior,MLD2,18.38616
CMdev_BASE,2017,9,interior,MLD2,22.87815
CMdev_BASE,2017,10,interior,MLD2,34.22032
CMdev_BASE,2017,11,interior,MLD2,52.22125
CMdev_BASE,2017,12,interior,MLD2,1195.28965
CMdev_BASE,2018,1,labsea,a_ice,0.13152
CMdev_BASE,2018,2,labsea,a_ice,0.17739
CMdev_BASE,2018,3,labsea,a_ice,0.18759
CMdev_BASE,2018,4,labsea,a_ice,0.19228
CMdev_BASE,2018,5,labsea,a_ice,0.10337
CMdev_BASE,2018,6,labsea,a_ice,0.03466
CMdev_BASE,2018,7,labsea,a_ice,0.00531
CMdev_BASE,2018,8,labsea,a_ice,0.00000
CMdev_BASE,2018,9,labsea,a_ice,0.00000
CMdev_BASE,2018,10,labsea,a_ice,0.00000
CMdev_BASE,2018,11,labsea,a_ice,0.00183
CMdev_BASE,2018,12,labsea,a_ice,0.03951
CMdev_BASE,2018,1,interior,a_ice,0.00609
CMdev_BASE,2018,2,interior,a_ice,0.02253
CMdev_BASE,2018,3,interior,a_ice,0.02620
CMdev_BASE,2018,4,interior,a_ice,0.02481
CMdev_BASE,2018,5,interior,a_ice,0.00574
CMdev_BASE,2018,6,interior,a_ice,0.00003
CMdev_BASE,2018,7,interior,a_ice,0.00000
CMdev_BASE,2018,8,interior,a_ice,0.00000
CMdev_BASE,2018,9,interior,a_ice,0.00000
CMdev_BASE,2018,10,interior,a_ice,0.00000
CMdev_BASE,2018,11,interior,a_ice,0.00000
CMdev_BASE,2018,12,interior,a_ice,0.00062
CMdev_BASE,2018,1,labsea,MLD2,1575.70804
CMdev_BASE,2018,2,labsea,MLD2,1625.68539
CMdev_BASE,2018,3,labsea,MLD2,1633.34721
CMdev_BASE,2018,4,labsea,MLD2,1235.58997
CMdev_BASE,2018,5,labsea,MLD2,165.50437
CMdev_BASE,2018,6,labsea,MLD2,13.72591
CMdev_BASE,2018,7,labsea,MLD2,12.04598
CMdev_BASE,2018,8,labsea,MLD2,15.60158
CMdev_BASE,2018,9,labsea,MLD2,19.38735
CMdev_BASE,2018,10,labsea,MLD2,24.90581
CMdev_BASE,2018,11,labsea,MLD2,37.76991
CMdev_BASE,2018,12,labsea,MLD2,386.06934
CMdev_BASE,2018,1,interior,MLD2,2579.23104
CMdev_BASE,2018,2,interior,MLD2,2577.83042
CMdev_BASE,2018,3,interior,MLD2,2587.22015
CMdev_BASE,2018,4,interior,MLD2,2391.43853
CMdev_BASE,2018,5,interior,MLD2,458.69685
CMdev_BASE,2018,6,interior,MLD2,15.29373
CMdev_BASE,2018,7,interior,MLD2,14.41856
CMdev_BASE,2018,8,interior,MLD2,17.67898
CMdev_BASE,2018,9,interior,MLD2,21.87453
CMdev_BASE,2018,10,interior,MLD2,28.51787
CMdev_BASE,2018,11,interior,MLD2,41.43600
CMdev_BASE,2018,12,interior,MLD2,987.92792
CMdev_BASE,2019,1,labsea,a_ice,0.21137
CMdev_BASE,2019,2,labsea,a_ice,0.28142
CMdev_BASE,2019,3,labsea,a_ice,0.35344
CMdev_BASE,2019,4,labsea,a_ice,0.28707
CMdev_BASE,2019,5,labsea,a_ice,0.17002
CMdev_BASE,2019,6,labsea,a_ice,0.04053
CMdev_BASE,2019,7,labsea,a_ice,0.00399
CMdev_BASE,2019,8,labsea,a_ice,0.00000
CMdev_BASE,2019,9,labsea,a_ice,0.00000
CMdev_BASE,2019,10,labsea,a_ice,0.00000
CMdev_BASE,2019,11,labsea,a_ice,0.00343
CMdev_BASE,2019,12,labsea,a_ice,0.03666
CMdev_BASE,2019,1,interior,a_ice,0.04060
CMdev_BASE,2019,2,interior,a_ice,0.13586
CMdev_BASE,2019,3,interior,a_ice,0.13692
CMdev_BASE,2019,4,interior,a_ice,0.11623
CMdev_BASE,2019,5,interior,a_ice,0.03169
CMdev_BASE,2019,6,interior,a_ice,0.00118
CMdev_BASE,2019,7,interior,a_ice,0.00000
CMdev_BASE,2019,8,interior,a_ice,0.00000
CMdev_BASE,2019,9,interior,a_ice,0.00000
CMdev_BASE,2019,10,interior,a_ice,0.00000
CMdev_BASE,2019,11,interior,a_ice,0.00000
CMdev_BASE,2019,12,interior,a_ice,0.00000
CMdev_BASE,2019,1,labsea,MLD2,1300.57641
CMdev_BASE,2019,2,labsea,MLD2,1591.89034
CMdev_BASE,2019,3,labsea,MLD2,1451.14472
CMdev_BASE,2019,4,labsea,MLD2,1191.82609
CMdev_BASE,2019,5,labsea,MLD2,316.02216
CMdev_BASE,2019,6,labsea,MLD2,16.32174
CMdev_BASE,2019,7,labsea,MLD2,13.37344
CMdev_BASE,2019,8,labsea,MLD2,13.33655
CMdev_BASE,2019,9,labsea,MLD2,24.46264
CMdev_BASE,2019,10,labsea,MLD2,34.76320
CMdev_BASE,2019,11,labsea,MLD2,49.47129
CMdev_BASE,2019,12,labsea,MLD2,285.11317
CMdev_BASE,2019,1,interior,MLD2,2310.49983
CMdev_BASE,2019,2,interior,MLD2,2341.93599
CMdev_BASE,2019,3,interior,MLD2,2265.84431
CMdev_BASE,2019,4,interior,MLD2,1894.52762
CMdev_BASE,2019,5,interior,MLD2,895.91341
CMdev_BASE,2019,6,interior,MLD2,21.41028
CMdev_BASE,2019,7,interior,MLD2,14.10357
CMdev_BASE,2019,8,interior,MLD2,15.55845
CMdev_BASE,2019,9,interior,MLD2,26.03566
CMdev_BASE,2019,10,interior,MLD2,33.78494
CMdev_BASE,2019,11,interior,MLD2,45.59696
CMdev_BASE,2019,12,interior,MLD2,496.87178
CMdev_BASE,2020,1,labsea,a_ice,0.12730
CMdev_BASE,2020,2,labsea,a_ice,0.19241
CMdev_BASE,2020,3,labsea,a_ice,0.23450
CMdev_BASE,2020,4,labsea,a_ice,0.24649
CMdev_BASE,2020,5,labsea,a_ice,0.17104
CMdev_BASE,2020,6,labsea,a_ice,0.05947
CMdev_BASE,2020,7,labsea,a_ice,0.00595
CMdev_BASE,2020,8,labsea,a_ice,0.00000
CMdev_BASE,2020,9,labsea,a_ice,0.00000
CMdev_BASE,2020,10,labsea,a_ice,0.00000
CMdev_BASE,2020,11,labsea,a_ice,0.01485
CMdev_BASE,2020,12,labsea,a_ice,0.07939
CMdev_BASE,2020,1,interior,a_ice,0.00851
CMdev_BASE,2020,2,interior,a_ice,0.02259
CMdev_BASE,2020,3,interior,a_ice,0.03933
CMdev_BASE,2020,4,interior,a_ice,0.04517
CMdev_BASE,2020,5,interior,a_ice,0.03870
CMdev_BASE,2020,6,interior,a_ice,0.01738
CMdev_BASE,2020,7,interior,a_ice,0.00000
CMdev_BASE,2020,8,interior,a_ice,0.00000
CMdev_BASE,2020,9,interior,a_ice,0.00000
CMdev_BASE,2020,10,interior,a_ice,0.00000
CMdev_BASE,2020,11,interior,a_ice,0.00000
CMdev_BASE,2020,12,interior,a_ice,0.00137
CMdev_BASE,2020,1,labsea,MLD2,1389.19502
CMdev_BASE,2020,2,labsea,MLD2,1698.15057
CMdev_BASE,2020,3,labsea,MLD2,1629.73571
CMdev_BASE,2020,4,labsea,MLD2,1371.54608
CMdev_BASE,2020,5,labsea,MLD2,344.70884
CMdev_BASE,2020,6,labsea,MLD2,13.49125
CMdev_BASE,2020,7,labsea,MLD2,12.10732
CMdev_BASE,2020,8,labsea,MLD2,14.63577
CMdev_BASE,2020,9,labsea,MLD2,25.77452
CMdev_BASE,2020,10,labsea,MLD2,38.58303
CMdev_BASE,2020,11,labsea,MLD2,359.03912
CMdev_BASE,2020,12,labsea,MLD2,1469.77955
CMdev_BASE,2020,1,interior,MLD2,2342.20588
CMdev_BASE,2020,2,interior,MLD2,2627.96940
CMdev_BASE,2020,3,interior,MLD2,2560.88513
CMdev_BASE,2020,4,interior,MLD2,2374.33263
CMdev_BASE,2020,5,interior,MLD2,1007.82311
CMdev_BASE,2020,6,interior,MLD2,16.29083
CMdev_BASE,2020,7,interior,MLD2,13.04784
CMdev_BASE,2020,8,interior,MLD2,15.04982
CMdev_BASE,2020,9,interior,MLD2,26.61809
CMdev_BASE,2020,10,interior,MLD2,39.98508
CMdev_BASE,2020,11,interior,MLD2,850.72698
CMdev_BASE,2020,12,interior,MLD2,2591.45270
CMdev_BASE,2021,1,labsea,a_ice,0.15819
CMdev_BASE,2021,2,labsea,a_ice,0.21362
CMdev_BASE,2021,3,labsea,a_ice,0.23925
CMdev_BASE,2021,4,labsea,a_ice,0.20141
CMdev_BASE,2021,5,labsea,a_ice,0.13065
CMdev_BASE,2021,6,labsea,a_ice,0.05602
CMdev_BASE,2021,7,labsea,a_ice,0.01044
CMdev_BASE,2021,8,labsea,a_ice,0.00000
CMdev_BASE,2021,9,labsea,a_ice,0.00000
CMdev_BASE,2021,10,labsea,a_ice,0.00000
CMdev_BASE,2021,11,labsea,a_ice,0.00134
CMdev_BASE,2021,12,labsea,a_ice,0.04519
CMdev_BASE,2021,1,interior,a_ice,0.01657
CMdev_BASE,2021,2,interior,a_ice,0.05861
CMdev_BASE,2021,3,interior,a_ice,0.07612
CMdev_BASE,2021,4,interior,a_ice,0.06529
CMdev_BASE,2021,5,interior,a_ice,0.01674
CMdev_BASE,2021,6,interior,a_ice,0.00030
CMdev_BASE,2021,7,interior,a_ice,0.00000
CMdev_BASE,2021,8,interior,a_ice,0.00000
CMdev_BASE,2021,9,interior,a_ice,0.00000
CMdev_BASE,2021,10,interior,a_ice,0.00000
CMdev_BASE,2021,11,interior,a_ice,0.00000
CMdev_BASE,2021,12,interior,a_ice,0.00040
CMdev_BASE,2021,1,labsea,MLD2,1797.58939
CMdev_BASE,2021,2,labsea,MLD2,1775.20660
CMdev_BASE,2021,3,labsea,MLD2,1648.82963
CMdev_BASE,2021,4,labsea,MLD2,1517.05002
CMdev_BASE,2021,5,labsea,MLD2,768.97818
CMdev_BASE,2021,6,labsea,MLD2,15.36826
CMdev_BASE,2021,7,labsea,MLD2,16.01251
CMdev_BASE,2021,8,labsea,MLD2,14.53579
CMdev_BASE,2021,9,labsea,MLD2,23.30237
CMdev_BASE,2021,10,labsea,MLD2,30.98632
CMdev_BASE,2021,11,labsea,MLD2,114.53482
CMdev_BASE,2021,12,labsea,MLD2,797.71436
CMdev_BASE,2021,1,interior,MLD2,2701.98278
CMdev_BASE,2021,2,interior,MLD2,2653.63897
CMdev_BASE,2021,3,interior,MLD2,2497.75533
CMdev_BASE,2021,4,interior,MLD2,2415.28336
CMdev_BASE,2021,5,interior,MLD2,1663.58393
CMdev_BASE,2021,6,interior,MLD2,18.39601
CMdev_BASE,2021,7,interior,MLD2,17.24284
CMdev_BASE,2021,8,interior,MLD2,16.28971
CMdev_BASE,2021,9,interior,MLD2,26.32997
CMdev_BASE,2021,10,interior,MLD2,31.25547
CMdev_BASE,2021,11,interior,MLD2,256.85283
CMdev_BASE,2021,12,interior,MLD2,1851.08628
CMdev_BASE,2022,1,labsea,a_ice,0.16065
CMdev_BASE,2022,2,labsea,a_ice,0.25414
CMdev_BASE,2022,3,labsea,a_ice,0.35161
CMdev_BASE,2022,4,labsea,a_ice,0.29472
CMdev_BASE,2022,5,labsea,a_ice,0.21186
CMdev_BASE,2022,6,labsea,a_ice,0.08649
CMdev_BASE,2022,7,labsea,a_ice,0.01188
CMdev_BASE,2022,8,labsea,a_ice,0.00001
CMdev_BASE,2022,9,labsea,a_ice,0.00000
CMdev_BASE,2022,10,labsea,a_ice,0.00000
CMdev_BASE,2022,11,labsea,a_ice,0.00946
CMdev_BASE,2022,12,labsea,a_ice,0.03828
CMdev_BASE,2022,1,interior,a_ice,0.02986
CMdev_BASE,2022,2,interior,a_ice,0.05049
CMdev_BASE,2022,3,interior,a_ice,0.16828
CMdev_BASE,2022,4,interior,a_ice,0.14010
CMdev_BASE,2022,5,interior,a_ice,0.04465
CMdev_BASE,2022,6,interior,a_ice,0.00670
CMdev_BASE,2022,7,interior,a_ice,0.00000
CMdev_BASE,2022,8,interior,a_ice,0.00000
CMdev_BASE,2022,9,interior,a_ice,0.00000
CMdev_BASE,2022,10,interior,a_ice,0.00000
CMdev_BASE,2022,11,interior,a_ice,0.00000
CMdev_BASE,2022,12,interior,a_ice,0.00170
CMdev_BASE,2022,1,labsea,MLD2,1621.66461
CMdev_BASE,2022,2,labsea,MLD2,1545.17000
CMdev_BASE,2022,3,labsea,MLD2,1356.36562
CMdev_BASE,2022,4,labsea,MLD2,1199.88799
CMdev_BASE,2022,5,labsea,MLD2,504.80793
CMdev_BASE,2022,6,labsea,MLD2,14.79184
CMdev_BASE,2022,7,labsea,MLD2,11.42034
CMdev_BASE,2022,8,labsea,MLD2,14.28983
CMdev_BASE,2022,9,labsea,MLD2,20.21404
CMdev_BASE,2022,10,labsea,MLD2,31.61937
CMdev_BASE,2022,11,labsea,MLD2,151.62888
CMdev_BASE,2022,12,labsea,MLD2,1069.58045
CMdev_BASE,2022,1,interior,MLD2,2625.18067
CMdev_BASE,2022,2,interior,MLD2,2517.23374
CMdev_BASE,2022,3,interior,MLD2,2050.16570
CMdev_BASE,2022,4,interior,MLD2,1829.83762
CMdev_BASE,2022,5,interior,MLD2,1113.06697
CMdev_BASE,2022,6,interior,MLD2,15.83162
CMdev_BASE,2022,7,interior,MLD2,12.64734
CMdev_BASE,2022,8,interior,MLD2,15.68819
CMdev_BASE,2022,9,interior,MLD2,19.58237
CMdev_BASE,2022,10,interior,MLD2,31.50715
CMdev_BASE,2022,11,interior,MLD2,377.38307
CMdev_BASE,2022,12,interior,MLD2,2094.99102
CMdev_BASE,2023,1,labsea,a_ice,0.14545
CMdev_BASE,2023,2,labsea,a_ice,0.21958
CMdev_BASE,2023,3,labsea,a_ice,0.21549
CMdev_BASE,2023,4,labsea,a_ice,0.17663
CMdev_BASE,2023,5,labsea,a_ice,0.09194
CMdev_BASE,2023,6,labsea,a_ice,0.03559
CMdev_BASE,2023,7,labsea,a_ice,0.00434
CMdev_BASE,2023,8,labsea,a_ice,0.00000
CMdev_BASE,2023,9,labsea,a_ice,0.00000
CMdev_BASE,2023,10,labsea,a_ice,0.00000
CMdev_BASE,2023,11,labsea,a_ice,0.00000
CMdev_BASE,2023,12,labsea,a_ice,0.03493
CMdev_BASE,2023,1,interior,a_ice,0.01928
CMdev_BASE,2023,2,interior,a_ice,0.04206
CMdev_BASE,2023,3,interior,a_ice,0.04789
CMdev_BASE,2023,4,interior,a_ice,0.02916
CMdev_BASE,2023,5,interior,a_ice,0.00217
CMdev_BASE,2023,6,interior,a_ice,0.00000
CMdev_BASE,2023,7,interior,a_ice,0.00000
CMdev_BASE,2023,8,interior,a_ice,0.00000
CMdev_BASE,2023,9,interior,a_ice,0.00000
CMdev_BASE,2023,10,interior,a_ice,0.00000
CMdev_BASE,2023,11,interior,a_ice,0.00000
CMdev_BASE,2023,12,interior,a_ice,0.00029
CMdev_BASE,2023,1,labsea,MLD2,1765.87723
CMdev_BASE,2023,2,labsea,MLD2,1699.29706
CMdev_BASE,2023,3,labsea,MLD2,1612.49473
CMdev_BASE,2023,4,labsea,MLD2,1417.53803
CMdev_BASE,2023,5,labsea,MLD2,344.23149
CMdev_BASE,2023,6,labsea,MLD2,19.14335
CMdev_BASE,2023,7,labsea,MLD2,10.68791
CMdev_BASE,2023,8,labsea,MLD2,14.39212
CMdev_BASE,2023,9,labsea,MLD2,22.06697
CMdev_BASE,2023,10,labsea,MLD2,34.97785
CMdev_BASE,2023,11,labsea,MLD2,56.07467
CMdev_BASE,2023,12,labsea,MLD2,987.20299
CMdev_BASE,2023,1,interior,MLD2,2686.33305
CMdev_BASE,2023,2,interior,MLD2,2620.66265
CMdev_BASE,2023,3,interior,MLD2,2544.07056
CMdev_BASE,2023,4,interior,MLD2,2406.87138
CMdev_BASE,2023,5,interior,MLD2,943.66170
CMdev_BASE,2023,6,interior,MLD2,22.76767
CMdev_BASE,2023,7,interior,MLD2,10.93784
CMdev_BASE,2023,8,interior,MLD2,15.80723
CMdev_BASE,2023,9,interior,MLD2,22.87675
CMdev_BASE,2023,10,interior,MLD2,34.81279
CMdev_BASE,2023,11,interior,MLD2,58.50609
CMdev_BASE,2023,12,interior,MLD2,1837.71487
CMdev_BASE,2024,1,labsea,a_ice,0.11817
CMdev_BASE,2024,2,labsea,a_ice,0.19904
CMdev_BASE,2024,3,labsea,a_ice,0.24694
CMdev_BASE,2024,4,labsea,a_ice,0.18445
CMdev_BASE,2024,5,labsea,a_ice,0.09647
CMdev_BASE,2024,6,labsea,a_ice,0.05039
CMdev_BASE,2024,7,labsea,a_ice,0.01767
CMdev_BASE,2024,8,labsea,a_ice,0.00056
CMdev_BASE,2024,9,labsea,a_ice,0.00000
CMdev_BASE,2024,10,labsea,a_ice,0.00000
CMdev_BASE,2024,11,labsea,a_ice,0.00493
CMdev_BASE,2024,12,labsea,a_ice,0.02660
CMdev_BASE,2024,1,interior,a_ice,0.00426
CMdev_BASE,2024,2,interior,a_ice,0.03630
CMdev_BASE,2024,3,interior,a_ice,0.10590
CMdev_BASE,2024,4,interior,a_ice,0.04449
CMdev_BASE,2024,5,interior,a_ice,0.00184
CMdev_BASE,2024,6,interior,a_ice,0.00000
CMdev_BASE,2024,7,interior,a_ice,0.00000
CMdev_BASE,2024,8,interior,a_ice,0.00000
CMdev_BASE,2024,9,interior,a_ice,0.00000
CMdev_BASE,2024,10,interior,a_ice,0.00000
CMdev_BASE,2024,11,interior,a_ice,0.00000
CMdev_BASE,2024,12,interior,a_ice,0.00000
CMdev_BASE,2024,1,labsea,MLD2,1795.09588
CMdev_BASE,2024,2,labsea,MLD2,1722.09205
CMdev_BASE,2024,3,labsea,MLD2,1602.68512
CMdev_BASE,2024,4,labsea,MLD2,1252.65797
CMdev_BASE,2024,5,labsea,MLD2,450.40451
CMdev_BASE,2024,6,labsea,MLD2,23.01913
CMdev_BASE,2024,7,labsea,MLD2,14.16509
CMdev_BASE,2024,8,labsea,MLD2,11.80007
CMdev_BASE,2024,9,labsea,MLD2,22.18473
CMdev_BASE,2024,10,labsea,MLD2,28.77143
CMdev_BASE,2024,11,labsea,MLD2,74.30486
CMdev_BASE,2024,12,labsea,MLD2,811.60777
CMdev_BASE,2024,1,interior,MLD2,2714.12458
CMdev_BASE,2024,2,interior,MLD2,2622.09266
CMdev_BASE,2024,3,interior,MLD2,2437.10175
CMdev_BASE,2024,4,interior,MLD2,2094.51201
CMdev_BASE,2024,5,interior,MLD2,1197.33330
CMdev_BASE,2024,6,interior,MLD2,24.81897
CMdev_BASE,2024,7,interior,MLD2,15.19937
CMdev_BASE,2024,8,interior,MLD2,12.43530
CMdev_BASE,2024,9,interior,MLD2,23.71815
CMdev_BASE,2024,10,interior,MLD2,30.15833
CMdev_BASE,2024,11,interior,MLD2,116.89520
CMdev_BASE,2024,12,interior,MLD2,1552.39604
CMdev_BASE,2025,1,labsea,a_ice,0.08110
CMdev_BASE,2025,2,labsea,a_ice,0.17201
CMdev_BASE,2025,3,labsea,a_ice,0.12527
CMdev_BASE,2025,4,labsea,a_ice,0.08813
CMdev_BASE,2025,5,labsea,a_ice,0.09142
CMdev_BASE,2025,6,labsea,a_ice,0.03319
CMdev_BASE,2025,7,labsea,a_ice,0.00034
CMdev_BASE,2025,8,labsea,a_ice,0.00000
CMdev_BASE,2025,9,labsea,a_ice,0.00000
CMdev_BASE,2025,10,labsea,a_ice,0.00000
CMdev_BASE,2025,11,labsea,a_ice,0.00000
CMdev_BASE,2025,12,labsea,a_ice,0.01171
CMdev_BASE,2025,1,interior,a_ice,0.00886
CMdev_BASE,2025,2,interior,a_ice,0.03711
CMdev_BASE,2025,3,interior,a_ice,0.00844
CMdev_BASE,2025,4,interior,a_ice,0.00128
CMdev_BASE,2025,5,interior,a_ice,0.00234
CMdev_BASE,2025,6,interior,a_ice,0.00001
CMdev_BASE,2025,7,interior,a_ice,0.00000
CMdev_BASE,2025,8,interior,a_ice,0.00000
CMdev_BASE,2025,9,interior,a_ice,0.00000
CMdev_BASE,2025,10,interior,a_ice,0.00000
CMdev_BASE,2025,11,interior,a_ice,0.00000
CMdev_BASE,2025,12,interior,a_ice,0.00000
CMdev_BASE,2025,1,labsea,MLD2,1674.59523
CMdev_BASE,2025,2,labsea,MLD2,1792.47985
CMdev_BASE,2025,3,labsea,MLD2,1803.55678
CMdev_BASE,2025,4,labsea,MLD2,1276.72780
CMdev_BASE,2025,5,labsea,MLD2,387.65235
CMdev_BASE,2025,6,labsea,MLD2,16.05559
CMdev_BASE,2025,7,labsea,MLD2,11.78562
CMdev_BASE,2025,8,labsea,MLD2,14.89123
CMdev_BASE,2025,9,labsea,MLD2,21.41294
CMdev_BASE,2025,10,labsea,MLD2,32.15685
CMdev_BASE,2025,11,labsea,MLD2,48.09805
CMdev_BASE,2025,12,labsea,MLD2,674.96077
CMdev_BASE,2025,1,interior,MLD2,2682.69499
CMdev_BASE,2025,2,interior,MLD2,2661.58606
CMdev_BASE,2025,3,interior,MLD2,2704.40884
CMdev_BASE,2025,4,interior,MLD2,2430.25564
CMdev_BASE,2025,5,interior,MLD2,1117.24294
CMdev_BASE,2025,6,interior,MLD2,19.89160
CMdev_BASE,2025,7,interior,MLD2,13.11368
CMdev_BASE,2025,8,interior,MLD2,16.02713
CMdev_BASE,2025,9,interior,MLD2,21.14256
CMdev_BASE,2025,10,interior,MLD2,29.71168
CMdev_BASE,2025,11,interior,MLD2,49.22825
CMdev_BASE,2025,12,interior,MLD2,1454.13423
CMdev_BASE,2026,1,labsea,a_ice,0.05734
CMdev_BASE,2026,2,labsea,a_ice,0.12675
CMdev_BASE,2026,3,labsea,a_ice,0.13273
CMdev_BASE,2026,4,labsea,a_ice,0.11651
CMdev_BASE,2026,5,labsea,a_ice,0.10025
CMdev_BASE,2026,6,labsea,a_ice,0.04254
CMdev_BASE,2026,7,labsea,a_ice,0.00481
CMdev_BASE,2026,8,labsea,a_ice,0.00000
CMdev_BASE,2026,9,labsea,a_ice,0.00000
CMdev_BASE,2026,10,labsea,a_ice,0.00000
CMdev_BASE,2026,11,labsea,a_ice,0.00037
CMdev_BASE,2026,12,labsea,a_ice,0.02147
CMdev_BASE,2026,1,interior,a_ice,0.00035
CMdev_BASE,2026,2,interior,a_ice,0.00598
CMdev_BASE,2026,3,interior,a_ice,0.00384
CMdev_BASE,2026,4,interior,a_ice,0.00027
CMdev_BASE,2026,5,interior,a_ice,0.00172
CMdev_BASE,2026,6,interior,a_ice,0.00004
CMdev_BASE,2026,7,interior,a_ice,0.00000
CMdev_BASE,2026,8,interior,a_ice,0.00000
CMdev_BASE,2026,9,interior,a_ice,0.00000
CMdev_BASE,2026,10,interior,a_ice,0.00000
CMdev_BASE,2026,11,interior,a_ice,0.00000
CMdev_BASE,2026,12,interior,a_ice,0.00000
CMdev_BASE,2026,1,labsea,MLD2,1556.72583
CMdev_BASE,2026,2,labsea,MLD2,1829.57183
CMdev_BASE,2026,3,labsea,MLD2,1768.80185
CMdev_BASE,2026,4,labsea,MLD2,1676.62274
CMdev_BASE,2026,5,labsea,MLD2,1211.02496
CMdev_BASE,2026,6,labsea,MLD2,56.16282
CMdev_BASE,2026,7,labsea,MLD2,15.12120
CMdev_BASE,2026,8,labsea,MLD2,14.88407
CMdev_BASE,2026,9,labsea,MLD2,22.64857
CMdev_BASE,2026,10,labsea,MLD2,35.13172
CMdev_BASE,2026,11,labsea,MLD2,107.62964
CMdev_BASE,2026,12,labsea,MLD2,580.98589
CMdev_BASE,2026,1,interior,MLD2,2696.50542
CMdev_BASE,2026,2,interior,MLD2,2721.39158
CMdev_BASE,2026,3,interior,MLD2,2692.68879
CMdev_BASE,2026,4,interior,MLD2,2640.18949
CMdev_BASE,2026,5,interior,MLD2,2320.58739
CMdev_BASE,2026,6,interior,MLD2,140.04984
CMdev_BASE,2026,7,interior,MLD2,15.92551
CMdev_BASE,2026,8,interior,MLD2,15.56435
CMdev_BASE,2026,9,interior,MLD2,23.12701
CMdev_BASE,2026,10,interior,MLD2,36.52538
CMdev_BASE,2026,11,interior,MLD2,247.70041
CMdev_BASE,2026,12,interior,MLD2,1586.95474
CMdev_BASE,2027,1,labsea,a_ice,0.06304
CMdev_BASE,2027,2,labsea,a_ice,0.13154
CMdev_BASE,2027,3,labsea,a_ice,0.14930
CMdev_BASE,2027,4,labsea,a_ice,0.09448
CMdev_BASE,2027,5,labsea,a_ice,0.06270
CMdev_BASE,2027,6,labsea,a_ice,0.03244
CMdev_BASE,2027,7,labsea,a_ice,0.00559
CMdev_BASE,2027,8,labsea,a_ice,0.00000
CMdev_BASE,2027,9,labsea,a_ice,0.00000
CMdev_BASE,2027,10,labsea,a_ice,0.00003
CMdev_BASE,2027,11,labsea,a_ice,0.00274
CMdev_BASE,2027,12,labsea,a_ice,0.04664
CMdev_BASE,2027,1,interior,a_ice,0.00000
CMdev_BASE,2027,2,interior,a_ice,0.00444
CMdev_BASE,2027,3,interior,a_ice,0.02465
CMdev_BASE,2027,4,interior,a_ice,0.00720
CMdev_BASE,2027,5,interior,a_ice,0.00039
CMdev_BASE,2027,6,interior,a_ice,0.00000
CMdev_BASE,2027,7,interior,a_ice,0.00000
CMdev_BASE,2027,8,interior,a_ice,0.00000
CMdev_BASE,2027,9,interior,a_ice,0.00000
CMdev_BASE,2027,10,interior,a_ice,0.00000
CMdev_BASE,2027,11,interior,a_ice,0.00000
CMdev_BASE,2027,12,interior,a_ice,0.00000
CMdev_BASE,2027,1,labsea,MLD2,1145.27913
CMdev_BASE,2027,2,labsea,MLD2,1726.81943
CMdev_BASE,2027,3,labsea,MLD2,1715.65400
CMdev_BASE,2027,4,labsea,MLD2,1488.99399
CMdev_BASE,2027,5,labsea,MLD2,239.26453
CMdev_BASE,2027,6,labsea,MLD2,24.85687
CMdev_BASE,2027,7,labsea,MLD2,16.07412
CMdev_BASE,2027,8,labsea,MLD2,16.61471
CMdev_BASE,2027,9,labsea,MLD2,21.20150
CMdev_BASE,2027,10,labsea,MLD2,34.29863
CMdev_BASE,2027,11,labsea,MLD2,128.02632
CMdev_BASE,2027,12,labsea,MLD2,935.31725
CMdev_BASE,2027,1,interior,MLD2,2557.09676
CMdev_BASE,2027,2,interior,MLD2,2659.02942
CMdev_BASE,2027,3,interior,MLD2,2618.61036
CMdev_BASE,2027,4,interior,MLD2,2609.12885
CMdev_BASE,2027,5,interior,MLD2,608.14082
CMdev_BASE,2027,6,interior,MLD2,25.99159
CMdev_BASE,2027,7,interior,MLD2,16.52717
CMdev_BASE,2027,8,interior,MLD2,17.64026
CMdev_BASE,2027,9,interior,MLD2,22.83796
CMdev_BASE,2027,10,interior,MLD2,34.30741
CMdev_BASE,2027,11,interior,MLD2,291.87585
CMdev_BASE,2027,12,interior,MLD2,1971.58387
CMdev_BASE,2028,1,labsea,a_ice,0.13313
CMdev_BASE,2028,2,labsea,a_ice,0.16580
CMdev_BASE,2028,3,labsea,a_ice,0.20718
CMdev_BASE,2028,4,labsea,a_ice,0.22354
CMdev_BASE,2028,5,labsea,a_ice,0.16237
CMdev_BASE,2028,6,labsea,a_ice,0.06310
CMdev_BASE,2028,7,labsea,a_ice,0.00472
CMdev_BASE,2028,8,labsea,a_ice,0.00000
CMdev_BASE,2028,9,labsea,a_ice,0.00000
CMdev_BASE,2028,10,labsea,a_ice,0.00000
CMdev_BASE,2028,11,labsea,a_ice,0.00058
CMdev_BASE,2028,12,labsea,a_ice,0.09337
CMdev_BASE,2028,1,interior,a_ice,0.00749
CMdev_BASE,2028,2,interior,a_ice,0.00758
CMdev_BASE,2028,3,interior,a_ice,0.03525
CMdev_BASE,2028,4,interior,a_ice,0.03439
CMdev_BASE,2028,5,interior,a_ice,0.01513
CMdev_BASE,2028,6,interior,a_ice,0.00274
CMdev_BASE,2028,7,interior,a_ice,0.00000
CMdev_BASE,2028,8,interior,a_ice,0.00000
CMdev_BASE,2028,9,interior,a_ice,0.00000
CMdev_BASE,2028,10,interior,a_ice,0.00000
CMdev_BASE,2028,11,interior,a_ice,0.00000
CMdev_BASE,2028,12,interior,a_ice,0.01021
CMdev_BASE,2028,1,labsea,MLD2,1656.91148
CMdev_BASE,2028,2,labsea,MLD2,1797.93301
CMdev_BASE,2028,3,labsea,MLD2,1726.17498
CMdev_BASE,2028,4,labsea,MLD2,1554.47581
CMdev_BASE,2028,5,labsea,MLD2,1022.21068
CMdev_BASE,2028,6,labsea,MLD2,19.40176
CMdev_BASE,2028,7,labsea,MLD2,13.33043
CMdev_BASE,2028,8,labsea,MLD2,13.85290
CMdev_BASE,2028,9,labsea,MLD2,20.99699
CMdev_BASE,2028,10,labsea,MLD2,35.90489
CMdev_BASE,2028,11,labsea,MLD2,174.79243
CMdev_BASE,2028,12,labsea,MLD2,1122.46238
CMdev_BASE,2028,1,interior,MLD2,2651.34179
CMdev_BASE,2028,2,interior,MLD2,2712.03838
CMdev_BASE,2028,3,interior,MLD2,2627.07297
CMdev_BASE,2028,4,interior,MLD2,2343.85677
CMdev_BASE,2028,5,interior,MLD2,1614.81156
CMdev_BASE,2028,6,interior,MLD2,27.20795
CMdev_BASE,2028,7,interior,MLD2,16.00773
CMdev_BASE,2028,8,interior,MLD2,16.45372
CMdev_BASE,2028,9,interior,MLD2,21.59677
CMdev_BASE,2028,10,interior,MLD2,39.96941
CMdev_BASE,2028,11,interior,MLD2,457.33305
CMdev_BASE,2028,12,interior,MLD2,2092.19373
CMdev_BASE,2029,1,labsea,a_ice,0.22669
CMdev_BASE,2029,2,labsea,a_ice,0.31632
CMdev_BASE,2029,3,labsea,a_ice,0.40845
CMdev_BASE,2029,4,labsea,a_ice,0.29109
CMdev_BASE,2029,5,labsea,a_ice,0.20685
CMdev_BASE,2029,6,labsea,a_ice,0.07497
CMdev_BASE,2029,7,labsea,a_ice,0.00114
CMdev_BASE,2029,8,labsea,a_ice,0.00000
CMdev_BASE,2029,9,labsea,a_ice,0.00000
CMdev_BASE,2029,10,labsea,a_ice,0.00000
CMdev_BASE,2029,11,labsea,a_ice,0.00056
CMdev_BASE,2029,12,labsea,a_ice,0.05766
CMdev_BASE,2029,1,interior,a_ice,0.06645
CMdev_BASE,2029,2,interior,a_ice,0.14786
CMdev_BASE,2029,3,interior,a_ice,0.34311
CMdev_BASE,2029,4,interior,a_ice,0.15545
CMdev_BASE,2029,5,interior,a_ice,0.02496
CMdev_BASE,2029,6,interior,a_ice,0.00526
CMdev_BASE,2029,7,interior,a_ice,0.00000
CMdev_BASE,2029,8,interior,a_ice,0.00000
CMdev_BASE,2029,9,interior,a_ice,0.00000
CMdev_BASE,2029,10,interior,a_ice,0.00000
CMdev_BASE,2029,11,interior,a_ice,0.00000
CMdev_BASE,2029,12,interior,a_ice,0.00151
CMdev_BASE,2029,1,labsea,MLD2,1568.09629
CMdev_BASE,2029,2,labsea,MLD2,1450.49119
CMdev_BASE,2029,3,labsea,MLD2,1236.67373
CMdev_BASE,2029,4,labsea,MLD2,1125.18024
CMdev_BASE,2029,5,labsea,MLD2,482.24103
CMdev_BASE,2029,6,labsea,MLD2,18.36454
CMdev_BASE,2029,7,labsea,MLD2,13.16690
CMdev_BASE,2029,8,labsea,MLD2,16.56604
CMdev_BASE,2029,9,labsea,MLD2,19.50908
CMdev_BASE,2029,10,labsea,MLD2,32.09105
CMdev_BASE,2029,11,labsea,MLD2,73.97648
CMdev_BASE,2029,12,labsea,MLD2,1107.80205
CMdev_BASE,2029,1,interior,MLD2,2391.48854
CMdev_BASE,2029,2,interior,MLD2,2146.48352
CMdev_BASE,2029,3,interior,MLD2,1574.42176
CMdev_BASE,2029,4,interior,MLD2,1500.30733
CMdev_BASE,2029,5,interior,MLD2,1324.73721
CMdev_BASE,2029,6,interior,MLD2,22.49748
CMdev_BASE,2029,7,interior,MLD2,13.15486
CMdev_BASE,2029,8,interior,MLD2,17.55513
CMdev_BASE,2029,9,interior,MLD2,20.57824
CMdev_BASE,2029,10,interior,MLD2,32.07843
CMdev_BASE,2029,11,interior,MLD2,104.97747
CMdev_BASE,2029,12,interior,MLD2,1902.25684
CMdev_BASE,2030,1,labsea,a_ice,0.15006
CMdev_BASE,2030,2,labsea,a_ice,0.21878
CMdev_BASE,2030,3,labsea,a_ice,0.22574
CMdev_BASE,2030,4,labsea,a_ice,0.15731
CMdev_BASE,2030,5,labsea,a_ice,0.11372
CMdev_BASE,2030,6,labsea,a_ice,0.04548
CMdev_BASE,2030,7,labsea,a_ice,0.00664
CMdev_BASE,2030,8,labsea,a_ice,0.00000
CMdev_BASE,2030,9,labsea,a_ice,0.00000
CMdev_BASE,2030,10,labsea,a_ice,0.00000
CMdev_BASE,2030,11,labsea,a_ice,0.00024
CMdev_BASE,2030,12,labsea,a_ice,0.03870
CMdev_BASE,2030,1,interior,a_ice,0.01804
CMdev_BASE,2030,2,interior,a_ice,0.04700
CMdev_BASE,2030,3,interior,a_ice,0.04487
CMdev_BASE,2030,4,interior,a_ice,0.00647
CMdev_BASE,2030,5,interior,a_ice,0.00249
CMdev_BASE,2030,6,interior,a_ice,0.00005
CMdev_BASE,2030,7,interior,a_ice,0.00000
CMdev_BASE,2030,8,interior,a_ice,0.00000
CMdev_BASE,2030,9,interior,a_ice,0.00000
CMdev_BASE,2030,10,interior,a_ice,0.00000
CMdev_BASE,2030,11,interior,a_ice,0.00000
CMdev_BASE,2030,12,interior,a_ice,0.00002
CMdev_BASE,2030,1,labsea,MLD2,1801.50833
CMdev_BASE,2030,2,labsea,MLD2,1778.66249
CMdev_BASE,2030,3,labsea,MLD2,1700.31952
CMdev_BASE,2030,4,labsea,MLD2,1575.82571
CMdev_BASE,2030,5,labsea,MLD2,298.41090
CMdev_BASE,2030,6,labsea,MLD2,16.61076
CMdev_BASE,2030,7,labsea,MLD2,13.25107
CMdev_BASE,2030,8,labsea,MLD2,13.79909
CMdev_BASE,2030,9,labsea,MLD2,24.57851
CMdev_BASE,2030,10,labsea,MLD2,34.83922
CMdev_BASE,2030,11,labsea,MLD2,106.06055
CMdev_BASE,2030,12,labsea,MLD2,1433.93957
CMdev_BASE,2030,1,interior,MLD2,2716.02166
CMdev_BASE,2030,2,interior,MLD2,2674.47284
CMdev_BASE,2030,3,interior,MLD2,2606.40370
CMdev_BASE,2030,4,interior,MLD2,2627.95983
CMdev_BASE,2030,5,interior,MLD2,510.85907
CMdev_BASE,2030,6,interior,MLD2,18.81870
CMdev_BASE,2030,7,interior,MLD2,15.68252
CMdev_BASE,2030,8,interior,MLD2,16.46393
CMdev_BASE,2030,9,interior,MLD2,26.09660
CMdev_BASE,2030,10,interior,MLD2,36.56908
CMdev_BASE,2030,11,interior,MLD2,140.55537
CMdev_BASE,2030,12,interior,MLD2,2538.77269
CMdev_BASE,2031,1,labsea,a_ice,0.11752
CMdev_BASE,2031,2,labsea,a_ice,0.20032
CMdev_BASE,2031,3,labsea,a_ice,0.22826
CMdev_BASE,2031,4,labsea,a_ice,0.19174
CMdev_BASE,2031,5,labsea,a_ice,0.15050
CMdev_BASE,2031,6,labsea,a_ice,0.05002
CMdev_BASE,2031,7,labsea,a_ice,0.00605
CMdev_BASE,2031,8,labsea,a_ice,0.00005
CMdev_BASE,2031,9,labsea,a_ice,0.00000
CMdev_BASE,2031,10,labsea,a_ice,0.00000
CMdev_BASE,2031,11,labsea,a_ice,0.00831
CMdev_BASE,2031,12,labsea,a_ice,0.06855
CMdev_BASE,2031,1,interior,a_ice,0.00704
CMdev_BASE,2031,2,interior,a_ice,0.05124
CMdev_BASE,2031,3,interior,a_ice,0.04919
CMdev_BASE,2031,4,interior,a_ice,0.00885
CMdev_BASE,2031,5,interior,a_ice,0.01002
CMdev_BASE,2031,6,interior,a_ice,0.00483
CMdev_BASE,2031,7,interior,a_ice,0.00000
CMdev_BASE,2031,8,interior,a_ice,0.00000
CMdev_BASE,2031,9,interior,a_ice,0.00000
CMdev_BASE,2031,10,interior,a_ice,0.00000
CMdev_BASE,2031,11,interior,a_ice,0.00000
CMdev_BASE,2031,12,interior,a_ice,0.00107
CMdev_BASE,2031,1,labsea,MLD2,1760.33599
CMdev_BASE,2031,2,labsea,MLD2,1715.95584
CMdev_BASE,2031,3,labsea,MLD2,1642.03481
CMdev_BASE,2031,4,labsea,MLD2,1652.11119
CMdev_BASE,2031,5,labsea,MLD2,1004.35988
CMdev_BASE,2031,6,labsea,MLD2,16.85357
CMdev_BASE,2031,7,labsea,MLD2,15.68065
CMdev_BASE,2031,8,labsea,MLD2,13.70267
CMdev_BASE,2031,9,labsea,MLD2,21.40707
CMdev_BASE,2031,10,labsea,MLD2,34.66765
CMdev_BASE,2031,11,labsea,MLD2,296.39835
CMdev_BASE,2031,12,labsea,MLD2,1567.10389
CMdev_BASE,2031,1,interior,MLD2,2687.80198
CMdev_BASE,2031,2,interior,MLD2,2605.16334
CMdev_BASE,2031,3,interior,MLD2,2554.45842
CMdev_BASE,2031,4,interior,MLD2,2617.81764
CMdev_BASE,2031,5,interior,MLD2,2194.42219
CMdev_BASE,2031,6,interior,MLD2,22.85148
CMdev_BASE,2031,7,interior,MLD2,16.56103
CMdev_BASE,2031,8,interior,MLD2,15.27150
CMdev_BASE,2031,9,interior,MLD2,21.31122
CMdev_BASE,2031,10,interior,MLD2,33.53254
CMdev_BASE,2031,11,interior,MLD2,713.47759
CMdev_BASE,2031,12,interior,MLD2,2624.57110
CMdev_BASE,2032,1,labsea,a_ice,0.15649
CMdev_BASE,2032,2,labsea,a_ice,0.18658
CMdev_BASE,2032,3,labsea,a_ice,0.16972
CMdev_BASE,2032,4,labsea,a_ice,0.13446
CMdev_BASE,2032,5,labsea,a_ice,0.08323
CMdev_BASE,2032,6,labsea,a_ice,0.01884
CMdev_BASE,2032,7,labsea,a_ice,0.00058
CMdev_BASE,2032,8,labsea,a_ice,0.00000
CMdev_BASE,2032,9,labsea,a_ice,0.00000
CMdev_BASE,2032,10,labsea,a_ice,0.00000
CMdev_BASE,2032,11,labsea,a_ice,0.01009
CMdev_BASE,2032,12,labsea,a_ice,0.08206
CMdev_BASE,2032,1,interior,a_ice,0.01090
CMdev_BASE,2032,2,interior,a_ice,0.03129
CMdev_BASE,2032,3,interior,a_ice,0.02720
CMdev_BASE,2032,4,interior,a_ice,0.01383
CMdev_BASE,2032,5,interior,a_ice,0.01095
CMdev_BASE,2032,6,interior,a_ice,0.00004
CMdev_BASE,2032,7,interior,a_ice,0.00000
CMdev_BASE,2032,8,interior,a_ice,0.00000
CMdev_BASE,2032,9,interior,a_ice,0.00000
CMdev_BASE,2032,10,interior,a_ice,0.00000
CMdev_BASE,2032,11,interior,a_ice,0.00000
CMdev_BASE,2032,12,interior,a_ice,0.00249
CMdev_BASE,2032,1,labsea,MLD2,1826.63693
CMdev_BASE,2032,2,labsea,MLD2,1768.29183
CMdev_BASE,2032,3,labsea,MLD2,1660.02810
CMdev_BASE,2032,4,labsea,MLD2,1568.37120
CMdev_BASE,2032,5,labsea,MLD2,818.88923
CMdev_BASE,2032,6,labsea,MLD2,17.64476
CMdev_BASE,2032,7,labsea,MLD2,13.46400
CMdev_BASE,2032,8,labsea,MLD2,16.45868
CMdev_BASE,2032,9,labsea,MLD2,21.28897
CMdev_BASE,2032,10,labsea,MLD2,33.10673
CMdev_BASE,2032,11,labsea,MLD2,395.68448
CMdev_BASE,2032,12,labsea,MLD2,1195.61613
CMdev_BASE,2032,1,interior,MLD2,2731.76734
CMdev_BASE,2032,2,interior,MLD2,2682.79510
CMdev_BASE,2032,3,interior,MLD2,2543.31215
CMdev_BASE,2032,4,interior,MLD2,2580.57847
CMdev_BASE,2032,5,interior,MLD2,1800.49790
CMdev_BASE,2032,6,interior,MLD2,20.80302
CMdev_BASE,2032,7,interior,MLD2,15.93622
CMdev_BASE,2032,8,interior,MLD2,17.81392
CMdev_BASE,2032,9,interior,MLD2,21.49087
CMdev_BASE,2032,10,interior,MLD2,33.65198
CMdev_BASE,2032,11,interior,MLD2,993.02357
CMdev_BASE,2032,12,interior,MLD2,2306.22422
CMdev_BASE,2033,1,labsea,a_ice,0.18305
CMdev_BASE,2033,2,labsea,a_ice,0.22937
CMdev_BASE,2033,3,labsea,a_ice,0.22917
CMdev_BASE,2033,4,labsea,a_ice,0.21442
CMdev_BASE,2033,5,labsea,a_ice,0.15911
CMdev_BASE,2033,6,labsea,a_ice,0.04481
CMdev_BASE,2033,7,labsea,a_ice,0.00329
CMdev_BASE,2033,8,labsea,a_ice,0.00000
CMdev_BASE,2033,9,labsea,a_ice,0.00000
CMdev_BASE,2033,10,labsea,a_ice,0.00000
CMdev_BASE,2033,11,labsea,a_ice,0.00105
CMdev_BASE,2033,12,labsea,a_ice,0.06401
CMdev_BASE,2033,1,interior,a_ice,0.02355
CMdev_BASE,2033,2,interior,a_ice,0.02631
CMdev_BASE,2033,3,interior,a_ice,0.05062
CMdev_BASE,2033,4,interior,a_ice,0.03855
CMdev_BASE,2033,5,interior,a_ice,0.01554
CMdev_BASE,2033,6,interior,a_ice,0.00184
CMdev_BASE,2033,7,interior,a_ice,0.00000
CMdev_BASE,2033,8,interior,a_ice,0.00000
CMdev_BASE,2033,9,interior,a_ice,0.00000
CMdev_BASE,2033,10,interior,a_ice,0.00000
CMdev_BASE,2033,11,interior,a_ice,0.00000
CMdev_BASE,2033,12,interior,a_ice,0.00233
CMdev_BASE,2033,1,labsea,MLD2,1728.06497
CMdev_BASE,2033,2,labsea,MLD2,1781.62974
CMdev_BASE,2033,3,labsea,MLD2,1755.06992
CMdev_BASE,2033,4,labsea,MLD2,1750.32507
CMdev_BASE,2033,5,labsea,MLD2,463.45683
CMdev_BASE,2033,6,labsea,MLD2,17.61622
CMdev_BASE,2033,7,labsea,MLD2,10.05399
CMdev_BASE,2033,8,labsea,MLD2,15.63337
CMdev_BASE,2033,9,labsea,MLD2,20.50792
CMdev_BASE,2033,10,labsea,MLD2,31.87453
CMdev_BASE,2033,11,labsea,MLD2,246.97540
CMdev_BASE,2033,12,labsea,MLD2,1383.98159
CMdev_BASE,2033,1,interior,MLD2,2656.98775
CMdev_BASE,2033,2,interior,MLD2,2706.18579
CMdev_BASE,2033,3,interior,MLD2,2663.63097
CMdev_BASE,2033,4,interior,MLD2,2658.32743
CMdev_BASE,2033,5,interior,MLD2,961.91582
CMdev_BASE,2033,6,interior,MLD2,18.65556
CMdev_BASE,2033,7,interior,MLD2,10.33261
CMdev_BASE,2033,8,interior,MLD2,18.50610
CMdev_BASE,2033,9,interior,MLD2,22.16056
CMdev_BASE,2033,10,interior,MLD2,33.41569
CMdev_BASE,2033,11,interior,MLD2,579.16046
CMdev_BASE,2033,12,interior,MLD2,2649.40369
CMdev_BASE,2034,1,labsea,a_ice,0.11593
CMdev_BASE,2034,2,labsea,a_ice,0.15150
CMdev_BASE,2034,3,labsea,a_ice,0.13298
CMdev_BASE,2034,4,labsea,a_ice,0.11853
CMdev_BASE,2034,5,labsea,a_ice,0.04776
CMdev_BASE,2034,6,labsea,a_ice,0.00246
CMdev_BASE,2034,7,labsea,a_ice,0.00000
CMdev_BASE,2034,8,labsea,a_ice,0.00000
CMdev_BASE,2034,9,labsea,a_ice,0.00000
CMdev_BASE,2034,10,labsea,a_ice,0.00000
CMdev_BASE,2034,11,labsea,a_ice,0.00024
CMdev_BASE,2034,12,labsea,a_ice,0.02427
CMdev_BASE,2034,1,interior,a_ice,0.01182
CMdev_BASE,2034,2,interior,a_ice,0.01961
CMdev_BASE,2034,3,interior,a_ice,0.01231
CMdev_BASE,2034,4,interior,a_ice,0.01026
CMdev_BASE,2034,5,interior,a_ice,0.00114
CMdev_BASE,2034,6,interior,a_ice,0.00000
CMdev_BASE,2034,7,interior,a_ice,0.00000
CMdev_BASE,2034,8,interior,a_ice,0.00000
CMdev_BASE,2034,9,interior,a_ice,0.00000
CMdev_BASE,2034,10,interior,a_ice,0.00000
CMdev_BASE,2034,11,interior,a_ice,0.00000
CMdev_BASE,2034,12,interior,a_ice,0.00005
CMdev_BASE,2034,1,labsea,MLD2,1787.79946
CMdev_BASE,2034,2,labsea,MLD2,1823.81754
CMdev_BASE,2034,3,labsea,MLD2,1826.33262
CMdev_BASE,2034,4,labsea,MLD2,1712.47779
CMdev_BASE,2034,5,labsea,MLD2,408.89752
CMdev_BASE,2034,6,labsea,MLD2,16.45343
CMdev_BASE,2034,7,labsea,MLD2,15.33775
CMdev_BASE,2034,8,labsea,MLD2,15.31340
CMdev_BASE,2034,9,labsea,MLD2,22.56098
CMdev_BASE,2034,10,labsea,MLD2,34.10612
CMdev_BASE,2034,11,labsea,MLD2,102.71229
CMdev_BASE,2034,12,labsea,MLD2,964.61731
CMdev_BASE,2034,1,interior,MLD2,2718.12909
CMdev_BASE,2034,2,interior,MLD2,2721.91113
CMdev_BASE,2034,3,interior,MLD2,2725.16593
CMdev_BASE,2034,4,interior,MLD2,2674.67290
CMdev_BASE,2034,5,interior,MLD2,752.48470
CMdev_BASE,2034,6,interior,MLD2,17.53808
CMdev_BASE,2034,7,interior,MLD2,15.82831
CMdev_BASE,2034,8,interior,MLD2,15.36542
CMdev_BASE,2034,9,interior,MLD2,21.02511
CMdev_BASE,2034,10,interior,MLD2,33.78858
CMdev_BASE,2034,11,interior,MLD2,193.67925
CMdev_BASE,2034,12,interior,MLD2,2141.53387
CMdev_BASE,2035,1,labsea,a_ice,0.11388
CMdev_BASE,2035,2,labsea,a_ice,0.17094
CMdev_BASE,2035,3,labsea,a_ice,0.17530
CMdev_BASE,2035,4,labsea,a_ice,0.15286
CMdev_BASE,2035,5,labsea,a_ice,0.08410
CMdev_BASE,2035,6,labsea,a_ice,0.02540
CMdev_BASE,2035,7,labsea,a_ice,0.00155
CMdev_BASE,2035,8,labsea,a_ice,0.00000
CMdev_BASE,2035,9,labsea,a_ice,0.00000
CMdev_BASE,2035,10,labsea,a_ice,0.00000
CMdev_BASE,2035,11,labsea,a_ice,0.00008
CMdev_BASE,2035,12,labsea,a_ice,0.05703
CMdev_BASE,2035,1,interior,a_ice,0.00792
CMdev_BASE,2035,2,interior,a_ice,0.02256
CMdev_BASE,2035,3,interior,a_ice,0.05473
CMdev_BASE,2035,4,interior,a_ice,0.01230
CMdev_BASE,2035,5,interior,a_ice,0.00043
CMdev_BASE,2035,6,interior,a_ice,0.00000
CMdev_BASE,2035,7,interior,a_ice,0.00000
CMdev_BASE,2035,8,interior,a_ice,0.00000
CMdev_BASE,2035,9,interior,a_ice,0.00000
CMdev_BASE,2035,10,interior,a_ice,0.00000
CMdev_BASE,2035,11,interior,a_ice,0.00000
CMdev_BASE,2035,12,interior,a_ice,0.00348
CMdev_BASE,2035,1,labsea,MLD2,1669.42616
CMdev_BASE,2035,2,labsea,MLD2,1806.41571
CMdev_BASE,2035,3,labsea,MLD2,1726.93896
CMdev_BASE,2035,4,labsea,MLD2,1658.56664
CMdev_BASE,2035,5,labsea,MLD2,478.73636
CMdev_BASE,2035,6,labsea,MLD2,19.67741
CMdev_BASE,2035,7,labsea,MLD2,12.48125
CMdev_BASE,2035,8,labsea,MLD2,13.43225
CMdev_BASE,2035,9,labsea,MLD2,19.73407
CMdev_BASE,2035,10,labsea,MLD2,30.05887
CMdev_BASE,2035,11,labsea,MLD2,53.07249
CMdev_BASE,2035,12,labsea,MLD2,784.93687
CMdev_BASE,2035,1,interior,MLD2,2697.46481
CMdev_BASE,2035,2,interior,MLD2,2717.34736
CMdev_BASE,2035,3,interior,MLD2,2611.79701
CMdev_BASE,2035,4,interior,MLD2,2638.58289
CMdev_BASE,2035,5,interior,MLD2,1037.85033
CMdev_BASE,2035,6,interior,MLD2,23.11862
CMdev_BASE,2035,7,interior,MLD2,13.89461
CMdev_BASE,2035,8,interior,MLD2,14.28133
CMdev_BASE,2035,9,interior,MLD2,20.59900
CMdev_BASE,2035,10,interior,MLD2,32.06817
CMdev_BASE,2035,11,interior,MLD2,60.91153
CMdev_BASE,2035,12,interior,MLD2,1798.63593
CMdev_BASE,2036,1,labsea,a_ice,0.14610
CMdev_BASE,2036,2,labsea,a_ice,0.18508
CMdev_BASE,2036,3,labsea,a_ice,0.16913
CMdev_BASE,2036,4,labsea,a_ice,0.15234
CMdev_BASE,2036,5,labsea,a_ice,0.06488
CMdev_BASE,2036,6,labsea,a_ice,0.01842
CMdev_BASE,2036,7,labsea,a_ice,0.00004
CMdev_BASE,2036,8,labsea,a_ice,0.00000
CMdev_BASE,2036,9,labsea,a_ice,0.00000
CMdev_BASE,2036,10,labsea,a_ice,0.00035
CMdev_BASE,2036,11,labsea,a_ice,0.02974
CMdev_BASE,2036,12,labsea,a_ice,0.06775
CMdev_BASE,2036,1,interior,a_ice,0.02669
CMdev_BASE,2036,2,interior,a_ice,0.05284
CMdev_BASE,2036,3,interior,a_ice,0.04233
CMdev_BASE,2036,4,interior,a_ice,0.03433
CMdev_BASE,2036,5,interior,a_ice,0.00236
CMdev_BASE,2036,6,interior,a_ice,0.00000
CMdev_BASE,2036,7,interior,a_ice,0.00000
CMdev_BASE,2036,8,interior,a_ice,0.00000
CMdev_BASE,2036,9,interior,a_ice,0.00000
CMdev_BASE,2036,10,interior,a_ice,0.00000
CMdev_BASE,2036,11,interior,a_ice,0.00000
CMdev_BASE,2036,12,interior,a_ice,0.00001
CMdev_BASE,2036,1,labsea,MLD2,1615.35805
CMdev_BASE,2036,2,labsea,MLD2,1770.82154
CMdev_BASE,2036,3,labsea,MLD2,1744.42368
CMdev_BASE,2036,4,labsea,MLD2,1633.43736
CMdev_BASE,2036,5,labsea,MLD2,379.78062
CMdev_BASE,2036,6,labsea,MLD2,17.52654
CMdev_BASE,2036,7,labsea,MLD2,12.72366
CMdev_BASE,2036,8,labsea,MLD2,14.89427
CMdev_BASE,2036,9,labsea,MLD2,22.66169
CMdev_BASE,2036,10,labsea,MLD2,31.26418
CMdev_BASE,2036,11,labsea,MLD2,246.34346
CMdev_BASE,2036,12,labsea,MLD2,1018.76070
CMdev_BASE,2036,1,interior,MLD2,2682.31558
CMdev_BASE,2036,2,interior,MLD2,2649.30545
CMdev_BASE,2036,3,interior,MLD2,2633.13137
CMdev_BASE,2036,4,interior,MLD2,2521.02672
CMdev_BASE,2036,5,interior,MLD2,768.76707
CMdev_BASE,2036,6,interior,MLD2,22.21293
CMdev_BASE,2036,7,interior,MLD2,13.04003
CMdev_BASE,2036,8,interior,MLD2,15.26013
CMdev_BASE,2036,9,interior,MLD2,22.20291
CMdev_BASE,2036,10,interior,MLD2,33.33078
CMdev_BASE,2036,11,interior,MLD2,730.60233
CMdev_BASE,2036,12,interior,MLD2,2335.73385
CMdev_BASE,2037,1,labsea,a_ice,0.13385
CMdev_BASE,2037,2,labsea,a_ice,0.16898
CMdev_BASE,2037,3,labsea,a_ice,0.17130
CMdev_BASE,2037,4,labsea,a_ice,0.15364
CMdev_BASE,2037,5,labsea,a_ice,0.09449
CMdev_BASE,2037,6,labsea,a_ice,0.05262
CMdev_BASE,2037,7,labsea,a_ice,0.01161
CMdev_BASE,2037,8,labsea,a_ice,0.00000
CMdev_BASE,2037,9,labsea,a_ice,0.00000
CMdev_BASE,2037,10,labsea,a_ice,0.00000
CMdev_BASE,2037,11,labsea,a_ice,0.00020
CMdev_BASE,2037,12,labsea,a_ice,0.01400
CMdev_BASE,2037,1,interior,a_ice,0.01013
CMdev_BASE,2037,2,interior,a_ice,0.02946
CMdev_BASE,2037,3,interior,a_ice,0.03631
CMdev_BASE,2037,4,interior,a_ice,0.02641
CMdev_BASE,2037,5,interior,a_ice,0.00116
CMdev_BASE,2037,6,interior,a_ice,0.00001
CMdev_BASE,2037,7,interior,a_ice,0.00000
CMdev_BASE,2037,8,interior,a_ice,0.00000
CMdev_BASE,2037,9,interior,a_ice,0.00000
CMdev_BASE,2037,10,interior,a_ice,0.00000
CMdev_BASE,2037,11,interior,a_ice,0.00000
CMdev_BASE,2037,12,interior,a_ice,0.00003
CMdev_BASE,2037,1,labsea,MLD2,1672.50622
CMdev_BASE,2037,2,labsea,MLD2,1781.61275
CMdev_BASE,2037,3,labsea,MLD2,1762.34338
CMdev_BASE,2037,4,labsea,MLD2,1448.33485
CMdev_BASE,2037,5,labsea,MLD2,412.24245
CMdev_BASE,2037,6,labsea,MLD2,15.29810
CMdev_BASE,2037,7,labsea,MLD2,12.02109
CMdev_BASE,2037,8,labsea,MLD2,14.30641
CMdev_BASE,2037,9,labsea,MLD2,21.53236
CMdev_BASE,2037,10,labsea,MLD2,30.56067
CMdev_BASE,2037,11,labsea,MLD2,52.41269
CMdev_BASE,2037,12,labsea,MLD2,478.47725
CMdev_BASE,2037,1,interior,MLD2,2717.20579
CMdev_BASE,2037,2,interior,MLD2,2672.72555
CMdev_BASE,2037,3,interior,MLD2,2653.55162
CMdev_BASE,2037,4,interior,MLD2,2561.61160
CMdev_BASE,2037,5,interior,MLD2,1150.74805
CMdev_BASE,2037,6,interior,MLD2,17.13859
CMdev_BASE,2037,7,interior,MLD2,12.95036
CMdev_BASE,2037,8,interior,MLD2,15.72093
CMdev_BASE,2037,9,interior,MLD2,20.58747
CMdev_BASE,2037,10,interior,MLD2,30.35140
CMdev_BASE,2037,11,interior,MLD2,56.43715
CMdev_BASE,2037,12,interior,MLD2,1003.23655
CMdev_BASE,2038,1,labsea,a_ice,0.11468
CMdev_BASE,2038,2,labsea,a_ice,0.12572
CMdev_BASE,2038,3,labsea,a_ice,0.16465
CMdev_BASE,2038,4,labsea,a_ice,0.13537
CMdev_BASE,2038,5,labsea,a_ice,0.11509
CMdev_BASE,2038,6,labsea,a_ice,0.04216
CMdev_BASE,2038,7,labsea,a_ice,0.00213
CMdev_BASE,2038,8,labsea,a_ice,0.00000
CMdev_BASE,2038,9,labsea,a_ice,0.00000
CMdev_BASE,2038,10,labsea,a_ice,0.00000
CMdev_BASE,2038,11,labsea,a_ice,0.00060
CMdev_BASE,2038,12,labsea,a_ice,0.01472
CMdev_BASE,2038,1,interior,a_ice,0.00928
CMdev_BASE,2038,2,interior,a_ice,0.00714
CMdev_BASE,2038,3,interior,a_ice,0.01216
CMdev_BASE,2038,4,interior,a_ice,0.00134
CMdev_BASE,2038,5,interior,a_ice,0.00334
CMdev_BASE,2038,6,interior,a_ice,0.00282
CMdev_BASE,2038,7,interior,a_ice,0.00000
CMdev_BASE,2038,8,interior,a_ice,0.00000
CMdev_BASE,2038,9,interior,a_ice,0.00000
CMdev_BASE,2038,10,interior,a_ice,0.00000
CMdev_BASE,2038,11,interior,a_ice,0.00000
CMdev_BASE,2038,12,interior,a_ice,0.00000
CMdev_BASE,2038,1,labsea,MLD2,1626.08892
CMdev_BASE,2038,2,labsea,MLD2,1780.37835
CMdev_BASE,2038,3,labsea,MLD2,1673.35387
CMdev_BASE,2038,4,labsea,MLD2,1513.43431
CMdev_BASE,2038,5,labsea,MLD2,645.02319
CMdev_BASE,2038,6,labsea,MLD2,18.04616
CMdev_BASE,2038,7,labsea,MLD2,15.18651
CMdev_BASE,2038,8,labsea,MLD2,15.80149
CMdev_BASE,2038,9,labsea,MLD2,19.83835
CMdev_BASE,2038,10,labsea,MLD2,31.40206
CMdev_BASE,2038,11,labsea,MLD2,300.75692
CMdev_BASE,2038,12,labsea,MLD2,1079.23762
CMdev_BASE,2038,1,interior,MLD2,2698.69022
CMdev_BASE,2038,2,interior,MLD2,2696.46618
CMdev_BASE,2038,3,interior,MLD2,2599.96036
CMdev_BASE,2038,4,interior,MLD2,2559.07110
CMdev_BASE,2038,5,interior,MLD2,1307.24569
CMdev_BASE,2038,6,interior,MLD2,18.33059
CMdev_BASE,2038,7,interior,MLD2,16.40495
CMdev_BASE,2038,8,interior,MLD2,17.27513
CMdev_BASE,2038,9,interior,MLD2,20.00017
CMdev_BASE,2038,10,interior,MLD2,30.59794
CMdev_BASE,2038,11,interior,MLD2,773.33068
CMdev_BASE,2038,12,interior,MLD2,2417.35847
CMdev_BASE,2039,1,labsea,a_ice,0.10435
CMdev_BASE,2039,2,labsea,a_ice,0.18322
CMdev_BASE,2039,3,labsea,a_ice,0.17226
CMdev_BASE,2039,4,labsea,a_ice,0.12879
CMdev_BASE,2039,5,labsea,a_ice,0.07705
CMdev_BASE,2039,6,labsea,a_ice,0.03871
CMdev_BASE,2039,7,labsea,a_ice,0.00562
CMdev_BASE,2039,8,labsea,a_ice,0.00000
CMdev_BASE,2039,9,labsea,a_ice,0.00000
CMdev_BASE,2039,10,labsea,a_ice,0.00000
CMdev_BASE,2039,11,labsea,a_ice,0.00061
CMdev_BASE,2039,12,labsea,a_ice,0.03134
CMdev_BASE,2039,1,interior,a_ice,0.01209
CMdev_BASE,2039,2,interior,a_ice,0.02574
CMdev_BASE,2039,3,interior,a_ice,0.03417
CMdev_BASE,2039,4,interior,a_ice,0.02679
CMdev_BASE,2039,5,interior,a_ice,0.00647
CMdev_BASE,2039,6,interior,a_ice,0.00000
CMdev_BASE,2039,7,interior,a_ice,0.00000
CMdev_BASE,2039,8,interior,a_ice,0.00000
CMdev_BASE,2039,9,interior,a_ice,0.00000
CMdev_BASE,2039,10,interior,a_ice,0.00000
CMdev_BASE,2039,11,interior,a_ice,0.00000
CMdev_BASE,2039,12,interior,a_ice,0.00000
CMdev_BASE,2039,1,labsea,MLD2,1660.80306
CMdev_BASE,2039,2,labsea,MLD2,1753.20668
CMdev_BASE,2039,3,labsea,MLD2,1738.39199
CMdev_BASE,2039,4,labsea,MLD2,1631.59076
CMdev_BASE,2039,5,labsea,MLD2,523.03823
CMdev_BASE,2039,6,labsea,MLD2,17.18665
CMdev_BASE,2039,7,labsea,MLD2,10.69473
CMdev_BASE,2039,8,labsea,MLD2,11.30253
CMdev_BASE,2039,9,labsea,MLD2,19.22851
CMdev_BASE,2039,10,labsea,MLD2,32.70363
CMdev_BASE,2039,11,labsea,MLD2,114.73050
CMdev_BASE,2039,12,labsea,MLD2,985.22331
CMdev_BASE,2039,1,interior,MLD2,2713.49700
CMdev_BASE,2039,2,interior,MLD2,2672.15921
CMdev_BASE,2039,3,interior,MLD2,2641.07116
CMdev_BASE,2039,4,interior,MLD2,2561.24309
CMdev_BASE,2039,5,interior,MLD2,701.62916
CMdev_BASE,2039,6,interior,MLD2,18.94500
CMdev_BASE,2039,7,interior,MLD2,11.60539
CMdev_BASE,2039,8,interior,MLD2,11.69270
CMdev_BASE,2039,9,interior,MLD2,20.72478
CMdev_BASE,2039,10,interior,MLD2,35.65288
CMdev_BASE,2039,11,interior,MLD2,249.24612
CMdev_BASE,2039,12,interior,MLD2,2060.16483
