LR_meltpond_nofix20yr,1900,1,labsea,a_ice,0.22411
LR_meltpond_nofix20yr,1900,2,labsea,a_ice,0.38016
LR_meltpond_nofix20yr,1900,3,labsea,a_ice,0.42647
LR_meltpond_nofix20yr,1900,4,labsea,a_ice,0.38394
LR_meltpond_nofix20yr,1900,5,labsea,a_ice,0.29657
LR_meltpond_nofix20yr,1900,6,labsea,a_ice,0.09116
LR_meltpond_nofix20yr,1900,7,labsea,a_ice,0.00428
LR_meltpond_nofix20yr,1900,8,labsea,a_ice,0.00000
LR_meltpond_nofix20yr,1900,9,labsea,a_ice,0.00000
LR_meltpond_nofix20yr,1900,10,labsea,a_ice,0.00013
LR_meltpond_nofix20yr,1900,11,labsea,a_ice,0.01874
LR_meltpond_nofix20yr,1900,12,labsea,a_ice,0.09043
LR_meltpond_nofix20yr,1900,1,interior,a_ice,0.05424
LR_meltpond_nofix20yr,1900,2,interior,a_ice,0.30360
LR_meltpond_nofix20yr,1900,3,interior,a_ice,0.36651
LR_meltpond_nofix20yr,1900,4,interior,a_ice,0.27641
LR_meltpond_nofix20yr,1900,5,interior,a_ice,0.16709
LR_meltpond_nofix20yr,1900,6,interior,a_ice,0.01790
LR_meltpond_nofix20yr,1900,7,interior,a_ice,0.00000
LR_meltpond_nofix20yr,1900,8,interior,a_ice,0.00000
LR_meltpond_nofix20yr,1900,9,interior,a_ice,0.00000
LR_meltpond_nofix20yr,1900,10,interior,a_ice,0.00000
LR_meltpond_nofix20yr,1900,11,interior,a_ice,0.00000
LR_meltpond_nofix20yr,1900,12,interior,a_ice,0.01095
LR_meltpond_nofix20yr,1900,1,labsea,MLD2,613.25910
LR_meltpond_nofix20yr,1900,2,labsea,MLD2,1032.13550
LR_meltpond_nofix20yr,1900,3,labsea,MLD2,1053.57769
LR_meltpond_nofix20yr,1900,4,labsea,MLD2,1003.00958
LR_meltpond_nofix20yr,1900,5,labsea,MLD2,596.77706
LR_meltpond_nofix20yr,1900,6,labsea,MLD2,21.49982
LR_meltpond_nofix20yr,1900,7,labsea,MLD2,16.60132
LR_meltpond_nofix20yr,1900,8,labsea,MLD2,17.18836
LR_meltpond_nofix20yr,1900,9,labsea,MLD2,19.07385
LR_meltpond_nofix20yr,1900,10,labsea,MLD2,23.49393
LR_meltpond_nofix20yr,1900,11,labsea,MLD2,38.24857
LR_meltpond_nofix20yr,1900,12,labsea,MLD2,126.02855
LR_meltpond_nofix20yr,1900,1,interior,MLD2,1049.40655
LR_meltpond_nofix20yr,1900,2,interior,MLD2,1575.08971
LR_meltpond_nofix20yr,1900,3,interior,MLD2,1466.89029
LR_meltpond_nofix20yr,1900,4,interior,MLD2,1608.38954
LR_meltpond_nofix20yr,1900,5,interior,MLD2,1037.79137
LR_meltpond_nofix20yr,1900,6,interior,MLD2,24.51453
LR_meltpond_nofix20yr,1900,7,interior,MLD2,18.61887
LR_meltpond_nofix20yr,1900,8,interior,MLD2,19.38597
LR_meltpond_nofix20yr,1900,9,interior,MLD2,21.43870
LR_meltpond_nofix20yr,1900,10,interior,MLD2,26.65094
LR_meltpond_nofix20yr,1900,11,interior,MLD2,42.05380
LR_meltpond_nofix20yr,1900,12,interior,MLD2,170.98565
LR_meltpond_nofix20yr,1901,1,labsea,a_ice,0.19184
LR_meltpond_nofix20yr,1901,2,labsea,a_ice,0.23084
LR_meltpond_nofix20yr,1901,3,labsea,a_ice,0.22037
LR_meltpond_nofix20yr,1901,4,labsea,a_ice,0.18801
LR_meltpond_nofix20yr,1901,5,labsea,a_ice,0.10945
LR_meltpond_nofix20yr,1901,6,labsea,a_ice,0.05463
LR_meltpond_nofix20yr,1901,7,labsea,a_ice,0.01212
LR_meltpond_nofix20yr,1901,8,labsea,a_ice,0.00001
LR_meltpond_nofix20yr,1901,9,labsea,a_ice,0.00000
LR_meltpond_nofix20yr,1901,10,labsea,a_ice,0.00133
LR_meltpond_nofix20yr,1901,11,labsea,a_ice,0.03933
LR_meltpond_nofix20yr,1901,12,labsea,a_ice,0.13730
LR_meltpond_nofix20yr,1901,1,interior,a_ice,0.03478
LR_meltpond_nofix20yr,1901,2,interior,a_ice,0.05327
LR_meltpond_nofix20yr,1901,3,interior,a_ice,0.11199
LR_meltpond_nofix20yr,1901,4,interior,a_ice,0.09021
LR_meltpond_nofix20yr,1901,5,interior,a_ice,0.00639
LR_meltpond_nofix20yr,1901,6,interior,a_ice,0.00059
LR_meltpond_nofix20yr,1901,7,interior,a_ice,0.00000
LR_meltpond_nofix20yr,1901,8,interior,a_ice,0.00000
LR_meltpond_nofix20yr,1901,9,interior,a_ice,0.00000
LR_meltpond_nofix20yr,1901,10,interior,a_ice,0.00000
LR_meltpond_nofix20yr,1901,11,interior,a_ice,0.00000
LR_meltpond_nofix20yr,1901,12,interior,a_ice,0.01828
LR_meltpond_nofix20yr,1901,1,labsea,MLD2,444.72776
LR_meltpond_nofix20yr,1901,2,labsea,MLD2,690.06076
LR_meltpond_nofix20yr,1901,3,labsea,MLD2,605.53235
LR_meltpond_nofix20yr,1901,4,labsea,MLD2,426.15930
LR_meltpond_nofix20yr,1901,5,labsea,MLD2,61.14829
LR_meltpond_nofix20yr,1901,6,labsea,MLD2,19.96187
LR_meltpond_nofix20yr,1901,7,labsea,MLD2,10.99210
LR_meltpond_nofix20yr,1901,8,labsea,MLD2,14.94631
LR_meltpond_nofix20yr,1901,9,labsea,MLD2,17.68641
LR_meltpond_nofix20yr,1901,10,labsea,MLD2,28.28385
LR_meltpond_nofix20yr,1901,11,labsea,MLD2,40.47956
LR_meltpond_nofix20yr,1901,12,labsea,MLD2,121.94725
LR_meltpond_nofix20yr,1901,1,interior,MLD2,992.40454
LR_meltpond_nofix20yr,1901,2,interior,MLD2,1624.07369
LR_meltpond_nofix20yr,1901,3,interior,MLD2,1479.57304
LR_meltpond_nofix20yr,1901,4,interior,MLD2,1097.79130
LR_meltpond_nofix20yr,1901,5,interior,MLD2,153.82684
LR_meltpond_nofix20yr,1901,6,interior,MLD2,22.91557
LR_meltpond_nofix20yr,1901,7,interior,MLD2,11.61787
LR_meltpond_nofix20yr,1901,8,interior,MLD2,15.51850
LR_meltpond_nofix20yr,1901,9,interior,MLD2,17.33985
LR_meltpond_nofix20yr,1901,10,interior,MLD2,26.68243
LR_meltpond_nofix20yr,1901,11,interior,MLD2,41.96648
LR_meltpond_nofix20yr,1901,12,interior,MLD2,253.61777
LR_meltpond_nofix20yr,1902,1,labsea,a_ice,0.28218
LR_meltpond_nofix20yr,1902,2,labsea,a_ice,0.40154
LR_meltpond_nofix20yr,1902,3,labsea,a_ice,0.45384
LR_meltpond_nofix20yr,1902,4,labsea,a_ice,0.43200
LR_meltpond_nofix20yr,1902,5,labsea,a_ice,0.32001
LR_meltpond_nofix20yr,1902,6,labsea,a_ice,0.11290
LR_meltpond_nofix20yr,1902,7,labsea,a_ice,0.00868
LR_meltpond_nofix20yr,1902,8,labsea,a_ice,0.00000
LR_meltpond_nofix20yr,1902,9,labsea,a_ice,0.00000
LR_meltpond_nofix20yr,1902,10,labsea,a_ice,0.00006
LR_meltpond_nofix20yr,1902,11,labsea,a_ice,0.01671
LR_meltpond_nofix20yr,1902,12,labsea,a_ice,0.18670
LR_meltpond_nofix20yr,1902,1,interior,a_ice,0.10896
LR_meltpond_nofix20yr,1902,2,interior,a_ice,0.19316
LR_meltpond_nofix20yr,1902,3,interior,a_ice,0.30435
LR_meltpond_nofix20yr,1902,4,interior,a_ice,0.39459
LR_meltpond_nofix20yr,1902,5,interior,a_ice,0.24846
LR_meltpond_nofix20yr,1902,6,interior,a_ice,0.04141
LR_meltpond_nofix20yr,1902,7,interior,a_ice,0.00082
LR_meltpond_nofix20yr,1902,8,interior,a_ice,0.00000
LR_meltpond_nofix20yr,1902,9,interior,a_ice,0.00000
LR_meltpond_nofix20yr,1902,10,interior,a_ice,0.00000
LR_meltpond_nofix20yr,1902,11,interior,a_ice,0.00001
LR_meltpond_nofix20yr,1902,12,interior,a_ice,0.08210
LR_meltpond_nofix20yr,1902,1,labsea,MLD2,364.47454
LR_meltpond_nofix20yr,1902,2,labsea,MLD2,572.90812
LR_meltpond_nofix20yr,1902,3,labsea,MLD2,623.54057
LR_meltpond_nofix20yr,1902,4,labsea,MLD2,448.40875
LR_meltpond_nofix20yr,1902,5,labsea,MLD2,223.13255
LR_meltpond_nofix20yr,1902,6,labsea,MLD2,12.79594
LR_meltpond_nofix20yr,1902,7,labsea,MLD2,11.99059
LR_meltpond_nofix20yr,1902,8,labsea,MLD2,12.48974
LR_meltpond_nofix20yr,1902,9,labsea,MLD2,19.21282
LR_meltpond_nofix20yr,1902,10,labsea,MLD2,25.92508
LR_meltpond_nofix20yr,1902,11,labsea,MLD2,33.41667
LR_meltpond_nofix20yr,1902,12,labsea,MLD2,49.81502
LR_meltpond_nofix20yr,1902,1,interior,MLD2,795.65917
LR_meltpond_nofix20yr,1902,2,interior,MLD2,1245.19510
LR_meltpond_nofix20yr,1902,3,interior,MLD2,1372.05259
LR_meltpond_nofix20yr,1902,4,interior,MLD2,848.58721
LR_meltpond_nofix20yr,1902,5,interior,MLD2,407.83563
LR_meltpond_nofix20yr,1902,6,interior,MLD2,12.38522
LR_meltpond_nofix20yr,1902,7,interior,MLD2,13.05333
LR_meltpond_nofix20yr,1902,8,interior,MLD2,13.94540
LR_meltpond_nofix20yr,1902,9,interior,MLD2,22.02892
LR_meltpond_nofix20yr,1902,10,interior,MLD2,26.78315
LR_meltpond_nofix20yr,1902,11,interior,MLD2,33.25602
LR_meltpond_nofix20yr,1902,12,interior,MLD2,50.14702
LR_meltpond_nofix20yr,1903,1,labsea,a_ice,0.41143
LR_meltpond_nofix20yr,1903,2,labsea,a_ice,0.52857
LR_meltpond_nofix20yr,1903,3,labsea,a_ice,0.60029
LR_meltpond_nofix20yr,1903,4,labsea,a_ice,0.50839
LR_meltpond_nofix20yr,1903,5,labsea,a_ice,0.34933
LR_meltpond_nofix20yr,1903,6,labsea,a_ice,0.20566
LR_meltpond_nofix20yr,1903,7,labsea,a_ice,0.04585
LR_meltpond_nofix20yr,1903,8,labsea,a_ice,0.00000
LR_meltpond_nofix20yr,1903,9,labsea,a_ice,0.00000
LR_meltpond_nofix20yr,1903,10,labsea,a_ice,0.00001
LR_meltpond_nofix20yr,1903,11,labsea,a_ice,0.05558
LR_meltpond_nofix20yr,1903,12,labsea,a_ice,0.20437
LR_meltpond_nofix20yr,1903,1,interior,a_ice,0.30082
LR_meltpond_nofix20yr,1903,2,interior,a_ice,0.41586
LR_meltpond_nofix20yr,1903,3,interior,a_ice,0.53113
LR_meltpond_nofix20yr,1903,4,interior,a_ice,0.54080
LR_meltpond_nofix20yr,1903,5,interior,a_ice,0.32505
LR_meltpond_nofix20yr,1903,6,interior,a_ice,0.07473
LR_meltpond_nofix20yr,1903,7,interior,a_ice,0.00323
LR_meltpond_nofix20yr,1903,8,interior,a_ice,0.00000
LR_meltpond_nofix20yr,1903,9,interior,a_ice,0.00000
LR_meltpond_nofix20yr,1903,10,interior,a_ice,0.00000
LR_meltpond_nofix20yr,1903,11,interior,a_ice,0.00956
LR_meltpond_nofix20yr,1903,12,interior,a_ice,0.05125
LR_meltpond_nofix20yr,1903,1,labsea,MLD2,186.01963
LR_meltpond_nofix20yr,1903,2,labsea,MLD2,511.62585
LR_meltpond_nofix20yr,1903,3,labsea,MLD2,615.90188
LR_meltpond_nofix20yr,1903,4,labsea,MLD2,459.63174
LR_meltpond_nofix20yr,1903,5,labsea,MLD2,175.17135
LR_meltpond_nofix20yr,1903,6,labsea,MLD2,13.54352
LR_meltpond_nofix20yr,1903,7,labsea,MLD2,10.60792
LR_meltpond_nofix20yr,1903,8,labsea,MLD2,14.13036
LR_meltpond_nofix20yr,1903,9,labsea,MLD2,18.07841
LR_meltpond_nofix20yr,1903,10,labsea,MLD2,26.45450
LR_meltpond_nofix20yr,1903,11,labsea,MLD2,50.51108
LR_meltpond_nofix20yr,1903,12,labsea,MLD2,265.38953
LR_meltpond_nofix20yr,1903,1,interior,MLD2,391.71361
LR_meltpond_nofix20yr,1903,2,interior,MLD2,940.37825
LR_meltpond_nofix20yr,1903,3,interior,MLD2,847.62438
LR_meltpond_nofix20yr,1903,4,interior,MLD2,628.33697
LR_meltpond_nofix20yr,1903,5,interior,MLD2,233.67153
LR_meltpond_nofix20yr,1903,6,interior,MLD2,13.84346
LR_meltpond_nofix20yr,1903,7,interior,MLD2,11.76684
LR_meltpond_nofix20yr,1903,8,interior,MLD2,16.19087
LR_meltpond_nofix20yr,1903,9,interior,MLD2,18.70915
LR_meltpond_nofix20yr,1903,10,interior,MLD2,26.21057
LR_meltpond_nofix20yr,1903,11,interior,MLD2,46.75404
LR_meltpond_nofix20yr,1903,12,interior,MLD2,292.04050
LR_meltpond_nofix20yr,1904,1,labsea,a_ice,0.27647
LR_meltpond_nofix20yr,1904,2,labsea,a_ice,0.32184
LR_meltpond_nofix20yr,1904,3,labsea,a_ice,0.34740
LR_meltpond_nofix20yr,1904,4,labsea,a_ice,0.31581
LR_meltpond_nofix20yr,1904,5,labsea,a_ice,0.22569
LR_meltpond_nofix20yr,1904,6,labsea,a_ice,0.12103
LR_meltpond_nofix20yr,1904,7,labsea,a_ice,0.02342
LR_meltpond_nofix20yr,1904,8,labsea,a_ice,0.00000
LR_meltpond_nofix20yr,1904,9,labsea,a_ice,0.00000
LR_meltpond_nofix20yr,1904,10,labsea,a_ice,0.00006
LR_meltpond_nofix20yr,1904,11,labsea,a_ice,0.02639
LR_meltpond_nofix20yr,1904,12,labsea,a_ice,0.12766
LR_meltpond_nofix20yr,1904,1,interior,a_ice,0.08310
LR_meltpond_nofix20yr,1904,2,interior,a_ice,0.12158
LR_meltpond_nofix20yr,1904,3,interior,a_ice,0.16125
LR_meltpond_nofix20yr,1904,4,interior,a_ice,0.10034
LR_meltpond_nofix20yr,1904,5,interior,a_ice,0.09568
LR_meltpond_nofix20yr,1904,6,interior,a_ice,0.01363
LR_meltpond_nofix20yr,1904,7,interior,a_ice,0.00005
LR_meltpond_nofix20yr,1904,8,interior,a_ice,0.00000
LR_meltpond_nofix20yr,1904,9,interior,a_ice,0.00000
LR_meltpond_nofix20yr,1904,10,interior,a_ice,0.00000
LR_meltpond_nofix20yr,1904,11,interior,a_ice,0.00010
LR_meltpond_nofix20yr,1904,12,interior,a_ice,0.02963
LR_meltpond_nofix20yr,1904,1,labsea,MLD2,716.68585
LR_meltpond_nofix20yr,1904,2,labsea,MLD2,990.93586
LR_meltpond_nofix20yr,1904,3,labsea,MLD2,1011.19592
LR_meltpond_nofix20yr,1904,4,labsea,MLD2,763.92691
LR_meltpond_nofix20yr,1904,5,labsea,MLD2,98.06537
LR_meltpond_nofix20yr,1904,6,labsea,MLD2,15.53226
LR_meltpond_nofix20yr,1904,7,labsea,MLD2,12.47236
LR_meltpond_nofix20yr,1904,8,labsea,MLD2,14.52230
LR_meltpond_nofix20yr,1904,9,labsea,MLD2,18.62674
LR_meltpond_nofix20yr,1904,10,labsea,MLD2,28.16602
LR_meltpond_nofix20yr,1904,11,labsea,MLD2,42.46020
LR_meltpond_nofix20yr,1904,12,labsea,MLD2,283.82791
LR_meltpond_nofix20yr,1904,1,interior,MLD2,1238.32680
LR_meltpond_nofix20yr,1904,2,interior,MLD2,1668.57123
LR_meltpond_nofix20yr,1904,3,interior,MLD2,1729.63014
LR_meltpond_nofix20yr,1904,4,interior,MLD2,1413.61035
LR_meltpond_nofix20yr,1904,5,interior,MLD2,249.66220
LR_meltpond_nofix20yr,1904,6,interior,MLD2,17.64380
LR_meltpond_nofix20yr,1904,7,interior,MLD2,14.35679
LR_meltpond_nofix20yr,1904,8,interior,MLD2,15.70622
LR_meltpond_nofix20yr,1904,9,interior,MLD2,19.15004
LR_meltpond_nofix20yr,1904,10,interior,MLD2,29.28601
LR_meltpond_nofix20yr,1904,11,interior,MLD2,49.69716
LR_meltpond_nofix20yr,1904,12,interior,MLD2,525.19769
LR_meltpond_nofix20yr,1905,1,labsea,a_ice,0.24650
LR_meltpond_nofix20yr,1905,2,labsea,a_ice,0.31664
LR_meltpond_nofix20yr,1905,3,labsea,a_ice,0.31236
LR_meltpond_nofix20yr,1905,4,labsea,a_ice,0.30272
LR_meltpond_nofix20yr,1905,5,labsea,a_ice,0.20216
LR_meltpond_nofix20yr,1905,6,labsea,a_ice,0.08527
LR_meltpond_nofix20yr,1905,7,labsea,a_ice,0.00536
LR_meltpond_nofix20yr,1905,8,labsea,a_ice,0.00000
LR_meltpond_nofix20yr,1905,9,labsea,a_ice,0.00000
LR_meltpond_nofix20yr,1905,10,labsea,a_ice,0.00000
LR_meltpond_nofix20yr,1905,11,labsea,a_ice,0.00677
LR_meltpond_nofix20yr,1905,12,labsea,a_ice,0.06542
LR_meltpond_nofix20yr,1905,1,interior,a_ice,0.08156
LR_meltpond_nofix20yr,1905,2,interior,a_ice,0.16085
LR_meltpond_nofix20yr,1905,3,interior,a_ice,0.09505
LR_meltpond_nofix20yr,1905,4,interior,a_ice,0.11798
LR_meltpond_nofix20yr,1905,5,interior,a_ice,0.05124
LR_meltpond_nofix20yr,1905,6,interior,a_ice,0.02039
LR_meltpond_nofix20yr,1905,7,interior,a_ice,0.00006
LR_meltpond_nofix20yr,1905,8,interior,a_ice,0.00000
LR_meltpond_nofix20yr,1905,9,interior,a_ice,0.00000
LR_meltpond_nofix20yr,1905,10,interior,a_ice,0.00000
LR_meltpond_nofix20yr,1905,11,interior,a_ice,0.00000
LR_meltpond_nofix20yr,1905,12,interior,a_ice,0.00693
LR_meltpond_nofix20yr,1905,1,labsea,MLD2,827.15096
LR_meltpond_nofix20yr,1905,2,labsea,MLD2,1156.32152
LR_meltpond_nofix20yr,1905,3,labsea,MLD2,1183.84755
LR_meltpond_nofix20yr,1905,4,labsea,MLD2,1060.84363
LR_meltpond_nofix20yr,1905,5,labsea,MLD2,488.52899
LR_meltpond_nofix20yr,1905,6,labsea,MLD2,16.86493
LR_meltpond_nofix20yr,1905,7,labsea,MLD2,12.58267
LR_meltpond_nofix20yr,1905,8,labsea,MLD2,11.16690
LR_meltpond_nofix20yr,1905,9,labsea,MLD2,18.78423
LR_meltpond_nofix20yr,1905,10,labsea,MLD2,27.74704
LR_meltpond_nofix20yr,1905,11,labsea,MLD2,43.81669
LR_meltpond_nofix20yr,1905,12,labsea,MLD2,203.47121
LR_meltpond_nofix20yr,1905,1,interior,MLD2,1615.91750
LR_meltpond_nofix20yr,1905,2,interior,MLD2,1888.25390
LR_meltpond_nofix20yr,1905,3,interior,MLD2,2009.37624
LR_meltpond_nofix20yr,1905,4,interior,MLD2,1833.04685
LR_meltpond_nofix20yr,1905,5,interior,MLD2,857.81843
LR_meltpond_nofix20yr,1905,6,interior,MLD2,23.82218
LR_meltpond_nofix20yr,1905,7,interior,MLD2,14.01914
LR_meltpond_nofix20yr,1905,8,interior,MLD2,12.44242
LR_meltpond_nofix20yr,1905,9,interior,MLD2,17.47049
LR_meltpond_nofix20yr,1905,10,interior,MLD2,28.57917
LR_meltpond_nofix20yr,1905,11,interior,MLD2,54.46799
LR_meltpond_nofix20yr,1905,12,interior,MLD2,327.44607
LR_meltpond_nofix20yr,1906,1,labsea,a_ice,0.18302
LR_meltpond_nofix20yr,1906,2,labsea,a_ice,0.25838
LR_meltpond_nofix20yr,1906,3,labsea,a_ice,0.24017
LR_meltpond_nofix20yr,1906,4,labsea,a_ice,0.25845
LR_meltpond_nofix20yr,1906,5,labsea,a_ice,0.18656
LR_meltpond_nofix20yr,1906,6,labsea,a_ice,0.07026
LR_meltpond_nofix20yr,1906,7,labsea,a_ice,0.01411
LR_meltpond_nofix20yr,1906,8,labsea,a_ice,0.00000
LR_meltpond_nofix20yr,1906,9,labsea,a_ice,0.00000
LR_meltpond_nofix20yr,1906,10,labsea,a_ice,0.00009
LR_meltpond_nofix20yr,1906,11,labsea,a_ice,0.00901
LR_meltpond_nofix20yr,1906,12,labsea,a_ice,0.12424
LR_meltpond_nofix20yr,1906,1,interior,a_ice,0.04860
LR_meltpond_nofix20yr,1906,2,interior,a_ice,0.05607
LR_meltpond_nofix20yr,1906,3,interior,a_ice,0.07450
LR_meltpond_nofix20yr,1906,4,interior,a_ice,0.04353
LR_meltpond_nofix20yr,1906,5,interior,a_ice,0.01747
LR_meltpond_nofix20yr,1906,6,interior,a_ice,0.00012
LR_meltpond_nofix20yr,1906,7,interior,a_ice,0.00000
LR_meltpond_nofix20yr,1906,8,interior,a_ice,0.00000
LR_meltpond_nofix20yr,1906,9,interior,a_ice,0.00000
LR_meltpond_nofix20yr,1906,10,interior,a_ice,0.00000
LR_meltpond_nofix20yr,1906,11,interior,a_ice,0.00000
LR_meltpond_nofix20yr,1906,12,interior,a_ice,0.02880
LR_meltpond_nofix20yr,1906,1,labsea,MLD2,510.11303
LR_meltpond_nofix20yr,1906,2,labsea,MLD2,844.09392
LR_meltpond_nofix20yr,1906,3,labsea,MLD2,778.94125
LR_meltpond_nofix20yr,1906,4,labsea,MLD2,724.54152
LR_meltpond_nofix20yr,1906,5,labsea,MLD2,110.65812
LR_meltpond_nofix20yr,1906,6,labsea,MLD2,21.14524
LR_meltpond_nofix20yr,1906,7,labsea,MLD2,15.39347
LR_meltpond_nofix20yr,1906,8,labsea,MLD2,15.42349
LR_meltpond_nofix20yr,1906,9,labsea,MLD2,18.06611
LR_meltpond_nofix20yr,1906,10,labsea,MLD2,27.36775
LR_meltpond_nofix20yr,1906,11,labsea,MLD2,41.73028
LR_meltpond_nofix20yr,1906,12,labsea,MLD2,265.19348
LR_meltpond_nofix20yr,1906,1,interior,MLD2,982.14374
LR_meltpond_nofix20yr,1906,2,interior,MLD2,1717.28481
LR_meltpond_nofix20yr,1906,3,interior,MLD2,1680.02249
LR_meltpond_nofix20yr,1906,4,interior,MLD2,1658.05021
LR_meltpond_nofix20yr,1906,5,interior,MLD2,311.36949
LR_meltpond_nofix20yr,1906,6,interior,MLD2,29.59363
LR_meltpond_nofix20yr,1906,7,interior,MLD2,18.47315
LR_meltpond_nofix20yr,1906,8,interior,MLD2,15.99550
LR_meltpond_nofix20yr,1906,9,interior,MLD2,19.38250
LR_meltpond_nofix20yr,1906,10,interior,MLD2,28.42216
LR_meltpond_nofix20yr,1906,11,interior,MLD2,48.08239
LR_meltpond_nofix20yr,1906,12,interior,MLD2,494.61512
LR_meltpond_nofix20yr,1907,1,labsea,a_ice,0.31915
LR_meltpond_nofix20yr,1907,2,labsea,a_ice,0.35313
LR_meltpond_nofix20yr,1907,3,labsea,a_ice,0.45823
LR_meltpond_nofix20yr,1907,4,labsea,a_ice,0.47022
LR_meltpond_nofix20yr,1907,5,labsea,a_ice,0.41292
LR_meltpond_nofix20yr,1907,6,labsea,a_ice,0.21632
LR_meltpond_nofix20yr,1907,7,labsea,a_ice,0.04584
LR_meltpond_nofix20yr,1907,8,labsea,a_ice,0.00502
LR_meltpond_nofix20yr,1907,9,labsea,a_ice,0.00000
LR_meltpond_nofix20yr,1907,10,labsea,a_ice,0.00000
LR_meltpond_nofix20yr,1907,11,labsea,a_ice,0.01774
LR_meltpond_nofix20yr,1907,12,labsea,a_ice,0.20623
LR_meltpond_nofix20yr,1907,1,interior,a_ice,0.15105
LR_meltpond_nofix20yr,1907,2,interior,a_ice,0.14061
LR_meltpond_nofix20yr,1907,3,interior,a_ice,0.34813
LR_meltpond_nofix20yr,1907,4,interior,a_ice,0.46327
LR_meltpond_nofix20yr,1907,5,interior,a_ice,0.43740
LR_meltpond_nofix20yr,1907,6,interior,a_ice,0.10987
LR_meltpond_nofix20yr,1907,7,interior,a_ice,0.00060
LR_meltpond_nofix20yr,1907,8,interior,a_ice,0.00000
LR_meltpond_nofix20yr,1907,9,interior,a_ice,0.00000
LR_meltpond_nofix20yr,1907,10,interior,a_ice,0.00000
LR_meltpond_nofix20yr,1907,11,interior,a_ice,0.00014
LR_meltpond_nofix20yr,1907,12,interior,a_ice,0.05091
LR_meltpond_nofix20yr,1907,1,labsea,MLD2,910.75876
LR_meltpond_nofix20yr,1907,2,labsea,MLD2,1058.81940
LR_meltpond_nofix20yr,1907,3,labsea,MLD2,967.21357
LR_meltpond_nofix20yr,1907,4,labsea,MLD2,553.97628
LR_meltpond_nofix20yr,1907,5,labsea,MLD2,182.09403
LR_meltpond_nofix20yr,1907,6,labsea,MLD2,14.51979
LR_meltpond_nofix20yr,1907,7,labsea,MLD2,13.91224
LR_meltpond_nofix20yr,1907,8,labsea,MLD2,13.86634
LR_meltpond_nofix20yr,1907,9,labsea,MLD2,18.68334
LR_meltpond_nofix20yr,1907,10,labsea,MLD2,29.42104
LR_meltpond_nofix20yr,1907,11,labsea,MLD2,40.91645
LR_meltpond_nofix20yr,1907,12,labsea,MLD2,300.54601
LR_meltpond_nofix20yr,1907,1,interior,MLD2,1582.34730
LR_meltpond_nofix20yr,1907,2,interior,MLD2,1888.86753
LR_meltpond_nofix20yr,1907,3,interior,MLD2,1391.52208
LR_meltpond_nofix20yr,1907,4,interior,MLD2,606.16280
LR_meltpond_nofix20yr,1907,5,interior,MLD2,93.43056
LR_meltpond_nofix20yr,1907,6,interior,MLD2,12.48453
LR_meltpond_nofix20yr,1907,7,interior,MLD2,14.37634
LR_meltpond_nofix20yr,1907,8,interior,MLD2,15.42674
LR_meltpond_nofix20yr,1907,9,interior,MLD2,18.30030
LR_meltpond_nofix20yr,1907,10,interior,MLD2,29.53403
LR_meltpond_nofix20yr,1907,11,interior,MLD2,47.12857
LR_meltpond_nofix20yr,1907,12,interior,MLD2,663.54681
LR_meltpond_nofix20yr,1908,1,labsea,a_ice,0.31584
LR_meltpond_nofix20yr,1908,2,labsea,a_ice,0.41987
LR_meltpond_nofix20yr,1908,3,labsea,a_ice,0.49536
LR_meltpond_nofix20yr,1908,4,labsea,a_ice,0.41921
LR_meltpond_nofix20yr,1908,5,labsea,a_ice,0.28148
LR_meltpond_nofix20yr,1908,6,labsea,a_ice,0.12294
LR_meltpond_nofix20yr,1908,7,labsea,a_ice,0.01595
LR_meltpond_nofix20yr,1908,8,labsea,a_ice,0.00000
LR_meltpond_nofix20yr,1908,9,labsea,a_ice,0.00000
LR_meltpond_nofix20yr,1908,10,labsea,a_ice,0.00000
LR_meltpond_nofix20yr,1908,11,labsea,a_ice,0.01655
LR_meltpond_nofix20yr,1908,12,labsea,a_ice,0.12915
LR_meltpond_nofix20yr,1908,1,interior,a_ice,0.09261
LR_meltpond_nofix20yr,1908,2,interior,a_ice,0.22192
LR_meltpond_nofix20yr,1908,3,interior,a_ice,0.44776
LR_meltpond_nofix20yr,1908,4,interior,a_ice,0.28592
LR_meltpond_nofix20yr,1908,5,interior,a_ice,0.13834
LR_meltpond_nofix20yr,1908,6,interior,a_ice,0.02888
LR_meltpond_nofix20yr,1908,7,interior,a_ice,0.00019
LR_meltpond_nofix20yr,1908,8,interior,a_ice,0.00000
LR_meltpond_nofix20yr,1908,9,interior,a_ice,0.00000
LR_meltpond_nofix20yr,1908,10,interior,a_ice,0.00000
LR_meltpond_nofix20yr,1908,11,interior,a_ice,0.00000
LR_meltpond_nofix20yr,1908,12,interior,a_ice,0.00696
LR_meltpond_nofix20yr,1908,1,labsea,MLD2,569.91833
LR_meltpond_nofix20yr,1908,2,labsea,MLD2,646.49081
LR_meltpond_nofix20yr,1908,3,labsea,MLD2,594.56745
LR_meltpond_nofix20yr,1908,4,labsea,MLD2,380.76026
LR_meltpond_nofix20yr,1908,5,labsea,MLD2,81.84478
LR_meltpond_nofix20yr,1908,6,labsea,MLD2,10.90964
LR_meltpond_nofix20yr,1908,7,labsea,MLD2,13.40638
LR_meltpond_nofix20yr,1908,8,labsea,MLD2,15.69766
LR_meltpond_nofix20yr,1908,9,labsea,MLD2,18.60388
LR_meltpond_nofix20yr,1908,10,labsea,MLD2,25.55795
LR_meltpond_nofix20yr,1908,11,labsea,MLD2,33.96295
LR_meltpond_nofix20yr,1908,12,labsea,MLD2,214.12021
LR_meltpond_nofix20yr,1908,1,interior,MLD2,1265.08181
LR_meltpond_nofix20yr,1908,2,interior,MLD2,1335.67416
LR_meltpond_nofix20yr,1908,3,interior,MLD2,931.80130
LR_meltpond_nofix20yr,1908,4,interior,MLD2,629.38425
LR_meltpond_nofix20yr,1908,5,interior,MLD2,153.18146
LR_meltpond_nofix20yr,1908,6,interior,MLD2,10.14076
LR_meltpond_nofix20yr,1908,7,interior,MLD2,15.09612
LR_meltpond_nofix20yr,1908,8,interior,MLD2,19.08373
LR_meltpond_nofix20yr,1908,9,interior,MLD2,21.07627
LR_meltpond_nofix20yr,1908,10,interior,MLD2,28.94599
LR_meltpond_nofix20yr,1908,11,interior,MLD2,38.64759
LR_meltpond_nofix20yr,1908,12,interior,MLD2,383.85191
LR_meltpond_nofix20yr,1909,1,labsea,a_ice,0.28169
LR_meltpond_nofix20yr,1909,2,labsea,a_ice,0.34857
LR_meltpond_nofix20yr,1909,3,labsea,a_ice,0.29719
LR_meltpond_nofix20yr,1909,4,labsea,a_ice,0.28717
LR_meltpond_nofix20yr,1909,5,labsea,a_ice,0.24695
LR_meltpond_nofix20yr,1909,6,labsea,a_ice,0.13282
LR_meltpond_nofix20yr,1909,7,labsea,a_ice,0.06725
LR_meltpond_nofix20yr,1909,8,labsea,a_ice,0.00937
LR_meltpond_nofix20yr,1909,9,labsea,a_ice,0.00003
LR_meltpond_nofix20yr,1909,10,labsea,a_ice,0.00362
LR_meltpond_nofix20yr,1909,11,labsea,a_ice,0.04510
LR_meltpond_nofix20yr,1909,12,labsea,a_ice,0.17352
LR_meltpond_nofix20yr,1909,1,interior,a_ice,0.09709
LR_meltpond_nofix20yr,1909,2,interior,a_ice,0.16949
LR_meltpond_nofix20yr,1909,3,interior,a_ice,0.08567
LR_meltpond_nofix20yr,1909,4,interior,a_ice,0.06740
LR_meltpond_nofix20yr,1909,5,interior,a_ice,0.08752
LR_meltpond_nofix20yr,1909,6,interior,a_ice,0.02951
LR_meltpond_nofix20yr,1909,7,interior,a_ice,0.01207
LR_meltpond_nofix20yr,1909,8,interior,a_ice,0.00203
LR_meltpond_nofix20yr,1909,9,interior,a_ice,0.00000
LR_meltpond_nofix20yr,1909,10,interior,a_ice,0.00000
LR_meltpond_nofix20yr,1909,11,interior,a_ice,0.00193
LR_meltpond_nofix20yr,1909,12,interior,a_ice,0.05673
LR_meltpond_nofix20yr,1909,1,labsea,MLD2,688.35611
LR_meltpond_nofix20yr,1909,2,labsea,MLD2,997.37572
LR_meltpond_nofix20yr,1909,3,labsea,MLD2,945.80084
LR_meltpond_nofix20yr,1909,4,labsea,MLD2,775.39810
LR_meltpond_nofix20yr,1909,5,labsea,MLD2,327.32324
LR_meltpond_nofix20yr,1909,6,labsea,MLD2,25.05040
LR_meltpond_nofix20yr,1909,7,labsea,MLD2,15.02273
LR_meltpond_nofix20yr,1909,8,labsea,MLD2,14.63687
LR_meltpond_nofix20yr,1909,9,labsea,MLD2,19.17482
LR_meltpond_nofix20yr,1909,10,labsea,MLD2,24.92051
LR_meltpond_nofix20yr,1909,11,labsea,MLD2,34.91653
LR_meltpond_nofix20yr,1909,12,labsea,MLD2,107.32789
LR_meltpond_nofix20yr,1909,1,interior,MLD2,1486.40913
LR_meltpond_nofix20yr,1909,2,interior,MLD2,2007.28031
LR_meltpond_nofix20yr,1909,3,interior,MLD2,1874.87541
LR_meltpond_nofix20yr,1909,4,interior,MLD2,1722.69285
LR_meltpond_nofix20yr,1909,5,interior,MLD2,795.47442
LR_meltpond_nofix20yr,1909,6,interior,MLD2,43.03577
LR_meltpond_nofix20yr,1909,7,interior,MLD2,18.24771
LR_meltpond_nofix20yr,1909,8,interior,MLD2,17.23016
LR_meltpond_nofix20yr,1909,9,interior,MLD2,20.30132
LR_meltpond_nofix20yr,1909,10,interior,MLD2,26.21075
LR_meltpond_nofix20yr,1909,11,interior,MLD2,38.02638
LR_meltpond_nofix20yr,1909,12,interior,MLD2,149.12604
LR_meltpond_nofix20yr,1910,1,labsea,a_ice,0.40422
LR_meltpond_nofix20yr,1910,2,labsea,a_ice,0.48606
LR_meltpond_nofix20yr,1910,3,labsea,a_ice,0.52407
LR_meltpond_nofix20yr,1910,4,labsea,a_ice,0.46715
LR_meltpond_nofix20yr,1910,5,labsea,a_ice,0.32057
LR_meltpond_nofix20yr,1910,6,labsea,a_ice,0.13470
LR_meltpond_nofix20yr,1910,7,labsea,a_ice,0.01393
LR_meltpond_nofix20yr,1910,8,labsea,a_ice,0.00000
LR_meltpond_nofix20yr,1910,9,labsea,a_ice,0.00000
LR_meltpond_nofix20yr,1910,10,labsea,a_ice,0.00062
LR_meltpond_nofix20yr,1910,11,labsea,a_ice,0.05343
LR_meltpond_nofix20yr,1910,12,labsea,a_ice,0.24116
LR_meltpond_nofix20yr,1910,1,interior,a_ice,0.20606
LR_meltpond_nofix20yr,1910,2,interior,a_ice,0.38985
LR_meltpond_nofix20yr,1910,3,interior,a_ice,0.61001
LR_meltpond_nofix20yr,1910,4,interior,a_ice,0.52866
LR_meltpond_nofix20yr,1910,5,interior,a_ice,0.19821
LR_meltpond_nofix20yr,1910,6,interior,a_ice,0.02476
LR_meltpond_nofix20yr,1910,7,interior,a_ice,0.00000
LR_meltpond_nofix20yr,1910,8,interior,a_ice,0.00000
LR_meltpond_nofix20yr,1910,9,interior,a_ice,0.00000
LR_meltpond_nofix20yr,1910,10,interior,a_ice,0.00000
LR_meltpond_nofix20yr,1910,11,interior,a_ice,0.00628
LR_meltpond_nofix20yr,1910,12,interior,a_ice,0.08559
LR_meltpond_nofix20yr,1910,1,labsea,MLD2,613.69990
LR_meltpond_nofix20yr,1910,2,labsea,MLD2,788.12523
LR_meltpond_nofix20yr,1910,3,labsea,MLD2,758.56094
LR_meltpond_nofix20yr,1910,4,labsea,MLD2,591.29307
LR_meltpond_nofix20yr,1910,5,labsea,MLD2,194.41273
LR_meltpond_nofix20yr,1910,6,labsea,MLD2,14.86655
LR_meltpond_nofix20yr,1910,7,labsea,MLD2,12.36525
LR_meltpond_nofix20yr,1910,8,labsea,MLD2,12.77036
LR_meltpond_nofix20yr,1910,9,labsea,MLD2,17.67075
LR_meltpond_nofix20yr,1910,10,labsea,MLD2,30.87183
LR_meltpond_nofix20yr,1910,11,labsea,MLD2,171.88214
LR_meltpond_nofix20yr,1910,12,labsea,MLD2,850.11211
LR_meltpond_nofix20yr,1910,1,interior,MLD2,1272.89332
LR_meltpond_nofix20yr,1910,2,interior,MLD2,1242.75285
LR_meltpond_nofix20yr,1910,3,interior,MLD2,760.14018
LR_meltpond_nofix20yr,1910,4,interior,MLD2,499.44161
LR_meltpond_nofix20yr,1910,5,interior,MLD2,154.00798
LR_meltpond_nofix20yr,1910,6,interior,MLD2,16.51299
LR_meltpond_nofix20yr,1910,7,interior,MLD2,13.51385
LR_meltpond_nofix20yr,1910,8,interior,MLD2,14.36593
LR_meltpond_nofix20yr,1910,9,interior,MLD2,18.97037
LR_meltpond_nofix20yr,1910,10,interior,MLD2,34.84136
LR_meltpond_nofix20yr,1910,11,interior,MLD2,341.67251
LR_meltpond_nofix20yr,1910,12,interior,MLD2,1730.21891
LR_meltpond_nofix20yr,1911,1,labsea,a_ice,0.31480
LR_meltpond_nofix20yr,1911,2,labsea,a_ice,0.36157
LR_meltpond_nofix20yr,1911,3,labsea,a_ice,0.33180
LR_meltpond_nofix20yr,1911,4,labsea,a_ice,0.27458
LR_meltpond_nofix20yr,1911,5,labsea,a_ice,0.20635
LR_meltpond_nofix20yr,1911,6,labsea,a_ice,0.09406
LR_meltpond_nofix20yr,1911,7,labsea,a_ice,0.01037
LR_meltpond_nofix20yr,1911,8,labsea,a_ice,0.00007
LR_meltpond_nofix20yr,1911,9,labsea,a_ice,0.00000
LR_meltpond_nofix20yr,1911,10,labsea,a_ice,0.00007
LR_meltpond_nofix20yr,1911,11,labsea,a_ice,0.05763
LR_meltpond_nofix20yr,1911,12,labsea,a_ice,0.19911
LR_meltpond_nofix20yr,1911,1,interior,a_ice,0.09721
LR_meltpond_nofix20yr,1911,2,interior,a_ice,0.18030
LR_meltpond_nofix20yr,1911,3,interior,a_ice,0.13558
LR_meltpond_nofix20yr,1911,4,interior,a_ice,0.09318
LR_meltpond_nofix20yr,1911,5,interior,a_ice,0.05668
LR_meltpond_nofix20yr,1911,6,interior,a_ice,0.02499
LR_meltpond_nofix20yr,1911,7,interior,a_ice,0.00000
LR_meltpond_nofix20yr,1911,8,interior,a_ice,0.00000
LR_meltpond_nofix20yr,1911,9,interior,a_ice,0.00000
LR_meltpond_nofix20yr,1911,10,interior,a_ice,0.00000
LR_meltpond_nofix20yr,1911,11,interior,a_ice,0.00325
LR_meltpond_nofix20yr,1911,12,interior,a_ice,0.05387
LR_meltpond_nofix20yr,1911,1,labsea,MLD2,1214.64912
LR_meltpond_nofix20yr,1911,2,labsea,MLD2,1384.04282
LR_meltpond_nofix20yr,1911,3,labsea,MLD2,1301.09592
LR_meltpond_nofix20yr,1911,4,labsea,MLD2,1097.35742
LR_meltpond_nofix20yr,1911,5,labsea,MLD2,381.57546
LR_meltpond_nofix20yr,1911,6,labsea,MLD2,18.84906
LR_meltpond_nofix20yr,1911,7,labsea,MLD2,13.36351
LR_meltpond_nofix20yr,1911,8,labsea,MLD2,13.05917
LR_meltpond_nofix20yr,1911,9,labsea,MLD2,17.64283
LR_meltpond_nofix20yr,1911,10,labsea,MLD2,25.09422
LR_meltpond_nofix20yr,1911,11,labsea,MLD2,76.06407
LR_meltpond_nofix20yr,1911,12,labsea,MLD2,802.26141
LR_meltpond_nofix20yr,1911,1,interior,MLD2,2158.73627
LR_meltpond_nofix20yr,1911,2,interior,MLD2,2142.13310
LR_meltpond_nofix20yr,1911,3,interior,MLD2,1932.51320
LR_meltpond_nofix20yr,1911,4,interior,MLD2,1496.87364
LR_meltpond_nofix20yr,1911,5,interior,MLD2,425.35521
LR_meltpond_nofix20yr,1911,6,interior,MLD2,18.99490
LR_meltpond_nofix20yr,1911,7,interior,MLD2,13.95687
LR_meltpond_nofix20yr,1911,8,interior,MLD2,14.01477
LR_meltpond_nofix20yr,1911,9,interior,MLD2,16.66796
LR_meltpond_nofix20yr,1911,10,interior,MLD2,24.89241
LR_meltpond_nofix20yr,1911,11,interior,MLD2,104.52329
LR_meltpond_nofix20yr,1911,12,interior,MLD2,1388.39781
LR_meltpond_nofix20yr,1912,1,labsea,a_ice,0.25863
LR_meltpond_nofix20yr,1912,2,labsea,a_ice,0.30455
LR_meltpond_nofix20yr,1912,3,labsea,a_ice,0.34823
LR_meltpond_nofix20yr,1912,4,labsea,a_ice,0.38236
LR_meltpond_nofix20yr,1912,5,labsea,a_ice,0.24514
LR_meltpond_nofix20yr,1912,6,labsea,a_ice,0.08169
LR_meltpond_nofix20yr,1912,7,labsea,a_ice,0.00495
LR_meltpond_nofix20yr,1912,8,labsea,a_ice,0.00000
LR_meltpond_nofix20yr,1912,9,labsea,a_ice,0.00000
LR_meltpond_nofix20yr,1912,10,labsea,a_ice,0.00000
LR_meltpond_nofix20yr,1912,11,labsea,a_ice,0.02599
LR_meltpond_nofix20yr,1912,12,labsea,a_ice,0.20510
LR_meltpond_nofix20yr,1912,1,interior,a_ice,0.08390
LR_meltpond_nofix20yr,1912,2,interior,a_ice,0.11780
LR_meltpond_nofix20yr,1912,3,interior,a_ice,0.14243
LR_meltpond_nofix20yr,1912,4,interior,a_ice,0.16935
LR_meltpond_nofix20yr,1912,5,interior,a_ice,0.08007
LR_meltpond_nofix20yr,1912,6,interior,a_ice,0.00603
LR_meltpond_nofix20yr,1912,7,interior,a_ice,0.00000
LR_meltpond_nofix20yr,1912,8,interior,a_ice,0.00000
LR_meltpond_nofix20yr,1912,9,interior,a_ice,0.00000
LR_meltpond_nofix20yr,1912,10,interior,a_ice,0.00000
LR_meltpond_nofix20yr,1912,11,interior,a_ice,0.00009
LR_meltpond_nofix20yr,1912,12,interior,a_ice,0.08113
LR_meltpond_nofix20yr,1912,1,labsea,MLD2,1318.92606
LR_meltpond_nofix20yr,1912,2,labsea,MLD2,1463.02300
LR_meltpond_nofix20yr,1912,3,labsea,MLD2,1385.59062
LR_meltpond_nofix20yr,1912,4,labsea,MLD2,1070.56934
LR_meltpond_nofix20yr,1912,5,labsea,MLD2,220.69958
LR_meltpond_nofix20yr,1912,6,labsea,MLD2,14.36621
LR_meltpond_nofix20yr,1912,7,labsea,MLD2,11.82938
LR_meltpond_nofix20yr,1912,8,labsea,MLD2,13.31297
LR_meltpond_nofix20yr,1912,9,labsea,MLD2,17.71338
LR_meltpond_nofix20yr,1912,10,labsea,MLD2,29.36974
LR_meltpond_nofix20yr,1912,11,labsea,MLD2,81.15358
LR_meltpond_nofix20yr,1912,12,labsea,MLD2,851.77280
LR_meltpond_nofix20yr,1912,1,interior,MLD2,2284.60051
LR_meltpond_nofix20yr,1912,2,interior,MLD2,2398.15831
LR_meltpond_nofix20yr,1912,3,interior,MLD2,2270.44907
LR_meltpond_nofix20yr,1912,4,interior,MLD2,1687.53852
LR_meltpond_nofix20yr,1912,5,interior,MLD2,396.99271
LR_meltpond_nofix20yr,1912,6,interior,MLD2,18.16827
LR_meltpond_nofix20yr,1912,7,interior,MLD2,13.52499
LR_meltpond_nofix20yr,1912,8,interior,MLD2,15.34155
LR_meltpond_nofix20yr,1912,9,interior,MLD2,17.69226
LR_meltpond_nofix20yr,1912,10,interior,MLD2,28.57572
LR_meltpond_nofix20yr,1912,11,interior,MLD2,72.70407
LR_meltpond_nofix20yr,1912,12,interior,MLD2,1525.28390
LR_meltpond_nofix20yr,1913,1,labsea,a_ice,0.31748
LR_meltpond_nofix20yr,1913,2,labsea,a_ice,0.35306
LR_meltpond_nofix20yr,1913,3,labsea,a_ice,0.44517
LR_meltpond_nofix20yr,1913,4,labsea,a_ice,0.40758
LR_meltpond_nofix20yr,1913,5,labsea,a_ice,0.29983
LR_meltpond_nofix20yr,1913,6,labsea,a_ice,0.14157
LR_meltpond_nofix20yr,1913,7,labsea,a_ice,0.03603
LR_meltpond_nofix20yr,1913,8,labsea,a_ice,0.00373
LR_meltpond_nofix20yr,1913,9,labsea,a_ice,0.00000
LR_meltpond_nofix20yr,1913,10,labsea,a_ice,0.00035
LR_meltpond_nofix20yr,1913,11,labsea,a_ice,0.00821
LR_meltpond_nofix20yr,1913,12,labsea,a_ice,0.06012
LR_meltpond_nofix20yr,1913,1,interior,a_ice,0.13650
LR_meltpond_nofix20yr,1913,2,interior,a_ice,0.18722
LR_meltpond_nofix20yr,1913,3,interior,a_ice,0.22166
LR_meltpond_nofix20yr,1913,4,interior,a_ice,0.24509
LR_meltpond_nofix20yr,1913,5,interior,a_ice,0.18274
LR_meltpond_nofix20yr,1913,6,interior,a_ice,0.05080
LR_meltpond_nofix20yr,1913,7,interior,a_ice,0.00641
LR_meltpond_nofix20yr,1913,8,interior,a_ice,0.00000
LR_meltpond_nofix20yr,1913,9,interior,a_ice,0.00000
LR_meltpond_nofix20yr,1913,10,interior,a_ice,0.00000
LR_meltpond_nofix20yr,1913,11,interior,a_ice,0.00000
LR_meltpond_nofix20yr,1913,12,interior,a_ice,0.00283
LR_meltpond_nofix20yr,1913,1,labsea,MLD2,1328.42262
LR_meltpond_nofix20yr,1913,2,labsea,MLD2,1179.26677
LR_meltpond_nofix20yr,1913,3,labsea,MLD2,1046.21527
LR_meltpond_nofix20yr,1913,4,labsea,MLD2,747.81119
LR_meltpond_nofix20yr,1913,5,labsea,MLD2,355.02646
LR_meltpond_nofix20yr,1913,6,labsea,MLD2,20.38895
LR_meltpond_nofix20yr,1913,7,labsea,MLD2,13.80575
LR_meltpond_nofix20yr,1913,8,labsea,MLD2,13.27879
LR_meltpond_nofix20yr,1913,9,labsea,MLD2,17.97848
LR_meltpond_nofix20yr,1913,10,labsea,MLD2,24.88572
LR_meltpond_nofix20yr,1913,11,labsea,MLD2,29.48380
LR_meltpond_nofix20yr,1913,12,labsea,MLD2,45.47178
LR_meltpond_nofix20yr,1913,1,interior,MLD2,2186.72183
LR_meltpond_nofix20yr,1913,2,interior,MLD2,1967.26728
LR_meltpond_nofix20yr,1913,3,interior,MLD2,1911.93595
LR_meltpond_nofix20yr,1913,4,interior,MLD2,1278.07023
LR_meltpond_nofix20yr,1913,5,interior,MLD2,571.14849
LR_meltpond_nofix20yr,1913,6,interior,MLD2,26.13225
LR_meltpond_nofix20yr,1913,7,interior,MLD2,15.01593
LR_meltpond_nofix20yr,1913,8,interior,MLD2,15.68835
LR_meltpond_nofix20yr,1913,9,interior,MLD2,21.15521
LR_meltpond_nofix20yr,1913,10,interior,MLD2,27.78130
LR_meltpond_nofix20yr,1913,11,interior,MLD2,33.25184
LR_meltpond_nofix20yr,1913,12,interior,MLD2,57.11574
LR_meltpond_nofix20yr,1914,1,labsea,a_ice,0.26084
LR_meltpond_nofix20yr,1914,2,labsea,a_ice,0.38636
LR_meltpond_nofix20yr,1914,3,labsea,a_ice,0.48788
LR_meltpond_nofix20yr,1914,4,labsea,a_ice,0.51404
LR_meltpond_nofix20yr,1914,5,labsea,a_ice,0.35755
LR_meltpond_nofix20yr,1914,6,labsea,a_ice,0.11338
LR_meltpond_nofix20yr,1914,7,labsea,a_ice,0.02413
LR_meltpond_nofix20yr,1914,8,labsea,a_ice,0.00008
LR_meltpond_nofix20yr,1914,9,labsea,a_ice,0.00000
LR_meltpond_nofix20yr,1914,10,labsea,a_ice,0.00038
LR_meltpond_nofix20yr,1914,11,labsea,a_ice,0.02314
LR_meltpond_nofix20yr,1914,12,labsea,a_ice,0.09752
LR_meltpond_nofix20yr,1914,1,interior,a_ice,0.08396
LR_meltpond_nofix20yr,1914,2,interior,a_ice,0.15931
LR_meltpond_nofix20yr,1914,3,interior,a_ice,0.42514
LR_meltpond_nofix20yr,1914,4,interior,a_ice,0.57740
LR_meltpond_nofix20yr,1914,5,interior,a_ice,0.27573
LR_meltpond_nofix20yr,1914,6,interior,a_ice,0.02706
LR_meltpond_nofix20yr,1914,7,interior,a_ice,0.00000
LR_meltpond_nofix20yr,1914,8,interior,a_ice,0.00000
LR_meltpond_nofix20yr,1914,9,interior,a_ice,0.00000
LR_meltpond_nofix20yr,1914,10,interior,a_ice,0.00000
LR_meltpond_nofix20yr,1914,11,interior,a_ice,0.00000
LR_meltpond_nofix20yr,1914,12,interior,a_ice,0.01402
LR_meltpond_nofix20yr,1914,1,labsea,MLD2,377.67062
LR_meltpond_nofix20yr,1914,2,labsea,MLD2,775.56122
LR_meltpond_nofix20yr,1914,3,labsea,MLD2,719.22329
LR_meltpond_nofix20yr,1914,4,labsea,MLD2,478.69133
LR_meltpond_nofix20yr,1914,5,labsea,MLD2,63.40677
LR_meltpond_nofix20yr,1914,6,labsea,MLD2,14.21591
LR_meltpond_nofix20yr,1914,7,labsea,MLD2,14.65013
LR_meltpond_nofix20yr,1914,8,labsea,MLD2,13.71889
LR_meltpond_nofix20yr,1914,9,labsea,MLD2,16.38812
LR_meltpond_nofix20yr,1914,10,labsea,MLD2,24.29101
LR_meltpond_nofix20yr,1914,11,labsea,MLD2,45.24651
LR_meltpond_nofix20yr,1914,12,labsea,MLD2,141.86407
LR_meltpond_nofix20yr,1914,1,interior,MLD2,706.28732
LR_meltpond_nofix20yr,1914,2,interior,MLD2,1556.35878
LR_meltpond_nofix20yr,1914,3,interior,MLD2,1258.44846
LR_meltpond_nofix20yr,1914,4,interior,MLD2,601.05451
LR_meltpond_nofix20yr,1914,5,interior,MLD2,45.03666
LR_meltpond_nofix20yr,1914,6,interior,MLD2,14.60064
LR_meltpond_nofix20yr,1914,7,interior,MLD2,15.52486
LR_meltpond_nofix20yr,1914,8,interior,MLD2,15.05727
LR_meltpond_nofix20yr,1914,9,interior,MLD2,16.55252
LR_meltpond_nofix20yr,1914,10,interior,MLD2,25.20387
LR_meltpond_nofix20yr,1914,11,interior,MLD2,49.44294
LR_meltpond_nofix20yr,1914,12,interior,MLD2,173.36613
LR_meltpond_nofix20yr,1915,1,labsea,a_ice,0.26796
LR_meltpond_nofix20yr,1915,2,labsea,a_ice,0.31981
LR_meltpond_nofix20yr,1915,3,labsea,a_ice,0.37405
LR_meltpond_nofix20yr,1915,4,labsea,a_ice,0.30614
LR_meltpond_nofix20yr,1915,5,labsea,a_ice,0.16977
LR_meltpond_nofix20yr,1915,6,labsea,a_ice,0.06406
LR_meltpond_nofix20yr,1915,7,labsea,a_ice,0.01031
LR_meltpond_nofix20yr,1915,8,labsea,a_ice,0.00000
LR_meltpond_nofix20yr,1915,9,labsea,a_ice,0.00000
LR_meltpond_nofix20yr,1915,10,labsea,a_ice,0.00001
LR_meltpond_nofix20yr,1915,11,labsea,a_ice,0.01081
LR_meltpond_nofix20yr,1915,12,labsea,a_ice,0.07772
LR_meltpond_nofix20yr,1915,1,interior,a_ice,0.09323
LR_meltpond_nofix20yr,1915,2,interior,a_ice,0.14622
LR_meltpond_nofix20yr,1915,3,interior,a_ice,0.14346
LR_meltpond_nofix20yr,1915,4,interior,a_ice,0.10019
LR_meltpond_nofix20yr,1915,5,interior,a_ice,0.01924
LR_meltpond_nofix20yr,1915,6,interior,a_ice,0.00118
LR_meltpond_nofix20yr,1915,7,interior,a_ice,0.00000
LR_meltpond_nofix20yr,1915,8,interior,a_ice,0.00000
LR_meltpond_nofix20yr,1915,9,interior,a_ice,0.00000
LR_meltpond_nofix20yr,1915,10,interior,a_ice,0.00000
LR_meltpond_nofix20yr,1915,11,interior,a_ice,0.00000
LR_meltpond_nofix20yr,1915,12,interior,a_ice,0.00137
LR_meltpond_nofix20yr,1915,1,labsea,MLD2,766.52208
LR_meltpond_nofix20yr,1915,2,labsea,MLD2,1097.20455
LR_meltpond_nofix20yr,1915,3,labsea,MLD2,1144.75817
LR_meltpond_nofix20yr,1915,4,labsea,MLD2,977.81473
LR_meltpond_nofix20yr,1915,5,labsea,MLD2,278.98317
LR_meltpond_nofix20yr,1915,6,labsea,MLD2,14.08628
LR_meltpond_nofix20yr,1915,7,labsea,MLD2,13.45078
LR_meltpond_nofix20yr,1915,8,labsea,MLD2,13.97001
LR_meltpond_nofix20yr,1915,9,labsea,MLD2,18.54827
LR_meltpond_nofix20yr,1915,10,labsea,MLD2,25.61926
LR_meltpond_nofix20yr,1915,11,labsea,MLD2,30.81412
LR_meltpond_nofix20yr,1915,12,labsea,MLD2,124.86698
LR_meltpond_nofix20yr,1915,1,interior,MLD2,1518.30825
LR_meltpond_nofix20yr,1915,2,interior,MLD2,1955.26794
LR_meltpond_nofix20yr,1915,3,interior,MLD2,1760.26567
LR_meltpond_nofix20yr,1915,4,interior,MLD2,1445.31794
LR_meltpond_nofix20yr,1915,5,interior,MLD2,551.82360
LR_meltpond_nofix20yr,1915,6,interior,MLD2,16.22594
LR_meltpond_nofix20yr,1915,7,interior,MLD2,16.04951
LR_meltpond_nofix20yr,1915,8,interior,MLD2,16.25108
LR_meltpond_nofix20yr,1915,9,interior,MLD2,18.95542
LR_meltpond_nofix20yr,1915,10,interior,MLD2,26.75752
LR_meltpond_nofix20yr,1915,11,interior,MLD2,33.74143
LR_meltpond_nofix20yr,1915,12,interior,MLD2,246.50159
LR_meltpond_nofix20yr,1916,1,labsea,a_ice,0.22161
LR_meltpond_nofix20yr,1916,2,labsea,a_ice,0.30710
LR_meltpond_nofix20yr,1916,3,labsea,a_ice,0.31201
LR_meltpond_nofix20yr,1916,4,labsea,a_ice,0.27285
LR_meltpond_nofix20yr,1916,5,labsea,a_ice,0.21864
LR_meltpond_nofix20yr,1916,6,labsea,a_ice,0.09795
LR_meltpond_nofix20yr,1916,7,labsea,a_ice,0.00998
LR_meltpond_nofix20yr,1916,8,labsea,a_ice,0.00000
LR_meltpond_nofix20yr,1916,9,labsea,a_ice,0.00000
LR_meltpond_nofix20yr,1916,10,labsea,a_ice,0.00000
LR_meltpond_nofix20yr,1916,11,labsea,a_ice,0.02284
LR_meltpond_nofix20yr,1916,12,labsea,a_ice,0.08794
LR_meltpond_nofix20yr,1916,1,interior,a_ice,0.04029
LR_meltpond_nofix20yr,1916,2,interior,a_ice,0.12236
LR_meltpond_nofix20yr,1916,3,interior,a_ice,0.12225
LR_meltpond_nofix20yr,1916,4,interior,a_ice,0.10246
LR_meltpond_nofix20yr,1916,5,interior,a_ice,0.03162
LR_meltpond_nofix20yr,1916,6,interior,a_ice,0.01567
LR_meltpond_nofix20yr,1916,7,interior,a_ice,0.00003
LR_meltpond_nofix20yr,1916,8,interior,a_ice,0.00000
LR_meltpond_nofix20yr,1916,9,interior,a_ice,0.00000
LR_meltpond_nofix20yr,1916,10,interior,a_ice,0.00000
LR_meltpond_nofix20yr,1916,11,interior,a_ice,0.00000
LR_meltpond_nofix20yr,1916,12,interior,a_ice,0.00818
LR_meltpond_nofix20yr,1916,1,labsea,MLD2,974.00251
LR_meltpond_nofix20yr,1916,2,labsea,MLD2,1387.01320
LR_meltpond_nofix20yr,1916,3,labsea,MLD2,1417.39072
LR_meltpond_nofix20yr,1916,4,labsea,MLD2,1321.00215
LR_meltpond_nofix20yr,1916,5,labsea,MLD2,335.44917
LR_meltpond_nofix20yr,1916,6,labsea,MLD2,16.59958
LR_meltpond_nofix20yr,1916,7,labsea,MLD2,11.18270
LR_meltpond_nofix20yr,1916,8,labsea,MLD2,11.10031
LR_meltpond_nofix20yr,1916,9,labsea,MLD2,16.87237
LR_meltpond_nofix20yr,1916,10,labsea,MLD2,30.49021
LR_meltpond_nofix20yr,1916,11,labsea,MLD2,60.11323
LR_meltpond_nofix20yr,1916,12,labsea,MLD2,353.46671
LR_meltpond_nofix20yr,1916,1,interior,MLD2,2113.83024
LR_meltpond_nofix20yr,1916,2,interior,MLD2,2310.31524
LR_meltpond_nofix20yr,1916,3,interior,MLD2,2180.12193
LR_meltpond_nofix20yr,1916,4,interior,MLD2,1880.03309
LR_meltpond_nofix20yr,1916,5,interior,MLD2,694.24665
LR_meltpond_nofix20yr,1916,6,interior,MLD2,19.68299
LR_meltpond_nofix20yr,1916,7,interior,MLD2,11.55566
LR_meltpond_nofix20yr,1916,8,interior,MLD2,12.61481
LR_meltpond_nofix20yr,1916,9,interior,MLD2,17.97552
LR_meltpond_nofix20yr,1916,10,interior,MLD2,31.91014
LR_meltpond_nofix20yr,1916,11,interior,MLD2,81.98290
LR_meltpond_nofix20yr,1916,12,interior,MLD2,576.52377
LR_meltpond_nofix20yr,1917,1,labsea,a_ice,0.20524
LR_meltpond_nofix20yr,1917,2,labsea,a_ice,0.23046
LR_meltpond_nofix20yr,1917,3,labsea,a_ice,0.23034
LR_meltpond_nofix20yr,1917,4,labsea,a_ice,0.24357
LR_meltpond_nofix20yr,1917,5,labsea,a_ice,0.21795
LR_meltpond_nofix20yr,1917,6,labsea,a_ice,0.09712
LR_meltpond_nofix20yr,1917,7,labsea,a_ice,0.01589
LR_meltpond_nofix20yr,1917,8,labsea,a_ice,0.00007
LR_meltpond_nofix20yr,1917,9,labsea,a_ice,0.00000
LR_meltpond_nofix20yr,1917,10,labsea,a_ice,0.00001
LR_meltpond_nofix20yr,1917,11,labsea,a_ice,0.03944
LR_meltpond_nofix20yr,1917,12,labsea,a_ice,0.15252
LR_meltpond_nofix20yr,1917,1,interior,a_ice,0.03975
LR_meltpond_nofix20yr,1917,2,interior,a_ice,0.05272
LR_meltpond_nofix20yr,1917,3,interior,a_ice,0.05957
LR_meltpond_nofix20yr,1917,4,interior,a_ice,0.05303
LR_meltpond_nofix20yr,1917,5,interior,a_ice,0.06919
LR_meltpond_nofix20yr,1917,6,interior,a_ice,0.00769
LR_meltpond_nofix20yr,1917,7,interior,a_ice,0.00016
LR_meltpond_nofix20yr,1917,8,interior,a_ice,0.00000
LR_meltpond_nofix20yr,1917,9,interior,a_ice,0.00000
LR_meltpond_nofix20yr,1917,10,interior,a_ice,0.00000
LR_meltpond_nofix20yr,1917,11,interior,a_ice,0.00103
LR_meltpond_nofix20yr,1917,12,interior,a_ice,0.02683
LR_meltpond_nofix20yr,1917,1,labsea,MLD2,1308.00566
LR_meltpond_nofix20yr,1917,2,labsea,MLD2,1595.63236
LR_meltpond_nofix20yr,1917,3,labsea,MLD2,1548.48764
LR_meltpond_nofix20yr,1917,4,labsea,MLD2,1356.28428
LR_meltpond_nofix20yr,1917,5,labsea,MLD2,981.22603
LR_meltpond_nofix20yr,1917,6,labsea,MLD2,30.38720
LR_meltpond_nofix20yr,1917,7,labsea,MLD2,13.69026
LR_meltpond_nofix20yr,1917,8,labsea,MLD2,12.55876
LR_meltpond_nofix20yr,1917,9,labsea,MLD2,19.63852
LR_meltpond_nofix20yr,1917,10,labsea,MLD2,29.87911
LR_meltpond_nofix20yr,1917,11,labsea,MLD2,59.82768
LR_meltpond_nofix20yr,1917,12,labsea,MLD2,422.36110
LR_meltpond_nofix20yr,1917,1,interior,MLD2,2138.66897
LR_meltpond_nofix20yr,1917,2,interior,MLD2,2474.22766
LR_meltpond_nofix20yr,1917,3,interior,MLD2,2304.51275
LR_meltpond_nofix20yr,1917,4,interior,MLD2,1942.37570
LR_meltpond_nofix20yr,1917,5,interior,MLD2,1430.34079
LR_meltpond_nofix20yr,1917,6,interior,MLD2,47.99418
LR_meltpond_nofix20yr,1917,7,interior,MLD2,14.84662
LR_meltpond_nofix20yr,1917,8,interior,MLD2,13.94664
LR_meltpond_nofix20yr,1917,9,interior,MLD2,22.12527
LR_meltpond_nofix20yr,1917,10,interior,MLD2,31.45190
LR_meltpond_nofix20yr,1917,11,interior,MLD2,85.89196
LR_meltpond_nofix20yr,1917,12,interior,MLD2,869.93378
LR_meltpond_nofix20yr,1918,1,labsea,a_ice,0.28156
LR_meltpond_nofix20yr,1918,2,labsea,a_ice,0.32676
LR_meltpond_nofix20yr,1918,3,labsea,a_ice,0.38880
LR_meltpond_nofix20yr,1918,4,labsea,a_ice,0.31422
LR_meltpond_nofix20yr,1918,5,labsea,a_ice,0.22254
LR_meltpond_nofix20yr,1918,6,labsea,a_ice,0.09084
LR_meltpond_nofix20yr,1918,7,labsea,a_ice,0.00786
LR_meltpond_nofix20yr,1918,8,labsea,a_ice,0.00000
LR_meltpond_nofix20yr,1918,9,labsea,a_ice,0.00000
LR_meltpond_nofix20yr,1918,10,labsea,a_ice,0.00001
LR_meltpond_nofix20yr,1918,11,labsea,a_ice,0.03218
LR_meltpond_nofix20yr,1918,12,labsea,a_ice,0.16166
LR_meltpond_nofix20yr,1918,1,interior,a_ice,0.12510
LR_meltpond_nofix20yr,1918,2,interior,a_ice,0.15150
LR_meltpond_nofix20yr,1918,3,interior,a_ice,0.24138
LR_meltpond_nofix20yr,1918,4,interior,a_ice,0.11562
LR_meltpond_nofix20yr,1918,5,interior,a_ice,0.05260
LR_meltpond_nofix20yr,1918,6,interior,a_ice,0.00763
LR_meltpond_nofix20yr,1918,7,interior,a_ice,0.00000
LR_meltpond_nofix20yr,1918,8,interior,a_ice,0.00000
LR_meltpond_nofix20yr,1918,9,interior,a_ice,0.00000
LR_meltpond_nofix20yr,1918,10,interior,a_ice,0.00000
LR_meltpond_nofix20yr,1918,11,interior,a_ice,0.00020
LR_meltpond_nofix20yr,1918,12,interior,a_ice,0.04086
LR_meltpond_nofix20yr,1918,1,labsea,MLD2,1368.79761
LR_meltpond_nofix20yr,1918,2,labsea,MLD2,1454.78815
LR_meltpond_nofix20yr,1918,3,labsea,MLD2,1301.55336
LR_meltpond_nofix20yr,1918,4,labsea,MLD2,956.71693
LR_meltpond_nofix20yr,1918,5,labsea,MLD2,161.06116
LR_meltpond_nofix20yr,1918,6,labsea,MLD2,19.76186
LR_meltpond_nofix20yr,1918,7,labsea,MLD2,12.69564
LR_meltpond_nofix20yr,1918,8,labsea,MLD2,12.74688
LR_meltpond_nofix20yr,1918,9,labsea,MLD2,18.39624
LR_meltpond_nofix20yr,1918,10,labsea,MLD2,28.22096
LR_meltpond_nofix20yr,1918,11,labsea,MLD2,90.88615
LR_meltpond_nofix20yr,1918,12,labsea,MLD2,791.74549
LR_meltpond_nofix20yr,1918,1,interior,MLD2,2212.66811
LR_meltpond_nofix20yr,1918,2,interior,MLD2,2163.03985
LR_meltpond_nofix20yr,1918,3,interior,MLD2,1779.48223
LR_meltpond_nofix20yr,1918,4,interior,MLD2,1216.71559
LR_meltpond_nofix20yr,1918,5,interior,MLD2,261.24492
LR_meltpond_nofix20yr,1918,6,interior,MLD2,25.99631
LR_meltpond_nofix20yr,1918,7,interior,MLD2,15.01889
LR_meltpond_nofix20yr,1918,8,interior,MLD2,14.90827
LR_meltpond_nofix20yr,1918,9,interior,MLD2,20.55095
LR_meltpond_nofix20yr,1918,10,interior,MLD2,30.00435
LR_meltpond_nofix20yr,1918,11,interior,MLD2,163.90977
LR_meltpond_nofix20yr,1918,12,interior,MLD2,1680.96649
LR_meltpond_nofix20yr,1919,1,labsea,a_ice,0.25409
LR_meltpond_nofix20yr,1919,2,labsea,a_ice,0.29484
LR_meltpond_nofix20yr,1919,3,labsea,a_ice,0.26964
LR_meltpond_nofix20yr,1919,4,labsea,a_ice,0.24399
LR_meltpond_nofix20yr,1919,5,labsea,a_ice,0.19178
LR_meltpond_nofix20yr,1919,6,labsea,a_ice,0.09872
LR_meltpond_nofix20yr,1919,7,labsea,a_ice,0.02368
LR_meltpond_nofix20yr,1919,8,labsea,a_ice,0.00019
LR_meltpond_nofix20yr,1919,9,labsea,a_ice,0.00000
LR_meltpond_nofix20yr,1919,10,labsea,a_ice,0.00062
LR_meltpond_nofix20yr,1919,11,labsea,a_ice,0.04353
LR_meltpond_nofix20yr,1919,12,labsea,a_ice,0.16216
LR_meltpond_nofix20yr,1919,1,interior,a_ice,0.07393
LR_meltpond_nofix20yr,1919,2,interior,a_ice,0.09613
LR_meltpond_nofix20yr,1919,3,interior,a_ice,0.05711
LR_meltpond_nofix20yr,1919,4,interior,a_ice,0.06411
LR_meltpond_nofix20yr,1919,5,interior,a_ice,0.05541
LR_meltpond_nofix20yr,1919,6,interior,a_ice,0.00747
LR_meltpond_nofix20yr,1919,7,interior,a_ice,0.00014
LR_meltpond_nofix20yr,1919,8,interior,a_ice,0.00000
LR_meltpond_nofix20yr,1919,9,interior,a_ice,0.00000
LR_meltpond_nofix20yr,1919,10,interior,a_ice,0.00000
LR_meltpond_nofix20yr,1919,11,interior,a_ice,0.00000
LR_meltpond_nofix20yr,1919,12,interior,a_ice,0.03101
LR_meltpond_nofix20yr,1919,1,labsea,MLD2,1414.99688
LR_meltpond_nofix20yr,1919,2,labsea,MLD2,1540.48566
LR_meltpond_nofix20yr,1919,3,labsea,MLD2,1506.05734
LR_meltpond_nofix20yr,1919,4,labsea,MLD2,1263.40469
LR_meltpond_nofix20yr,1919,5,labsea,MLD2,919.58796
LR_meltpond_nofix20yr,1919,6,labsea,MLD2,20.28927
LR_meltpond_nofix20yr,1919,7,labsea,MLD2,14.54264
LR_meltpond_nofix20yr,1919,8,labsea,MLD2,15.13539
LR_meltpond_nofix20yr,1919,9,labsea,MLD2,20.45016
LR_meltpond_nofix20yr,1919,10,labsea,MLD2,29.47947
LR_meltpond_nofix20yr,1919,11,labsea,MLD2,47.30242
LR_meltpond_nofix20yr,1919,12,labsea,MLD2,502.17415
LR_meltpond_nofix20yr,1919,1,interior,MLD2,2430.41846
LR_meltpond_nofix20yr,1919,2,interior,MLD2,2398.20628
LR_meltpond_nofix20yr,1919,3,interior,MLD2,2334.76216
LR_meltpond_nofix20yr,1919,4,interior,MLD2,2027.23837
LR_meltpond_nofix20yr,1919,5,interior,MLD2,1435.94192
LR_meltpond_nofix20yr,1919,6,interior,MLD2,31.63652
LR_meltpond_nofix20yr,1919,7,interior,MLD2,16.86689
LR_meltpond_nofix20yr,1919,8,interior,MLD2,16.68052
LR_meltpond_nofix20yr,1919,9,interior,MLD2,19.83349
LR_meltpond_nofix20yr,1919,10,interior,MLD2,32.20515
LR_meltpond_nofix20yr,1919,11,interior,MLD2,61.06129
LR_meltpond_nofix20yr,1919,12,interior,MLD2,1045.64827
