PI200_all3,1560,1,labsea,a_ice,0.28947
PI200_all3,1560,2,labsea,a_ice,0.36352
PI200_all3,1560,3,labsea,a_ice,0.36363
PI200_all3,1560,4,labsea,a_ice,0.29304
PI200_all3,1560,5,labsea,a_ice,0.18467
PI200_all3,1560,6,labsea,a_ice,0.09603
PI200_all3,1560,7,labsea,a_ice,0.01691
PI200_all3,1560,8,labsea,a_ice,0.00070
PI200_all3,1560,9,labsea,a_ice,0.00000
PI200_all3,1560,10,labsea,a_ice,0.00192
PI200_all3,1560,11,labsea,a_ice,0.03722
PI200_all3,1560,12,labsea,a_ice,0.13174
PI200_all3,1560,1,interior,a_ice,0.08501
PI200_all3,1560,2,interior,a_ice,0.21929
PI200_all3,1560,3,interior,a_ice,0.19200
PI200_all3,1560,4,interior,a_ice,0.14791
PI200_all3,1560,5,interior,a_ice,0.05936
PI200_all3,1560,6,interior,a_ice,0.01352
PI200_all3,1560,7,interior,a_ice,0.00003
PI200_all3,1560,8,interior,a_ice,0.00000
PI200_all3,1560,9,interior,a_ice,0.00000
PI200_all3,1560,10,interior,a_ice,0.00000
PI200_all3,1560,11,interior,a_ice,0.00000
PI200_all3,1560,12,interior,a_ice,0.02303
PI200_all3,1560,1,labsea,MLD2,855.15895
PI200_all3,1560,2,labsea,MLD2,1231.40209
PI200_all3,1560,3,labsea,MLD2,1095.80920
PI200_all3,1560,4,labsea,MLD2,844.52648
PI200_all3,1560,5,labsea,MLD2,298.11947
PI200_all3,1560,6,labsea,MLD2,14.27510
PI200_all3,1560,7,labsea,MLD2,13.31134
PI200_all3,1560,8,labsea,MLD2,13.60324
PI200_all3,1560,9,labsea,MLD2,19.38467
PI200_all3,1560,10,labsea,MLD2,26.42392
PI200_all3,1560,11,labsea,MLD2,55.48763
PI200_all3,1560,12,labsea,MLD2,236.03839
PI200_all3,1560,1,interior,MLD2,1167.47812
PI200_all3,1560,2,interior,MLD2,1731.99833
PI200_all3,1560,3,interior,MLD2,1572.21885
PI200_all3,1560,4,interior,MLD2,1223.69559
PI200_all3,1560,5,interior,MLD2,380.30289
PI200_all3,1560,6,interior,MLD2,17.37163
PI200_all3,1560,7,interior,MLD2,14.85924
PI200_all3,1560,8,interior,MLD2,15.82624
PI200_all3,1560,9,interior,MLD2,22.41758
PI200_all3,1560,10,interior,MLD2,31.13887
PI200_all3,1560,11,interior,MLD2,88.89892
PI200_all3,1560,12,interior,MLD2,413.89348
PI200_all3,1561,1,labsea,a_ice,0.24367
PI200_all3,1561,2,labsea,a_ice,0.26295
PI200_all3,1561,3,labsea,a_ice,0.26444
PI200_all3,1561,4,labsea,a_ice,0.28433
PI200_all3,1561,5,labsea,a_ice,0.25237
PI200_all3,1561,6,labsea,a_ice,0.15384
PI200_all3,1561,7,labsea,a_ice,0.02098
PI200_all3,1561,8,labsea,a_ice,0.00000
PI200_all3,1561,9,labsea,a_ice,0.00000
PI200_all3,1561,10,labsea,a_ice,0.00000
PI200_all3,1561,11,labsea,a_ice,0.02536
PI200_all3,1561,12,labsea,a_ice,0.21297
PI200_all3,1561,1,interior,a_ice,0.06396
PI200_all3,1561,2,interior,a_ice,0.06081
PI200_all3,1561,3,interior,a_ice,0.07002
PI200_all3,1561,4,interior,a_ice,0.10805
PI200_all3,1561,5,interior,a_ice,0.07208
PI200_all3,1561,6,interior,a_ice,0.02256
PI200_all3,1561,7,interior,a_ice,0.00403
PI200_all3,1561,8,interior,a_ice,0.00000
PI200_all3,1561,9,interior,a_ice,0.00000
PI200_all3,1561,10,interior,a_ice,0.00000
PI200_all3,1561,11,interior,a_ice,0.00095
PI200_all3,1561,12,interior,a_ice,0.06720
PI200_all3,1561,1,labsea,MLD2,902.03413
PI200_all3,1561,2,labsea,MLD2,1049.27451
PI200_all3,1561,3,labsea,MLD2,1290.46036
PI200_all3,1561,4,labsea,MLD2,1020.71009
PI200_all3,1561,5,labsea,MLD2,227.93044
PI200_all3,1561,6,labsea,MLD2,13.83684
PI200_all3,1561,7,labsea,MLD2,12.41575
PI200_all3,1561,8,labsea,MLD2,13.78422
PI200_all3,1561,9,labsea,MLD2,16.02642
PI200_all3,1561,10,labsea,MLD2,20.95920
PI200_all3,1561,11,labsea,MLD2,31.64535
PI200_all3,1561,12,labsea,MLD2,83.26200
PI200_all3,1561,1,interior,MLD2,1624.36155
PI200_all3,1561,2,interior,MLD2,1881.31821
PI200_all3,1561,3,interior,MLD2,2037.24516
PI200_all3,1561,4,interior,MLD2,1511.21540
PI200_all3,1561,5,interior,MLD2,270.75967
PI200_all3,1561,6,interior,MLD2,14.15324
PI200_all3,1561,7,interior,MLD2,14.01809
PI200_all3,1561,8,interior,MLD2,15.06861
PI200_all3,1561,9,interior,MLD2,16.22391
PI200_all3,1561,10,interior,MLD2,21.77326
PI200_all3,1561,11,interior,MLD2,35.44106
PI200_all3,1561,12,interior,MLD2,155.98208
PI200_all3,1562,1,labsea,a_ice,0.31624
PI200_all3,1562,2,labsea,a_ice,0.38426
PI200_all3,1562,3,labsea,a_ice,0.44540
PI200_all3,1562,4,labsea,a_ice,0.32462
PI200_all3,1562,5,labsea,a_ice,0.24087
PI200_all3,1562,6,labsea,a_ice,0.15079
PI200_all3,1562,7,labsea,a_ice,0.05654
PI200_all3,1562,8,labsea,a_ice,0.00459
PI200_all3,1562,9,labsea,a_ice,0.00000
PI200_all3,1562,10,labsea,a_ice,0.00000
PI200_all3,1562,11,labsea,a_ice,0.03532
PI200_all3,1562,12,labsea,a_ice,0.14417
PI200_all3,1562,1,interior,a_ice,0.14110
PI200_all3,1562,2,interior,a_ice,0.22710
PI200_all3,1562,3,interior,a_ice,0.31047
PI200_all3,1562,4,interior,a_ice,0.17938
PI200_all3,1562,5,interior,a_ice,0.05464
PI200_all3,1562,6,interior,a_ice,0.01676
PI200_all3,1562,7,interior,a_ice,0.00887
PI200_all3,1562,8,interior,a_ice,0.00000
PI200_all3,1562,9,interior,a_ice,0.00000
PI200_all3,1562,10,interior,a_ice,0.00000
PI200_all3,1562,11,interior,a_ice,0.00063
PI200_all3,1562,12,interior,a_ice,0.01854
PI200_all3,1562,1,labsea,MLD2,751.79039
PI200_all3,1562,2,labsea,MLD2,956.20495
PI200_all3,1562,3,labsea,MLD2,845.11370
PI200_all3,1562,4,labsea,MLD2,474.65037
PI200_all3,1562,5,labsea,MLD2,81.41643
PI200_all3,1562,6,labsea,MLD2,13.31437
PI200_all3,1562,7,labsea,MLD2,11.81068
PI200_all3,1562,8,labsea,MLD2,14.93586
PI200_all3,1562,9,labsea,MLD2,17.70615
PI200_all3,1562,10,labsea,MLD2,22.11267
PI200_all3,1562,11,labsea,MLD2,40.94579
PI200_all3,1562,12,labsea,MLD2,147.84179
PI200_all3,1562,1,interior,MLD2,1221.87148
PI200_all3,1562,2,interior,MLD2,1386.57983
PI200_all3,1562,3,interior,MLD2,1137.07636
PI200_all3,1562,4,interior,MLD2,450.61641
PI200_all3,1562,5,interior,MLD2,27.19054
PI200_all3,1562,6,interior,MLD2,15.41196
PI200_all3,1562,7,interior,MLD2,13.95050
PI200_all3,1562,8,interior,MLD2,16.78522
PI200_all3,1562,9,interior,MLD2,17.36806
PI200_all3,1562,10,interior,MLD2,20.92621
PI200_all3,1562,11,interior,MLD2,50.11694
PI200_all3,1562,12,interior,MLD2,256.26580
PI200_all3,1563,1,labsea,a_ice,0.26998
PI200_all3,1563,2,labsea,a_ice,0.30740
PI200_all3,1563,3,labsea,a_ice,0.30614
PI200_all3,1563,4,labsea,a_ice,0.26016
PI200_all3,1563,5,labsea,a_ice,0.20203
PI200_all3,1563,6,labsea,a_ice,0.10898
PI200_all3,1563,7,labsea,a_ice,0.03820
PI200_all3,1563,8,labsea,a_ice,0.00253
PI200_all3,1563,9,labsea,a_ice,0.00000
PI200_all3,1563,10,labsea,a_ice,0.00764
PI200_all3,1563,11,labsea,a_ice,0.04034
PI200_all3,1563,12,labsea,a_ice,0.16369
PI200_all3,1563,1,interior,a_ice,0.07394
PI200_all3,1563,2,interior,a_ice,0.14086
PI200_all3,1563,3,interior,a_ice,0.12177
PI200_all3,1563,4,interior,a_ice,0.08185
PI200_all3,1563,5,interior,a_ice,0.04004
PI200_all3,1563,6,interior,a_ice,0.00424
PI200_all3,1563,7,interior,a_ice,0.00528
PI200_all3,1563,8,interior,a_ice,0.00000
PI200_all3,1563,9,interior,a_ice,0.00000
PI200_all3,1563,10,interior,a_ice,0.00000
PI200_all3,1563,11,interior,a_ice,0.00002
PI200_all3,1563,12,interior,a_ice,0.02377
PI200_all3,1563,1,labsea,MLD2,1072.39977
PI200_all3,1563,2,labsea,MLD2,1210.22461
PI200_all3,1563,3,labsea,MLD2,1049.16538
PI200_all3,1563,4,labsea,MLD2,739.41100
PI200_all3,1563,5,labsea,MLD2,197.66369
PI200_all3,1563,6,labsea,MLD2,16.90906
PI200_all3,1563,7,labsea,MLD2,14.01088
PI200_all3,1563,8,labsea,MLD2,14.68730
PI200_all3,1563,9,labsea,MLD2,17.23949
PI200_all3,1563,10,labsea,MLD2,26.47609
PI200_all3,1563,11,labsea,MLD2,34.95960
PI200_all3,1563,12,labsea,MLD2,49.37607
PI200_all3,1563,1,interior,MLD2,1829.02272
PI200_all3,1563,2,interior,MLD2,1767.30652
PI200_all3,1563,3,interior,MLD2,1606.15506
PI200_all3,1563,4,interior,MLD2,1110.11499
PI200_all3,1563,5,interior,MLD2,261.00084
PI200_all3,1563,6,interior,MLD2,20.45287
PI200_all3,1563,7,interior,MLD2,15.85010
PI200_all3,1563,8,interior,MLD2,16.74250
PI200_all3,1563,9,interior,MLD2,19.22923
PI200_all3,1563,10,interior,MLD2,26.88933
PI200_all3,1563,11,interior,MLD2,35.01159
PI200_all3,1563,12,interior,MLD2,43.18908
PI200_all3,1564,1,labsea,a_ice,0.33040
PI200_all3,1564,2,labsea,a_ice,0.34814
PI200_all3,1564,3,labsea,a_ice,0.34896
PI200_all3,1564,4,labsea,a_ice,0.33560
PI200_all3,1564,5,labsea,a_ice,0.23706
PI200_all3,1564,6,labsea,a_ice,0.09320
PI200_all3,1564,7,labsea,a_ice,0.01167
PI200_all3,1564,8,labsea,a_ice,0.00023
PI200_all3,1564,9,labsea,a_ice,0.00000
PI200_all3,1564,10,labsea,a_ice,0.00579
PI200_all3,1564,11,labsea,a_ice,0.07643
PI200_all3,1564,12,labsea,a_ice,0.24518
PI200_all3,1564,1,interior,a_ice,0.16242
PI200_all3,1564,2,interior,a_ice,0.18856
PI200_all3,1564,3,interior,a_ice,0.15376
PI200_all3,1564,4,interior,a_ice,0.15138
PI200_all3,1564,5,interior,a_ice,0.10429
PI200_all3,1564,6,interior,a_ice,0.02897
PI200_all3,1564,7,interior,a_ice,0.00001
PI200_all3,1564,8,interior,a_ice,0.00000
PI200_all3,1564,9,interior,a_ice,0.00000
PI200_all3,1564,10,interior,a_ice,0.00000
PI200_all3,1564,11,interior,a_ice,0.00127
PI200_all3,1564,12,interior,a_ice,0.12331
PI200_all3,1564,1,labsea,MLD2,283.08203
PI200_all3,1564,2,labsea,MLD2,555.02602
PI200_all3,1564,3,labsea,MLD2,609.38985
PI200_all3,1564,4,labsea,MLD2,526.49841
PI200_all3,1564,5,labsea,MLD2,62.10943
PI200_all3,1564,6,labsea,MLD2,12.62108
PI200_all3,1564,7,labsea,MLD2,14.63271
PI200_all3,1564,8,labsea,MLD2,13.34046
PI200_all3,1564,9,labsea,MLD2,17.52632
PI200_all3,1564,10,labsea,MLD2,22.81777
PI200_all3,1564,11,labsea,MLD2,35.83437
PI200_all3,1564,12,labsea,MLD2,67.39790
PI200_all3,1564,1,interior,MLD2,116.70811
PI200_all3,1564,2,interior,MLD2,354.70476
PI200_all3,1564,3,interior,MLD2,519.64763
PI200_all3,1564,4,interior,MLD2,421.37099
PI200_all3,1564,5,interior,MLD2,68.21045
PI200_all3,1564,6,interior,MLD2,12.68351
PI200_all3,1564,7,interior,MLD2,15.91610
PI200_all3,1564,8,interior,MLD2,14.62046
PI200_all3,1564,9,interior,MLD2,18.01805
PI200_all3,1564,10,interior,MLD2,24.05253
PI200_all3,1564,11,interior,MLD2,46.01525
PI200_all3,1564,12,interior,MLD2,98.44402
PI200_all3,1565,1,labsea,a_ice,0.47952
PI200_all3,1565,2,labsea,a_ice,0.51734
PI200_all3,1565,3,labsea,a_ice,0.42308
PI200_all3,1565,4,labsea,a_ice,0.51556
PI200_all3,1565,5,labsea,a_ice,0.31182
PI200_all3,1565,6,labsea,a_ice,0.17063
PI200_all3,1565,7,labsea,a_ice,0.06940
PI200_all3,1565,8,labsea,a_ice,0.00254
PI200_all3,1565,9,labsea,a_ice,0.00000
PI200_all3,1565,10,labsea,a_ice,0.00806
PI200_all3,1565,11,labsea,a_ice,0.06742
PI200_all3,1565,12,labsea,a_ice,0.18635
PI200_all3,1565,1,interior,a_ice,0.63097
PI200_all3,1565,2,interior,a_ice,0.53547
PI200_all3,1565,3,interior,a_ice,0.33103
PI200_all3,1565,4,interior,a_ice,0.60611
PI200_all3,1565,5,interior,a_ice,0.16719
PI200_all3,1565,6,interior,a_ice,0.02687
PI200_all3,1565,7,interior,a_ice,0.00020
PI200_all3,1565,8,interior,a_ice,0.00000
PI200_all3,1565,9,interior,a_ice,0.00000
PI200_all3,1565,10,interior,a_ice,0.00000
PI200_all3,1565,11,interior,a_ice,0.00074
PI200_all3,1565,12,interior,a_ice,0.03742
PI200_all3,1565,1,labsea,MLD2,360.56297
PI200_all3,1565,2,labsea,MLD2,537.10843
PI200_all3,1565,3,labsea,MLD2,525.54018
PI200_all3,1565,4,labsea,MLD2,401.55746
PI200_all3,1565,5,labsea,MLD2,124.15276
PI200_all3,1565,6,labsea,MLD2,15.73628
PI200_all3,1565,7,labsea,MLD2,11.93038
PI200_all3,1565,8,labsea,MLD2,13.67532
PI200_all3,1565,9,labsea,MLD2,17.08246
PI200_all3,1565,10,labsea,MLD2,24.35838
PI200_all3,1565,11,labsea,MLD2,39.60176
PI200_all3,1565,12,labsea,MLD2,117.91077
PI200_all3,1565,1,interior,MLD2,66.34281
PI200_all3,1565,2,interior,MLD2,128.00037
PI200_all3,1565,3,interior,MLD2,243.81613
PI200_all3,1565,4,interior,MLD2,109.11842
PI200_all3,1565,5,interior,MLD2,16.97571
PI200_all3,1565,6,interior,MLD2,16.08759
PI200_all3,1565,7,interior,MLD2,13.14519
PI200_all3,1565,8,interior,MLD2,15.05556
PI200_all3,1565,9,interior,MLD2,17.57384
PI200_all3,1565,10,interior,MLD2,26.98656
PI200_all3,1565,11,interior,MLD2,42.14090
PI200_all3,1565,12,interior,MLD2,140.75533
PI200_all3,1566,1,labsea,a_ice,0.32172
PI200_all3,1566,2,labsea,a_ice,0.39526
PI200_all3,1566,3,labsea,a_ice,0.39731
PI200_all3,1566,4,labsea,a_ice,0.32850
PI200_all3,1566,5,labsea,a_ice,0.25645
PI200_all3,1566,6,labsea,a_ice,0.14135
PI200_all3,1566,7,labsea,a_ice,0.03207
PI200_all3,1566,8,labsea,a_ice,0.00144
PI200_all3,1566,9,labsea,a_ice,0.00000
PI200_all3,1566,10,labsea,a_ice,0.00189
PI200_all3,1566,11,labsea,a_ice,0.05134
PI200_all3,1566,12,labsea,a_ice,0.19953
PI200_all3,1566,1,interior,a_ice,0.16240
PI200_all3,1566,2,interior,a_ice,0.25996
PI200_all3,1566,3,interior,a_ice,0.30852
PI200_all3,1566,4,interior,a_ice,0.21350
PI200_all3,1566,5,interior,a_ice,0.17150
PI200_all3,1566,6,interior,a_ice,0.06344
PI200_all3,1566,7,interior,a_ice,0.00262
PI200_all3,1566,8,interior,a_ice,0.00000
PI200_all3,1566,9,interior,a_ice,0.00000
PI200_all3,1566,10,interior,a_ice,0.00000
PI200_all3,1566,11,interior,a_ice,0.00019
PI200_all3,1566,12,interior,a_ice,0.04153
PI200_all3,1566,1,labsea,MLD2,467.55455
PI200_all3,1566,2,labsea,MLD2,913.21198
PI200_all3,1566,3,labsea,MLD2,839.25289
PI200_all3,1566,4,labsea,MLD2,566.88376
PI200_all3,1566,5,labsea,MLD2,228.74104
PI200_all3,1566,6,labsea,MLD2,26.73292
PI200_all3,1566,7,labsea,MLD2,14.86049
PI200_all3,1566,8,labsea,MLD2,13.13028
PI200_all3,1566,9,labsea,MLD2,15.24508
PI200_all3,1566,10,labsea,MLD2,21.63454
PI200_all3,1566,11,labsea,MLD2,35.42202
PI200_all3,1566,12,labsea,MLD2,243.57711
PI200_all3,1566,1,interior,MLD2,661.02448
PI200_all3,1566,2,interior,MLD2,1455.98642
PI200_all3,1566,3,interior,MLD2,1073.29141
PI200_all3,1566,4,interior,MLD2,651.59921
PI200_all3,1566,5,interior,MLD2,153.95041
PI200_all3,1566,6,interior,MLD2,17.20859
PI200_all3,1566,7,interior,MLD2,16.19274
PI200_all3,1566,8,interior,MLD2,14.45499
PI200_all3,1566,9,interior,MLD2,16.02394
PI200_all3,1566,10,interior,MLD2,20.83035
PI200_all3,1566,11,interior,MLD2,38.87596
PI200_all3,1566,12,interior,MLD2,395.70682
PI200_all3,1567,1,labsea,a_ice,0.34053
PI200_all3,1567,2,labsea,a_ice,0.34764
PI200_all3,1567,3,labsea,a_ice,0.33559
PI200_all3,1567,4,labsea,a_ice,0.25098
PI200_all3,1567,5,labsea,a_ice,0.23624
PI200_all3,1567,6,labsea,a_ice,0.16609
PI200_all3,1567,7,labsea,a_ice,0.03351
PI200_all3,1567,8,labsea,a_ice,0.00003
PI200_all3,1567,9,labsea,a_ice,0.00000
PI200_all3,1567,10,labsea,a_ice,0.00278
PI200_all3,1567,11,labsea,a_ice,0.04094
PI200_all3,1567,12,labsea,a_ice,0.17318
PI200_all3,1567,1,interior,a_ice,0.17413
PI200_all3,1567,2,interior,a_ice,0.19701
PI200_all3,1567,3,interior,a_ice,0.14795
PI200_all3,1567,4,interior,a_ice,0.06385
PI200_all3,1567,5,interior,a_ice,0.08072
PI200_all3,1567,6,interior,a_ice,0.05158
PI200_all3,1567,7,interior,a_ice,0.00504
PI200_all3,1567,8,interior,a_ice,0.00000
PI200_all3,1567,9,interior,a_ice,0.00000
PI200_all3,1567,10,interior,a_ice,0.00000
PI200_all3,1567,11,interior,a_ice,0.00002
PI200_all3,1567,12,interior,a_ice,0.04062
PI200_all3,1567,1,labsea,MLD2,1071.93400
PI200_all3,1567,2,labsea,MLD2,1148.56512
PI200_all3,1567,3,labsea,MLD2,1105.19521
PI200_all3,1567,4,labsea,MLD2,870.86583
PI200_all3,1567,5,labsea,MLD2,505.40021
PI200_all3,1567,6,labsea,MLD2,28.37614
PI200_all3,1567,7,labsea,MLD2,12.63025
PI200_all3,1567,8,labsea,MLD2,12.86673
PI200_all3,1567,9,labsea,MLD2,16.25829
PI200_all3,1567,10,labsea,MLD2,23.42468
PI200_all3,1567,11,labsea,MLD2,28.21530
PI200_all3,1567,12,labsea,MLD2,103.07129
PI200_all3,1567,1,interior,MLD2,1737.66369
PI200_all3,1567,2,interior,MLD2,1574.53327
PI200_all3,1567,3,interior,MLD2,1582.54365
PI200_all3,1567,4,interior,MLD2,1334.54506
PI200_all3,1567,5,interior,MLD2,681.82504
PI200_all3,1567,6,interior,MLD2,35.86840
PI200_all3,1567,7,interior,MLD2,13.58309
PI200_all3,1567,8,interior,MLD2,14.81594
PI200_all3,1567,9,interior,MLD2,16.56952
PI200_all3,1567,10,interior,MLD2,21.75178
PI200_all3,1567,11,interior,MLD2,28.11065
PI200_all3,1567,12,interior,MLD2,85.96915
PI200_all3,1568,1,labsea,a_ice,0.32614
PI200_all3,1568,2,labsea,a_ice,0.29779
PI200_all3,1568,3,labsea,a_ice,0.27706
PI200_all3,1568,4,labsea,a_ice,0.26098
PI200_all3,1568,5,labsea,a_ice,0.24865
PI200_all3,1568,6,labsea,a_ice,0.13203
PI200_all3,1568,7,labsea,a_ice,0.01728
PI200_all3,1568,8,labsea,a_ice,0.00000
PI200_all3,1568,9,labsea,a_ice,0.00000
PI200_all3,1568,10,labsea,a_ice,0.00000
PI200_all3,1568,11,labsea,a_ice,0.02559
PI200_all3,1568,12,labsea,a_ice,0.18888
PI200_all3,1568,1,interior,a_ice,0.14570
PI200_all3,1568,2,interior,a_ice,0.09327
PI200_all3,1568,3,interior,a_ice,0.08613
PI200_all3,1568,4,interior,a_ice,0.09087
PI200_all3,1568,5,interior,a_ice,0.08901
PI200_all3,1568,6,interior,a_ice,0.10363
PI200_all3,1568,7,interior,a_ice,0.01386
PI200_all3,1568,8,interior,a_ice,0.00000
PI200_all3,1568,9,interior,a_ice,0.00000
PI200_all3,1568,10,interior,a_ice,0.00000
PI200_all3,1568,11,interior,a_ice,0.00011
PI200_all3,1568,12,interior,a_ice,0.06199
PI200_all3,1568,1,labsea,MLD2,999.60206
PI200_all3,1568,2,labsea,MLD2,1295.01593
PI200_all3,1568,3,labsea,MLD2,1157.50350
PI200_all3,1568,4,labsea,MLD2,879.66033
PI200_all3,1568,5,labsea,MLD2,460.02267
PI200_all3,1568,6,labsea,MLD2,14.40927
PI200_all3,1568,7,labsea,MLD2,11.36732
PI200_all3,1568,8,labsea,MLD2,13.42435
PI200_all3,1568,9,labsea,MLD2,16.80858
PI200_all3,1568,10,labsea,MLD2,22.71634
PI200_all3,1568,11,labsea,MLD2,36.71212
PI200_all3,1568,12,labsea,MLD2,205.37138
PI200_all3,1568,1,interior,MLD2,1439.90897
PI200_all3,1568,2,interior,MLD2,1958.85875
PI200_all3,1568,3,interior,MLD2,1721.24573
PI200_all3,1568,4,interior,MLD2,1111.76487
PI200_all3,1568,5,interior,MLD2,486.55599
PI200_all3,1568,6,interior,MLD2,14.09910
PI200_all3,1568,7,interior,MLD2,12.38376
PI200_all3,1568,8,interior,MLD2,13.63937
PI200_all3,1568,9,interior,MLD2,16.32074
PI200_all3,1568,10,interior,MLD2,22.15508
PI200_all3,1568,11,interior,MLD2,36.55800
PI200_all3,1568,12,interior,MLD2,258.85780
PI200_all3,1569,1,labsea,a_ice,0.32138
PI200_all3,1569,2,labsea,a_ice,0.36470
PI200_all3,1569,3,labsea,a_ice,0.31296
PI200_all3,1569,4,labsea,a_ice,0.26482
PI200_all3,1569,5,labsea,a_ice,0.21754
PI200_all3,1569,6,labsea,a_ice,0.14463
PI200_all3,1569,7,labsea,a_ice,0.04272
PI200_all3,1569,8,labsea,a_ice,0.00760
PI200_all3,1569,9,labsea,a_ice,0.00002
PI200_all3,1569,10,labsea,a_ice,0.00448
PI200_all3,1569,11,labsea,a_ice,0.03547
PI200_all3,1569,12,labsea,a_ice,0.17592
PI200_all3,1569,1,interior,a_ice,0.13205
PI200_all3,1569,2,interior,a_ice,0.21033
PI200_all3,1569,3,interior,a_ice,0.11800
PI200_all3,1569,4,interior,a_ice,0.11792
PI200_all3,1569,5,interior,a_ice,0.05123
PI200_all3,1569,6,interior,a_ice,0.04975
PI200_all3,1569,7,interior,a_ice,0.00030
PI200_all3,1569,8,interior,a_ice,0.00000
PI200_all3,1569,9,interior,a_ice,0.00000
PI200_all3,1569,10,interior,a_ice,0.00000
PI200_all3,1569,11,interior,a_ice,0.00021
PI200_all3,1569,12,interior,a_ice,0.04652
PI200_all3,1569,1,labsea,MLD2,1036.57462
PI200_all3,1569,2,labsea,MLD2,1127.42906
PI200_all3,1569,3,labsea,MLD2,960.52277
PI200_all3,1569,4,labsea,MLD2,644.66862
PI200_all3,1569,5,labsea,MLD2,147.09321
PI200_all3,1569,6,labsea,MLD2,15.44516
PI200_all3,1569,7,labsea,MLD2,13.17957
PI200_all3,1569,8,labsea,MLD2,12.84201
PI200_all3,1569,9,labsea,MLD2,15.15013
PI200_all3,1569,10,labsea,MLD2,22.46759
PI200_all3,1569,11,labsea,MLD2,30.71349
PI200_all3,1569,12,labsea,MLD2,126.28045
PI200_all3,1569,1,interior,MLD2,1617.29971
PI200_all3,1569,2,interior,MLD2,1686.02038
PI200_all3,1569,3,interior,MLD2,1537.86170
PI200_all3,1569,4,interior,MLD2,998.23258
PI200_all3,1569,5,interior,MLD2,205.97733
PI200_all3,1569,6,interior,MLD2,16.34908
PI200_all3,1569,7,interior,MLD2,14.39013
PI200_all3,1569,8,interior,MLD2,14.24451
PI200_all3,1569,9,interior,MLD2,16.10739
PI200_all3,1569,10,interior,MLD2,23.23854
PI200_all3,1569,11,interior,MLD2,30.30284
PI200_all3,1569,12,interior,MLD2,110.69461
PI200_all3,1570,1,labsea,a_ice,0.39062
PI200_all3,1570,2,labsea,a_ice,0.52194
PI200_all3,1570,3,labsea,a_ice,0.53541
PI200_all3,1570,4,labsea,a_ice,0.41331
PI200_all3,1570,5,labsea,a_ice,0.31692
PI200_all3,1570,6,labsea,a_ice,0.17824
PI200_all3,1570,7,labsea,a_ice,0.02204
PI200_all3,1570,8,labsea,a_ice,0.00058
PI200_all3,1570,9,labsea,a_ice,0.00000
PI200_all3,1570,10,labsea,a_ice,0.00005
PI200_all3,1570,11,labsea,a_ice,0.02417
PI200_all3,1570,12,labsea,a_ice,0.19908
PI200_all3,1570,1,interior,a_ice,0.29061
PI200_all3,1570,2,interior,a_ice,0.55640
PI200_all3,1570,3,interior,a_ice,0.50385
PI200_all3,1570,4,interior,a_ice,0.26831
PI200_all3,1570,5,interior,a_ice,0.09680
PI200_all3,1570,6,interior,a_ice,0.08516
PI200_all3,1570,7,interior,a_ice,0.00481
PI200_all3,1570,8,interior,a_ice,0.00000
PI200_all3,1570,9,interior,a_ice,0.00000
PI200_all3,1570,10,interior,a_ice,0.00000
PI200_all3,1570,11,interior,a_ice,0.00000
PI200_all3,1570,12,interior,a_ice,0.08133
PI200_all3,1570,1,labsea,MLD2,663.52340
PI200_all3,1570,2,labsea,MLD2,648.45855
PI200_all3,1570,3,labsea,MLD2,455.57527
PI200_all3,1570,4,labsea,MLD2,277.36108
PI200_all3,1570,5,labsea,MLD2,96.30065
PI200_all3,1570,6,labsea,MLD2,11.54142
PI200_all3,1570,7,labsea,MLD2,10.41868
PI200_all3,1570,8,labsea,MLD2,12.31923
PI200_all3,1570,9,labsea,MLD2,14.53299
PI200_all3,1570,10,labsea,MLD2,18.19147
PI200_all3,1570,11,labsea,MLD2,24.95372
PI200_all3,1570,12,labsea,MLD2,52.59593
PI200_all3,1570,1,interior,MLD2,873.62709
PI200_all3,1570,2,interior,MLD2,423.77377
PI200_all3,1570,3,interior,MLD2,286.54603
PI200_all3,1570,4,interior,MLD2,248.25709
PI200_all3,1570,5,interior,MLD2,84.45682
PI200_all3,1570,6,interior,MLD2,12.34532
PI200_all3,1570,7,interior,MLD2,11.47071
PI200_all3,1570,8,interior,MLD2,13.76125
PI200_all3,1570,9,interior,MLD2,15.17285
PI200_all3,1570,10,interior,MLD2,18.14428
PI200_all3,1570,11,interior,MLD2,24.37713
PI200_all3,1570,12,interior,MLD2,48.22203
PI200_all3,1571,1,labsea,a_ice,0.45518
PI200_all3,1571,2,labsea,a_ice,0.43126
PI200_all3,1571,3,labsea,a_ice,0.40156
PI200_all3,1571,4,labsea,a_ice,0.40431
PI200_all3,1571,5,labsea,a_ice,0.29551
PI200_all3,1571,6,labsea,a_ice,0.18183
PI200_all3,1571,7,labsea,a_ice,0.06715
PI200_all3,1571,8,labsea,a_ice,0.01198
PI200_all3,1571,9,labsea,a_ice,0.00086
PI200_all3,1571,10,labsea,a_ice,0.00214
PI200_all3,1571,11,labsea,a_ice,0.04527
PI200_all3,1571,12,labsea,a_ice,0.18041
PI200_all3,1571,1,interior,a_ice,0.39741
PI200_all3,1571,2,interior,a_ice,0.24926
PI200_all3,1571,3,interior,a_ice,0.24877
PI200_all3,1571,4,interior,a_ice,0.34128
PI200_all3,1571,5,interior,a_ice,0.12649
PI200_all3,1571,6,interior,a_ice,0.04788
PI200_all3,1571,7,interior,a_ice,0.01813
PI200_all3,1571,8,interior,a_ice,0.00000
PI200_all3,1571,9,interior,a_ice,0.00000
PI200_all3,1571,10,interior,a_ice,0.00000
PI200_all3,1571,11,interior,a_ice,0.00000
PI200_all3,1571,12,interior,a_ice,0.04566
PI200_all3,1571,1,labsea,MLD2,397.26073
PI200_all3,1571,2,labsea,MLD2,723.14838
PI200_all3,1571,3,labsea,MLD2,638.21905
PI200_all3,1571,4,labsea,MLD2,282.03889
PI200_all3,1571,5,labsea,MLD2,40.93167
PI200_all3,1571,6,labsea,MLD2,13.81826
PI200_all3,1571,7,labsea,MLD2,11.84839
PI200_all3,1571,8,labsea,MLD2,12.74413
PI200_all3,1571,9,labsea,MLD2,15.03467
PI200_all3,1571,10,labsea,MLD2,23.03696
PI200_all3,1571,11,labsea,MLD2,26.84430
PI200_all3,1571,12,labsea,MLD2,39.83115
PI200_all3,1571,1,interior,MLD2,360.23128
PI200_all3,1571,2,interior,MLD2,966.97217
PI200_all3,1571,3,interior,MLD2,1045.17355
PI200_all3,1571,4,interior,MLD2,271.37859
PI200_all3,1571,5,interior,MLD2,20.15444
PI200_all3,1571,6,interior,MLD2,14.84365
PI200_all3,1571,7,interior,MLD2,13.13667
PI200_all3,1571,8,interior,MLD2,14.36779
PI200_all3,1571,9,interior,MLD2,15.55291
PI200_all3,1571,10,interior,MLD2,25.12774
PI200_all3,1571,11,interior,MLD2,30.37696
PI200_all3,1571,12,interior,MLD2,49.35345
PI200_all3,1572,1,labsea,a_ice,0.30968
PI200_all3,1572,2,labsea,a_ice,0.33454
PI200_all3,1572,3,labsea,a_ice,0.35245
PI200_all3,1572,4,labsea,a_ice,0.27727
PI200_all3,1572,5,labsea,a_ice,0.20444
PI200_all3,1572,6,labsea,a_ice,0.12997
PI200_all3,1572,7,labsea,a_ice,0.03219
PI200_all3,1572,8,labsea,a_ice,0.00282
PI200_all3,1572,9,labsea,a_ice,0.00000
PI200_all3,1572,10,labsea,a_ice,0.00011
PI200_all3,1572,11,labsea,a_ice,0.03288
PI200_all3,1572,12,labsea,a_ice,0.16826
PI200_all3,1572,1,interior,a_ice,0.13238
PI200_all3,1572,2,interior,a_ice,0.12764
PI200_all3,1572,3,interior,a_ice,0.15688
PI200_all3,1572,4,interior,a_ice,0.08539
PI200_all3,1572,5,interior,a_ice,0.05280
PI200_all3,1572,6,interior,a_ice,0.03667
PI200_all3,1572,7,interior,a_ice,0.00535
PI200_all3,1572,8,interior,a_ice,0.00000
PI200_all3,1572,9,interior,a_ice,0.00000
PI200_all3,1572,10,interior,a_ice,0.00000
PI200_all3,1572,11,interior,a_ice,0.00000
PI200_all3,1572,12,interior,a_ice,0.04081
PI200_all3,1572,1,labsea,MLD2,103.77674
PI200_all3,1572,2,labsea,MLD2,389.46967
PI200_all3,1572,3,labsea,MLD2,688.69438
PI200_all3,1572,4,labsea,MLD2,443.17465
PI200_all3,1572,5,labsea,MLD2,115.68627
PI200_all3,1572,6,labsea,MLD2,19.32047
PI200_all3,1572,7,labsea,MLD2,12.55473
PI200_all3,1572,8,labsea,MLD2,14.04835
PI200_all3,1572,9,labsea,MLD2,20.42620
PI200_all3,1572,10,labsea,MLD2,24.61564
PI200_all3,1572,11,labsea,MLD2,44.37726
PI200_all3,1572,12,labsea,MLD2,125.03189
PI200_all3,1572,1,interior,MLD2,193.47360
PI200_all3,1572,2,interior,MLD2,848.54864
PI200_all3,1572,3,interior,MLD2,1356.15325
PI200_all3,1572,4,interior,MLD2,981.03376
PI200_all3,1572,5,interior,MLD2,267.42516
PI200_all3,1572,6,interior,MLD2,24.50296
PI200_all3,1572,7,interior,MLD2,14.70016
PI200_all3,1572,8,interior,MLD2,15.60266
PI200_all3,1572,9,interior,MLD2,23.91833
PI200_all3,1572,10,interior,MLD2,28.22272
PI200_all3,1572,11,interior,MLD2,59.93083
PI200_all3,1572,12,interior,MLD2,230.00375
PI200_all3,1573,1,labsea,a_ice,0.23263
PI200_all3,1573,2,labsea,a_ice,0.32604
PI200_all3,1573,3,labsea,a_ice,0.33496
PI200_all3,1573,4,labsea,a_ice,0.26888
PI200_all3,1573,5,labsea,a_ice,0.21690
PI200_all3,1573,6,labsea,a_ice,0.09247
PI200_all3,1573,7,labsea,a_ice,0.02821
PI200_all3,1573,8,labsea,a_ice,0.00025
PI200_all3,1573,9,labsea,a_ice,0.00000
PI200_all3,1573,10,labsea,a_ice,0.00003
PI200_all3,1573,11,labsea,a_ice,0.03133
PI200_all3,1573,12,labsea,a_ice,0.20502
PI200_all3,1573,1,interior,a_ice,0.05802
PI200_all3,1573,2,interior,a_ice,0.17219
PI200_all3,1573,3,interior,a_ice,0.20408
PI200_all3,1573,4,interior,a_ice,0.08684
PI200_all3,1573,5,interior,a_ice,0.05496
PI200_all3,1573,6,interior,a_ice,0.02718
PI200_all3,1573,7,interior,a_ice,0.00750
PI200_all3,1573,8,interior,a_ice,0.00000
PI200_all3,1573,9,interior,a_ice,0.00000
PI200_all3,1573,10,interior,a_ice,0.00000
PI200_all3,1573,11,interior,a_ice,0.00004
PI200_all3,1573,12,interior,a_ice,0.07263
PI200_all3,1573,1,labsea,MLD2,398.73673
PI200_all3,1573,2,labsea,MLD2,1166.93218
PI200_all3,1573,3,labsea,MLD2,1045.75300
PI200_all3,1573,4,labsea,MLD2,664.44951
PI200_all3,1573,5,labsea,MLD2,238.95297
PI200_all3,1573,6,labsea,MLD2,13.72365
PI200_all3,1573,7,labsea,MLD2,13.77613
PI200_all3,1573,8,labsea,MLD2,14.63457
PI200_all3,1573,9,labsea,MLD2,17.48703
PI200_all3,1573,10,labsea,MLD2,23.67391
PI200_all3,1573,11,labsea,MLD2,36.67190
PI200_all3,1573,12,labsea,MLD2,234.65642
PI200_all3,1573,1,interior,MLD2,846.90499
PI200_all3,1573,2,interior,MLD2,1692.65371
PI200_all3,1573,3,interior,MLD2,1321.08708
PI200_all3,1573,4,interior,MLD2,735.39660
PI200_all3,1573,5,interior,MLD2,206.16204
PI200_all3,1573,6,interior,MLD2,15.67528
PI200_all3,1573,7,interior,MLD2,15.81786
PI200_all3,1573,8,interior,MLD2,15.82752
PI200_all3,1573,9,interior,MLD2,17.84709
PI200_all3,1573,10,interior,MLD2,24.74252
PI200_all3,1573,11,interior,MLD2,37.06798
PI200_all3,1573,12,interior,MLD2,184.25763
PI200_all3,1574,1,labsea,a_ice,0.48044
PI200_all3,1574,2,labsea,a_ice,0.45501
PI200_all3,1574,3,labsea,a_ice,0.38266
PI200_all3,1574,4,labsea,a_ice,0.32362
PI200_all3,1574,5,labsea,a_ice,0.27749
PI200_all3,1574,6,labsea,a_ice,0.21351
PI200_all3,1574,7,labsea,a_ice,0.08528
PI200_all3,1574,8,labsea,a_ice,0.00815
PI200_all3,1574,9,labsea,a_ice,0.00006
PI200_all3,1574,10,labsea,a_ice,0.00086
PI200_all3,1574,11,labsea,a_ice,0.01557
PI200_all3,1574,12,labsea,a_ice,0.13887
PI200_all3,1574,1,interior,a_ice,0.52749
PI200_all3,1574,2,interior,a_ice,0.40646
PI200_all3,1574,3,interior,a_ice,0.27770
PI200_all3,1574,4,interior,a_ice,0.18830
PI200_all3,1574,5,interior,a_ice,0.08683
PI200_all3,1574,6,interior,a_ice,0.11249
PI200_all3,1574,7,interior,a_ice,0.03118
PI200_all3,1574,8,interior,a_ice,0.00000
PI200_all3,1574,9,interior,a_ice,0.00000
PI200_all3,1574,10,interior,a_ice,0.00000
PI200_all3,1574,11,interior,a_ice,0.00009
PI200_all3,1574,12,interior,a_ice,0.02220
PI200_all3,1574,1,labsea,MLD2,624.47261
PI200_all3,1574,2,labsea,MLD2,570.81852
PI200_all3,1574,3,labsea,MLD2,464.15127
PI200_all3,1574,4,labsea,MLD2,182.50311
PI200_all3,1574,5,labsea,MLD2,74.76823
PI200_all3,1574,6,labsea,MLD2,15.01160
PI200_all3,1574,7,labsea,MLD2,11.02130
PI200_all3,1574,8,labsea,MLD2,12.97218
PI200_all3,1574,9,labsea,MLD2,16.54946
PI200_all3,1574,10,labsea,MLD2,19.62255
PI200_all3,1574,11,labsea,MLD2,24.21666
PI200_all3,1574,12,labsea,MLD2,52.70909
PI200_all3,1574,1,interior,MLD2,531.61508
PI200_all3,1574,2,interior,MLD2,289.32860
PI200_all3,1574,3,interior,MLD2,312.65709
PI200_all3,1574,4,interior,MLD2,49.37894
PI200_all3,1574,5,interior,MLD2,19.09406
PI200_all3,1574,6,interior,MLD2,15.12942
PI200_all3,1574,7,interior,MLD2,11.30554
PI200_all3,1574,8,interior,MLD2,14.10487
PI200_all3,1574,9,interior,MLD2,17.01082
PI200_all3,1574,10,interior,MLD2,19.15320
PI200_all3,1574,11,interior,MLD2,23.93835
PI200_all3,1574,12,interior,MLD2,54.90994
PI200_all3,1575,1,labsea,a_ice,0.44253
PI200_all3,1575,2,labsea,a_ice,0.52760
PI200_all3,1575,3,labsea,a_ice,0.43199
PI200_all3,1575,4,labsea,a_ice,0.46175
PI200_all3,1575,5,labsea,a_ice,0.30310
PI200_all3,1575,6,labsea,a_ice,0.13940
PI200_all3,1575,7,labsea,a_ice,0.03288
PI200_all3,1575,8,labsea,a_ice,0.00315
PI200_all3,1575,9,labsea,a_ice,0.00011
PI200_all3,1575,10,labsea,a_ice,0.00700
PI200_all3,1575,11,labsea,a_ice,0.07539
PI200_all3,1575,12,labsea,a_ice,0.30862
PI200_all3,1575,1,interior,a_ice,0.33341
PI200_all3,1575,2,interior,a_ice,0.42280
PI200_all3,1575,3,interior,a_ice,0.29073
PI200_all3,1575,4,interior,a_ice,0.28932
PI200_all3,1575,5,interior,a_ice,0.17466
PI200_all3,1575,6,interior,a_ice,0.05933
PI200_all3,1575,7,interior,a_ice,0.00751
PI200_all3,1575,8,interior,a_ice,0.00000
PI200_all3,1575,9,interior,a_ice,0.00000
PI200_all3,1575,10,interior,a_ice,0.00000
PI200_all3,1575,11,interior,a_ice,0.00095
PI200_all3,1575,12,interior,a_ice,0.16116
PI200_all3,1575,1,labsea,MLD2,408.70204
PI200_all3,1575,2,labsea,MLD2,786.15543
PI200_all3,1575,3,labsea,MLD2,478.76491
PI200_all3,1575,4,labsea,MLD2,341.97315
PI200_all3,1575,5,labsea,MLD2,54.81705
PI200_all3,1575,6,labsea,MLD2,14.21532
PI200_all3,1575,7,labsea,MLD2,12.32329
PI200_all3,1575,8,labsea,MLD2,13.68516
PI200_all3,1575,9,labsea,MLD2,15.60932
PI200_all3,1575,10,labsea,MLD2,23.14809
PI200_all3,1575,11,labsea,MLD2,32.11983
PI200_all3,1575,12,labsea,MLD2,44.49130
PI200_all3,1575,1,interior,MLD2,505.62816
PI200_all3,1575,2,interior,MLD2,1115.28422
PI200_all3,1575,3,interior,MLD2,726.72950
PI200_all3,1575,4,interior,MLD2,581.07438
PI200_all3,1575,5,interior,MLD2,18.46819
PI200_all3,1575,6,interior,MLD2,15.29198
PI200_all3,1575,7,interior,MLD2,14.14118
PI200_all3,1575,8,interior,MLD2,15.40460
PI200_all3,1575,9,interior,MLD2,16.18873
PI200_all3,1575,10,interior,MLD2,23.25856
PI200_all3,1575,11,interior,MLD2,34.57667
PI200_all3,1575,12,interior,MLD2,54.56840
PI200_all3,1576,1,labsea,a_ice,0.54447
PI200_all3,1576,2,labsea,a_ice,0.65152
PI200_all3,1576,3,labsea,a_ice,0.61452
PI200_all3,1576,4,labsea,a_ice,0.57568
PI200_all3,1576,5,labsea,a_ice,0.43999
PI200_all3,1576,6,labsea,a_ice,0.22720
PI200_all3,1576,7,labsea,a_ice,0.04927
PI200_all3,1576,8,labsea,a_ice,0.00029
PI200_all3,1576,9,labsea,a_ice,0.00000
PI200_all3,1576,10,labsea,a_ice,0.00000
PI200_all3,1576,11,labsea,a_ice,0.01548
PI200_all3,1576,12,labsea,a_ice,0.17701
PI200_all3,1576,1,interior,a_ice,0.59856
PI200_all3,1576,2,interior,a_ice,0.81400
PI200_all3,1576,3,interior,a_ice,0.80638
PI200_all3,1576,4,interior,a_ice,0.65904
PI200_all3,1576,5,interior,a_ice,0.39193
PI200_all3,1576,6,interior,a_ice,0.12932
PI200_all3,1576,7,interior,a_ice,0.01705
PI200_all3,1576,8,interior,a_ice,0.00000
PI200_all3,1576,9,interior,a_ice,0.00000
PI200_all3,1576,10,interior,a_ice,0.00000
PI200_all3,1576,11,interior,a_ice,0.00011
PI200_all3,1576,12,interior,a_ice,0.03197
PI200_all3,1576,1,labsea,MLD2,388.50605
PI200_all3,1576,2,labsea,MLD2,517.10486
PI200_all3,1576,3,labsea,MLD2,413.91537
PI200_all3,1576,4,labsea,MLD2,314.47716
PI200_all3,1576,5,labsea,MLD2,36.60113
PI200_all3,1576,6,labsea,MLD2,11.56135
PI200_all3,1576,7,labsea,MLD2,9.53047
PI200_all3,1576,8,labsea,MLD2,13.68845
PI200_all3,1576,9,labsea,MLD2,17.25955
PI200_all3,1576,10,labsea,MLD2,23.47181
PI200_all3,1576,11,labsea,MLD2,29.04395
PI200_all3,1576,12,labsea,MLD2,49.97868
PI200_all3,1576,1,interior,MLD2,522.55494
PI200_all3,1576,2,interior,MLD2,268.11905
PI200_all3,1576,3,interior,MLD2,22.60645
PI200_all3,1576,4,interior,MLD2,22.76378
PI200_all3,1576,5,interior,MLD2,17.95781
PI200_all3,1576,6,interior,MLD2,12.38636
PI200_all3,1576,7,interior,MLD2,10.05944
PI200_all3,1576,8,interior,MLD2,14.89894
PI200_all3,1576,9,interior,MLD2,18.78264
PI200_all3,1576,10,interior,MLD2,25.31819
PI200_all3,1576,11,interior,MLD2,29.81726
PI200_all3,1576,12,interior,MLD2,47.38831
PI200_all3,1577,1,labsea,a_ice,0.32226
PI200_all3,1577,2,labsea,a_ice,0.37615
PI200_all3,1577,3,labsea,a_ice,0.33281
PI200_all3,1577,4,labsea,a_ice,0.29463
PI200_all3,1577,5,labsea,a_ice,0.25323
PI200_all3,1577,6,labsea,a_ice,0.16027
PI200_all3,1577,7,labsea,a_ice,0.05718
PI200_all3,1577,8,labsea,a_ice,0.00167
PI200_all3,1577,9,labsea,a_ice,0.00000
PI200_all3,1577,10,labsea,a_ice,0.00001
PI200_all3,1577,11,labsea,a_ice,0.01716
PI200_all3,1577,12,labsea,a_ice,0.10981
PI200_all3,1577,1,interior,a_ice,0.13727
PI200_all3,1577,2,interior,a_ice,0.19759
PI200_all3,1577,3,interior,a_ice,0.11314
PI200_all3,1577,4,interior,a_ice,0.08778
PI200_all3,1577,5,interior,a_ice,0.04851
PI200_all3,1577,6,interior,a_ice,0.01621
PI200_all3,1577,7,interior,a_ice,0.01936
PI200_all3,1577,8,interior,a_ice,0.00001
PI200_all3,1577,9,interior,a_ice,0.00000
PI200_all3,1577,10,interior,a_ice,0.00000
PI200_all3,1577,11,interior,a_ice,0.00000
PI200_all3,1577,12,interior,a_ice,0.00660
PI200_all3,1577,1,labsea,MLD2,334.33915
PI200_all3,1577,2,labsea,MLD2,1104.77332
PI200_all3,1577,3,labsea,MLD2,1289.84195
PI200_all3,1577,4,labsea,MLD2,1224.20707
PI200_all3,1577,5,labsea,MLD2,654.13457
PI200_all3,1577,6,labsea,MLD2,41.30452
PI200_all3,1577,7,labsea,MLD2,13.07559
PI200_all3,1577,8,labsea,MLD2,11.47473
PI200_all3,1577,9,labsea,MLD2,16.64824
PI200_all3,1577,10,labsea,MLD2,25.49311
PI200_all3,1577,11,labsea,MLD2,35.41589
PI200_all3,1577,12,labsea,MLD2,82.72458
PI200_all3,1577,1,interior,MLD2,298.84984
PI200_all3,1577,2,interior,MLD2,1742.11074
PI200_all3,1577,3,interior,MLD2,2154.77682
PI200_all3,1577,4,interior,MLD2,1968.41903
PI200_all3,1577,5,interior,MLD2,1106.58183
PI200_all3,1577,6,interior,MLD2,60.81587
PI200_all3,1577,7,interior,MLD2,15.66950
PI200_all3,1577,8,interior,MLD2,12.74041
PI200_all3,1577,9,interior,MLD2,19.68374
PI200_all3,1577,10,interior,MLD2,28.42773
PI200_all3,1577,11,interior,MLD2,40.65043
PI200_all3,1577,12,interior,MLD2,116.62125
PI200_all3,1578,1,labsea,a_ice,0.26588
PI200_all3,1578,2,labsea,a_ice,0.31949
PI200_all3,1578,3,labsea,a_ice,0.35221
PI200_all3,1578,4,labsea,a_ice,0.35210
PI200_all3,1578,5,labsea,a_ice,0.31852
PI200_all3,1578,6,labsea,a_ice,0.18454
PI200_all3,1578,7,labsea,a_ice,0.02951
PI200_all3,1578,8,labsea,a_ice,0.00047
PI200_all3,1578,9,labsea,a_ice,0.00000
PI200_all3,1578,10,labsea,a_ice,0.00251
PI200_all3,1578,11,labsea,a_ice,0.04683
PI200_all3,1578,12,labsea,a_ice,0.24886
PI200_all3,1578,1,interior,a_ice,0.07549
PI200_all3,1578,2,interior,a_ice,0.12064
PI200_all3,1578,3,interior,a_ice,0.19927
PI200_all3,1578,4,interior,a_ice,0.21234
PI200_all3,1578,5,interior,a_ice,0.14229
PI200_all3,1578,6,interior,a_ice,0.08762
PI200_all3,1578,7,interior,a_ice,0.00871
PI200_all3,1578,8,interior,a_ice,0.00000
PI200_all3,1578,9,interior,a_ice,0.00000
PI200_all3,1578,10,interior,a_ice,0.00000
PI200_all3,1578,11,interior,a_ice,0.00150
PI200_all3,1578,12,interior,a_ice,0.09039
PI200_all3,1578,1,labsea,MLD2,1011.23069
PI200_all3,1578,2,labsea,MLD2,1414.63260
PI200_all3,1578,3,labsea,MLD2,1247.53102
PI200_all3,1578,4,labsea,MLD2,980.09110
PI200_all3,1578,5,labsea,MLD2,416.28310
PI200_all3,1578,6,labsea,MLD2,14.22644
PI200_all3,1578,7,labsea,MLD2,12.47014
PI200_all3,1578,8,labsea,MLD2,13.09488
PI200_all3,1578,9,labsea,MLD2,17.82776
PI200_all3,1578,10,labsea,MLD2,24.03449
PI200_all3,1578,11,labsea,MLD2,32.93827
PI200_all3,1578,12,labsea,MLD2,103.00973
PI200_all3,1578,1,interior,MLD2,1692.43378
PI200_all3,1578,2,interior,MLD2,2128.28105
PI200_all3,1578,3,interior,MLD2,1800.65649
PI200_all3,1578,4,interior,MLD2,1274.27379
PI200_all3,1578,5,interior,MLD2,526.37511
PI200_all3,1578,6,interior,MLD2,15.62708
PI200_all3,1578,7,interior,MLD2,12.99727
PI200_all3,1578,8,interior,MLD2,14.00654
PI200_all3,1578,9,interior,MLD2,17.66980
PI200_all3,1578,10,interior,MLD2,23.35933
PI200_all3,1578,11,interior,MLD2,34.32399
PI200_all3,1578,12,interior,MLD2,211.17409
PI200_all3,1579,1,labsea,a_ice,0.39737
PI200_all3,1579,2,labsea,a_ice,0.39536
PI200_all3,1579,3,labsea,a_ice,0.41431
PI200_all3,1579,4,labsea,a_ice,0.42079
PI200_all3,1579,5,labsea,a_ice,0.33459
PI200_all3,1579,6,labsea,a_ice,0.17917
PI200_all3,1579,7,labsea,a_ice,0.04792
PI200_all3,1579,8,labsea,a_ice,0.00789
PI200_all3,1579,9,labsea,a_ice,0.00016
PI200_all3,1579,10,labsea,a_ice,0.00267
PI200_all3,1579,11,labsea,a_ice,0.04672
PI200_all3,1579,12,labsea,a_ice,0.15545
PI200_all3,1579,1,interior,a_ice,0.22928
PI200_all3,1579,2,interior,a_ice,0.21040
PI200_all3,1579,3,interior,a_ice,0.20169
PI200_all3,1579,4,interior,a_ice,0.23693
PI200_all3,1579,5,interior,a_ice,0.13866
PI200_all3,1579,6,interior,a_ice,0.03349
PI200_all3,1579,7,interior,a_ice,0.00001
PI200_all3,1579,8,interior,a_ice,0.00000
PI200_all3,1579,9,interior,a_ice,0.00000
PI200_all3,1579,10,interior,a_ice,0.00000
PI200_all3,1579,11,interior,a_ice,0.00156
PI200_all3,1579,12,interior,a_ice,0.03791
PI200_all3,1579,1,labsea,MLD2,646.53103
PI200_all3,1579,2,labsea,MLD2,740.79809
PI200_all3,1579,3,labsea,MLD2,765.27137
PI200_all3,1579,4,labsea,MLD2,562.52131
PI200_all3,1579,5,labsea,MLD2,215.84429
PI200_all3,1579,6,labsea,MLD2,12.07969
PI200_all3,1579,7,labsea,MLD2,11.67027
PI200_all3,1579,8,labsea,MLD2,14.91275
PI200_all3,1579,9,labsea,MLD2,20.79088
PI200_all3,1579,10,labsea,MLD2,25.17643
PI200_all3,1579,11,labsea,MLD2,34.47781
PI200_all3,1579,12,labsea,MLD2,73.09877
PI200_all3,1579,1,interior,MLD2,1250.81466
PI200_all3,1579,2,interior,MLD2,1278.83874
PI200_all3,1579,3,interior,MLD2,1394.32152
PI200_all3,1579,4,interior,MLD2,965.27092
PI200_all3,1579,5,interior,MLD2,401.76786
PI200_all3,1579,6,interior,MLD2,13.75481
PI200_all3,1579,7,interior,MLD2,13.72051
PI200_all3,1579,8,interior,MLD2,16.36493
PI200_all3,1579,9,interior,MLD2,23.02333
PI200_all3,1579,10,interior,MLD2,27.16151
PI200_all3,1579,11,interior,MLD2,39.69108
PI200_all3,1579,12,interior,MLD2,124.83532
