run,year,ohc_0-700,ohc_700-2000,ohc_2000+,ohc_SO,ohc_SPNA,ohc_NORDARC,ohc_REST,t2m_glob,t2m_nh,t2m_sh,t2m_6090n,t2m_6090s,t2m_land,t2m_sib,t2m_sib_djf,t2m_sib_jja,toa_net,sfc_net,ocean_in_Wm2_earth,sivoln_m03,sivoln_m09,sivols_m02,sivols_m09,siextentn_m03,siextentn_m09,siextents_m02,siextents_m09,heat_0-700,heat_700-2000,heat_2000+,heat_SO,heat_SPNA,heat_NORDARC,heat_REST
gmferr1800,2129,9.9532732304311e+24,6.333177313764289e+24,4.7930949389701484e+24,2.628589426101183e+24,4.155648620380826e+23,7.1324268067550914e+22,1.7964066926958728e+25,,,,,,,,,,,,,,,,,,,,,,,,,,,
gmferr1800,2130,9.954426190169683e+24,6.343894985346642e+24,4.7990393195226356e+24,2.62357402862809e+24,4.169624266634272e+23,7.072906816318874e+22,1.7986094971584274e+25,13.562323570251465,14.230696678161621,12.893948554992676,-9.650276184082031,-17.14504623413086,7.910525798797607,-10.407546043395996,-31.769285202026367,11.558072090148926,1.45598958333332,1.5561792848258884,1.5673043710127739,30316.021484375,11928.30859375,1293.9599609375,14052.9072265625,17.037885665893555,7.6293768882751465,1.8788864612579346,20.412633895874023,0.07163743027886323,0.6659265063990578,0.36934520185729075,-0.3116242265679059,0.08683558936019975,-0.03698185654182408,1.368679632285578
gmferr1800,2131,9.956606010391262e+24,6.35360428155242e+24,4.80505406523973e+24,2.6173502389176687e+24,4.202040660970624e+23,7.003062281192506e+22,1.8007679429356755e+25,13.57626724243164,14.229141235351562,12.923393249511719,-9.324050903320312,-17.76677894592285,7.662842750549316,-10.67491626739502,-32.637264251708984,10.401924133300781,0.7862152777777851,0.832605460171652,0.8650069260155536,31332.544921875,13435.361328125,1330.181884765625,14007.4052734375,16.8134822845459,7.167843818664551,1.883898377418518,20.752294540405273,0.13543987176509203,0.6032726093746972,0.37371723620068503,-0.38670587231349757,0.20141442163617843,-0.04339685808655637,1.341118026103088
gmferr1800,2132,9.947643762455631e+24,6.365503578393845e+24,4.81203068915137e+24,2.619011694167546e+24,4.216424517266611e+23,6.954567481082946e+22,1.8014978209295799e+25,13.575483322143555,14.285422325134277,12.865540504455566,-9.724056243896484,-17.492507934570312,7.9038615226745605,-9.765775680541992,-29.113910675048828,10.064268112182617,0.29130208333333485,0.5480743302572549,0.5953931103810371,32227.70703125,15695.6357421875,1099.9833984375,13924.490234375,16.456287384033203,8.14298152923584,1.382015347480774,21.096223831176758,-0.5568558815595503,0.7393450259534918,0.43348210030883,0.10323203893566052,0.08937194145325555,-0.03013151930187292,0.4534987836150788
gmferr1800,2133,9.94305070284983e+24,6.375883539717835e+24,4.818866142207477e+24,2.6240715398567665e+24,4.244387584968741e+23,7.003922707553633e+22,1.8019250859345965e+25,13.246058464050293,13.877437591552734,12.614672660827637,-10.454976081848145,-17.51947593688965,7.43048095703125,-11.0849609375,-32.75069808959961,10.67390251159668,0.8591840277777862,1.0210586358876088,1.0724747835055957,34696.89453125,18292.728515625,1133.7291259765625,13287.2275390625,17.0769100189209,7.69465446472168,1.3250188827514648,21.12228775024414,-0.28538289436024955,0.6449433841977211,0.42471066017760895,0.31438595004992076,0.17374434213622436,0.030666132362439473,0.2654747254672365
gmferr1800,2134,9.94762714050634e+24,6.382604106985903e+24,4.8242685021339834e+24,2.6278219805855764e+24,4.2022799150085445e+23,7.121346199526795e+22,1.8035236315544519e+25,13.337440490722656,14.028202056884766,12.646674156188965,-10.062164306640625,-17.320898056030273,7.69339656829834,-9.5718994140625,-28.389972686767578,11.559234619140625,1.1696354166666936,1.3727456648591247,1.3585881188947622,35461.01953125,17096.626953125,740.7080078125,12667.220703125,17.129682540893555,8.960816383361816,0.9773150086402893,20.191139221191406,0.28435011438231705,0.41757240343256263,0.33566756030221223,0.23302802971733189,-0.2616297143809543,0.07295933186422508,0.9932324309158497
gmferr1800,2135,9.95343179242295e+24,6.391588037486802e+24,4.829689260834498e+24,2.6226143170128804e+24,4.171501555564649e+23,7.234438841700656e+22,1.8062600229757903e+25,13.349446296691895,13.960789680480957,12.738101959228516,-10.33410930633545,-17.30959701538086,7.630491256713867,-10.14741039276123,-31.833776473999023,13.100096702575684,1.3971354166666856,1.4387901871105078,1.4086500186486612,35539.0546875,15493.181640625,669.4041748046875,12580.681640625,17.540231704711914,7.732550144195557,0.968780517578125,19.723968505859375,0.36066337188891096,0.5582030953482902,0.33681074062856403,-0.3235703933284535,-0.1912367366333152,0.07026842306521301,1.7002159147632772
gmferr1800,2136,9.95416734212053e+24,6.40108419556642e+24,4.835883865828008e+24,2.624584675011621e+24,4.152993586394112e+23,7.254477515264609e+22,1.807870659471127e+25,13.258591651916504,13.888230323791504,12.628954887390137,-10.113224983215332,-17.977468490600586,7.466772556304932,-10.7903413772583,-29.187044143676758,10.00632381439209,0.7429861111110938,0.890293634107187,0.9169391839846065,34506.43359375,16360.51953125,762.761962890625,12808.72265625,17.76468276977539,7.645610332489014,1.263083577156067,20.666915893554688,0.04570228119314284,0.5900295904369052,0.3848925235442738,0.12242524958661447,-0.11499650045790333,0.012450730344533608,1.0007449157001622
gmferr1800,2137,9.957827740520935e+24,6.409745917407782e+24,4.84195199986137e+24,2.6272508493923374e+24,4.157893731550369e+23,7.241660495682764e+22,1.80940688302859e+25,13.30189037322998,13.92471694946289,12.679061889648438,-10.194220542907715,-17.44139289855957,7.5896196365356445,-10.25102424621582,-31.44467544555664,10.83741283416748,1.414236111111137,1.431496790769895,1.3952656128165013,35613.6015625,15371.013671875,1034.995849609375,12325.28515625,17.89260482788086,7.636650085449219,1.2487998008728027,19.89877700805664,0.2274333842085874,0.5381831418231229,0.3770344394440305,0.16565876059539458,0.03044631961038133,-0.007963663569090874,0.9545095488405454
gmferr1800,2138,9.95892320391014e+24,6.419457208788166e+24,4.847697581371437e+24,2.6282324809305416e+24,4.1467522872176905e+23,7.228579345204707e+22,1.811088449096539e+25,13.327165603637695,13.941205978393555,12.713123321533203,-10.56020450592041,-17.657121658325195,7.509799003601074,-11.423235893249512,-31.46688461303711,10.594039916992188,0.782569444444448,0.9070439027369072,0.9657627075530603,34099.625,16423.142578125,1452.650146484375,12612.22265625,17.60848617553711,8.139144897460938,1.8185663223266602,19.66454315185547,0.06806498053765152,0.6033965765670968,0.3569931204581858,0.06099220859535688,-0.06922569929196581,-0.008127777354063013,1.044815945613001
gmferr1800,2139,9.960724953272156e+24,6.427059461451944e+24,4.853336285795653e+24,2.6305186453386717e+24,4.135322764094155e+23,7.32916454701511e+22,1.812377813330152e+25,13.318802833557129,13.919417381286621,12.718189239501953,-9.699223518371582,-17.344928741455078,7.489824295043945,-9.809436798095703,-29.66750144958496,11.284138679504395,1.175121527777776,1.313777428850465,1.3088454271264272,34843.84375,15864.052734375,1232.7899169921875,13017.2109375,17.66022491455078,8.47947883605957,1.4081333875656128,19.80945587158203,0.11194900392630466,0.4723546078318218,0.35035247245469014,0.1420474088669299,-0.07101563380609097,0.06249711191686028,0.8011271972351179
gmhemi1800,2129,1.0023568322748856e+25,6.271361326692021e+24,4.7545274457229365e+24,2.6728562036666164e+24,4.0206902726608715e+23,7.6611005680361e+22,1.7897920858550754e+25,,,,,,,,,,,,,,,,,,,,,,,,,,,
gmhemi1800,2130,1.0028989914887406e+25,6.27600193000515e+24,4.756845302138561e+24,2.668454050408458e+24,3.9993733533364715e+23,7.629764936897169e+22,1.7917148111920026e+25,13.819263458251953,14.46329402923584,13.17523193359375,-9.29771900177002,-17.037195205688477,8.116861343383789,-8.987885475158691,-30.152584075927734,11.141623497009277,0.4120486111111177,0.6867166239085504,0.725081420583812,29837.314453125,13366.4501953125,2279.46142578125,14195.25,16.298553466796875,6.474758625030518,2.7410080432891846,18.807336807250977,0.3368625250553745,0.2883369515617474,0.14401654438945583,-0.27352121375556293,-0.13244949244630527,-0.01946992610271552,1.1946566533099157
gmhemi1800,2131,1.002766199807764e+25,6.283740590543994e+24,4.7603302081783154e+24,2.671247168886518e+24,3.9992411628187444e+23,7.584388065314068e+22,1.7924717630978415e+25,13.730242729187012,14.42033576965332,13.040146827697754,-8.75908374786377,-17.24102020263672,8.03322696685791,-8.73534107208252,-30.2747859954834,10.647581100463867,0.9693749999999852,1.100287813736426,1.055534627093883,30253.09765625,11453.9033203125,1288.32177734375,13462.8095703125,16.232744216918945,6.824219226837158,2.1575446128845215,20.066301345825195,-0.08250812642661781,0.4808301072899405,0.21652942864975278,0.1735462423681478,-0.0008213460262586172,-0.028194241008846894,0.4703207541807921
gmhemi1800,2132,1.003947781603291e+25,6.287193443524955e+24,4.762580612428695e+24,2.673079974360615e+24,4.041117153720228e+23,7.528876762978134e+22,1.793677141462415e+25,13.916361808776855,14.520546913146973,13.312175750732422,-8.764761924743652,-16.5975284576416,8.201842308044434,-8.895776748657227,-30.058650970458984,12.319820404052734,0.957968749999992,0.9528676164639893,0.9028605039118374,30114.15234375,10789.689453125,1012.1572265625,13083.8544921875,16.371990203857422,7.086141109466553,1.6032558679580688,19.0510196685791,0.7341581901199621,0.21453785974433848,0.13982550490801535,0.11387862903769301,0.26019021117366675,-0.03449111809984724,0.7489438326614926
gmhemi1800,2133,1.004110812351199e+25,6.291721887210977e+24,4.7649430631126793e+24,2.673007838684142e+24,4.06868211472874e+23,7.5365725289500306e+22,1.7942531298389129e+25,13.952378273010254,14.656801223754883,13.247954368591309,-8.506548881530762,-16.856433868408203,8.14516544342041,-8.973617553710938,-29.749422073364258,12.623932838439941,0.3635590277777965,0.5280906813478161,0.5472577792180483,28196.884765625,9593.31640625,780.197265625,13019.49609375,16.224506378173828,6.74535608291626,1.5153758525848389,18.46731948852539,0.10129671874686051,0.28136808075204456,0.14678734260865126,-0.004482042452160874,0.17127076569176597,0.004781649174778097,0.3578817696926461
gmhemi1800,2134,1.0038051111810694e+25,6.297206671352694e+24,4.7681089087953e+24,2.677715612949869e+24,4.0783278172249485e+23,7.601207360991402e+22,1.7941806223676412e+25,13.880656242370605,14.470144271850586,13.291167259216309,-8.963545799255371,-17.132949829101562,8.06512451171875,-10.092290878295898,-29.245697021484375,10.655714988708496,0.20536458333333485,0.3795968125708945,0.4403022003122333,29031.30078125,10917.6923828125,1003.1207275390625,13427.5927734375,16.405370712280273,6.979979991912842,1.5737810134887695,19.3776912689209,-0.1899428534101178,0.34078886573278605,0.19670509018930493,0.29251051831562835,0.059932130927029384,0.0401598869327838,-0.04505143366333757
gmhemi1800,2135,1.003447513304745e+25,6.303783414217229e+24,4.770735288802882e+24,2.677514601320515e+24,4.0945307856613786e+23,7.533911288653877e+22,1.7946687043294365e+25,13.882280349731445,14.494758605957031,13.269800186157227,-9.337051391601562,-16.519649505615234,8.249394416809082,-9.664196014404297,-28.775022506713867,10.096525192260742,0.3718402777777783,0.5561133202175302,0.5663939489938942,30017.2578125,12461.8134765625,1813.6065673828125,13779.2900390625,16.463764190673828,6.48378849029541,2.4136312007904053,19.29248046875,-0.22218809621716762,0.4086360890621238,0.16318619669269066,-0.012489557181581417,0.10067472287481079,-0.04181340881903385,0.3032624326630182
gmhemi1800,2136,1.0037289893416914e+25,6.30949226917076e+24,4.77283536420571e+24,2.675354887634854e+24,4.082150073470943e+23,7.499622254063613e+22,1.7961051409270778e+25,13.891752243041992,14.483067512512207,13.30043888092041,-9.046223640441895,-16.884614944458008,8.13166332244873,-9.664594650268555,-29.636018753051758,10.622381210327148,0.7400868055555634,0.8775604865926757,0.8690392116639272,30538.513671875,11961.0087890625,815.4246826171875,12557.56640625,16.405380249023438,7.10944938659668,1.3593029975891113,18.43958282470703,0.17489092894705024,0.3547111707550013,0.13048504662921354,-0.13419058220467242,-0.07692570491975517,-0.021304979199108873,0.8925084126537784
gmhemi1800,2137,1.003776352645918e+25,6.31512457220372e+24,4.7764813655907715e+24,2.683537094961424e+24,4.043289070330679e+23,7.4621120285176905e+22,1.7966882341974004e+25,13.988560676574707,14.608027458190918,13.369093894958496,-9.1871919631958,-17.16650390625,8.335204124450684,-9.245762825012207,-28.044851303100586,11.01738166809082,0.46659722222221944,0.4926077203087206,0.48258657155086876,30523.4765625,12924.345703125,1474.3504638671875,13125.1357421875,16.328022003173828,6.391827583312988,1.73886239528656,18.60382843017578,0.029428481244992494,0.3499547315758085,0.22653884717626938,0.5083892240724468,-0.2414570353039083,-0.023306418059278976,0.3622962892892503
gmhemi1800,2138,1.0033948665331737e+25,6.320883770884712e+24,4.7793996458703214e+24,2.6876290423515393e+24,4.0378318474159e+23,7.378460036305301e+22,1.7969035254630586e+25,13.923497200012207,14.515528678894043,13.331465721130371,-8.958889961242676,-16.660839080810547,8.411370277404785,-8.820042610168457,-27.973342895507812,11.21256160736084,0.22121527777775896,0.5350599483253863,0.5762057504368373,30758.943359375,13802.3359375,796.1965942382812,12998.369140625,16.35904884338379,7.229395866394043,1.3680059909820557,19.17531967163086,-0.2370306949112053,0.35783920302293315,0.18132298385162054,0.2542470357418648,-0.03390763900867565,-0.051975915196954006,0.1337680104268589
gmhemi1800,2139,1.0037088215361508e+25,6.324848228352722e+24,4.781403760732783e+24,2.68751985474192e+24,4.0307082906825874e+23,7.4152600772077735e+22,1.7978596919864736e+25,13.794901847839355,14.348501205444336,13.241296768188477,-9.212852478027344,-16.609533309936523,8.178382873535156,-8.525540351867676,-27.36992835998535,12.092613220214844,0.4865798611111245,0.6172619856245597,0.6812444756372357,31237.3203125,14512.115234375,1991.8636474609375,13653.1572265625,16.417274475097656,7.351559638977051,2.3591113090515137,19.13161849975586,0.19507124909785498,0.24632563996332585,0.12452268186487787,-0.006784208944728571,-0.04426115515949551,0.022865155444654818,0.5940997795845032
gmrd1800,2129,1.0036532978007123e+25,6.251101721566931e+24,4.7579620207566746e+24,2.682452672978981e+24,4.2099948687884925e+23,7.333694172028389e+22,1.7868807618752618e+25,,,,,,,,,,,,,,,,,,,,,,,,,,,
gmrd1800,2130,1.0040236159681492e+25,6.254014813524881e+24,4.761795672909304e+24,2.688729110301005e+24,4.2232486130519504e+23,7.380915959011013e+22,1.7871183514919365e+25,13.90551471710205,14.515342712402344,13.29568099975586,-9.264219284057617,-16.780004501342773,8.262789726257324,-9.721725463867188,-31.094444274902344,10.961016654968262,0.46993055555554974,0.6385233188403553,0.650992054893212,30798.185546875,11725.7509765625,1044.4658203125,11257.46484375,17.975528717041016,7.085703372955322,1.3966089487075806,17.390172958374023,0.23009165899745287,0.18100061524288902,0.23819824717835703,0.3899770529794957,0.08235015923237975,0.029340551620406836,0.14762275758607526
gmrd1800,2131,1.0043772471700464e+25,6.256283352021145e+24,4.7659924933302014e+24,2.6901573947896526e+24,4.2023993752078426e+23,7.378689905685659e+22,1.788186408568452e+25,13.92531681060791,14.494811058044434,13.355819702148438,-9.290894508361816,-16.94046974182129,8.148643493652344,-9.810325622558594,-29.495031356811523,10.730520248413086,0.6258854166666765,0.6361615987018044,0.6179950165613047,31646.48828125,12821.39453125,886.9586181640625,10102.0390625,17.756837844848633,6.795165538787842,1.415431261062622,16.643686294555664,0.21972346234307483,0.14095224917474847,0.26076316477864186,0.08874432215622743,-0.1295436234626795,-0.0013831249657358339,0.6636213025689198
gmrd1800,2132,1.0041564761723231e+25,6.259847167837632e+24,4.770537698396958e+24,2.694762353734682e+24,4.1808493557766063e+23,7.4118438277056186e+22,1.7884983900368418e+25,14.074716567993164,14.669400215148926,13.480032920837402,-8.725654602050781,-16.66889762878418,8.44741439819336,-8.859752655029297,-30.97228240966797,12.157731056213379,0.020486111111125638,0.2017975237700954,0.1918978265867805,31531.376953125,10872.068359375,785.5845947265625,10498.8564453125,17.555606842041016,6.723670959472656,1.0781922340393066,17.131946563720703,-0.1371727600518352,0.22143236969777275,0.28240952409441156,0.28612224201979325,-0.133897825123734,0.020599693967606893,0.19384502287625244
gmrd1800,2133,1.0039227190014751e+25,6.263107759096813e+24,4.774565260500779e+24,2.699260366515927e+24,4.16701770576202e+23,7.588795693343021e+22,1.7885050115586798e+25,13.9027099609375,14.473976135253906,13.331442832946777,-8.972854614257812,-16.16869354248047,8.308080673217773,-9.56822681427002,-30.37165069580078,10.918793678283691,0.6338541666666515,0.8579498035888125,0.8491121240085553,30795.228515625,11475.8466796875,1187.2420654296875,10779.3173828125,18.063810348510742,6.623803615570068,1.6917779445648193,17.563674926757812,-0.14524152464687737,0.20259196499328794,0.2502465522006698,0.27947730196219367,-0.08594089025002638,0.10994639719949559,0.004114183636543825
gmrd1800,2134,1.0044000087956027e+25,6.265729809528738e+24,4.778152127206034e+24,2.7011981124909704e+24,4.165727280591431e+23,7.56539336829471e+22,1.7894457250457737e+25,13.957037925720215,14.417173385620117,13.496899604797363,-9.399057388305664,-16.230205535888672,8.189477920532227,-11.292917251586914,-33.01548385620117,11.524868965148926,0.515347222222232,0.5636473956478293,0.6170952283163786,31141.537109375,11864.58203125,576.0633544921875,10811.4765625,17.766986846923828,6.71702766418457,0.888523280620575,17.05297088623047,0.29655688056970414,0.16291718497970845,0.22286460222222132,0.12039895023225412,-0.008017863945695447,-0.014540684925163264,0.5844982664092753
gmrd1800,2135,1.0043338666395447e+25,6.270051189045557e+24,4.781909405624659e+24,2.7005570675822356e+24,4.1784733183850775e+23,7.4071756502287144e+22,1.790282310514263e+25,13.880626678466797,14.305251121520996,13.456006050109863,-9.564423561096191,-16.41765785217285,7.964827537536621,-10.43895435333252,-31.162343978881836,10.9951171875,0.42689236111112905,0.6230938707027794,0.6378318249563996,31782.51171875,11439.4814453125,786.6438598632812,11136.94140625,17.285831451416016,7.1580891609191895,1.1948907375335693,17.57166290283203,-0.041096440183855505,0.2685024580524014,0.23345287935518536,-0.03983036737396708,0.07919560095803928,-0.09830621458452075,0.5197998782241402
gmrd1800,2136,1.004842898897361e+25,6.272020113083855e+24,4.7850759787146366e+24,2.701574162442165e+24,4.1457666858331874e+23,7.4135481674263435e+22,1.791523876807235e+25,14.068281173706055,14.608352661132812,13.528207778930664,-8.817459106445312,-16.413898468017578,8.44130802154541,-7.881664752960205,-26.81468391418457,12.09524917602539,0.5909374999999955,0.6467632883660726,0.5783290330537362,31022.244140625,11073.21484375,935.5023193359375,11562.3955078125,17.522113800048828,6.825207710266113,1.1747875213623047,17.912153244018555,0.31627958599717876,0.12233615259752859,0.19675028655833368,0.06319566909144368,-0.2032177734128378,0.0039594683246054994,0.771428661149656
gmrd1800,2137,1.0050101935892498e+25,6.273076897726767e+24,4.7882311946843276e+24,2.7035269588151766e+24,4.125160609839369e+23,7.421469407711594e+22,1.7921152314427364e+25,14.121844291687012,14.669318199157715,13.574368476867676,-8.645146369934082,-16.42890739440918,8.464761734008789,-8.862561225891113,-28.308895111083984,10.814554214477539,0.2657986111111086,0.40199093062491653,0.4144786232809183,30071.234375,11811.4794921875,796.5111694335938,11248.90234375,17.3961181640625,7.145675182342529,1.1522972583770752,18.047008514404297,0.10394605661556622,0.06566173444133717,0.19604462886234325,0.12133408421747283,-0.12803277364601293,0.004921744269706489,0.3674293650784852
gmrd1800,2138,1.0053131886959988e+25,6.27377404396361e+24,4.7916202772663885e+24,2.7032596262813316e+24,4.085529833825257e+23,7.4364488564018665e+22,1.7932349109962096e+25,14.00171184539795,14.570699691772461,13.432723045349121,-9.050700187683105,-16.74114227294922,8.385890007019043,-8.334807395935059,-27.21360969543457,11.063029289245605,0.29878472222222285,0.5535417419816528,0.5379692436290321,29669.87109375,11743.6640625,957.9100341796875,12113.1044921875,17.02689552307129,6.789007663726807,1.7081164121627808,18.55354118347168,0.18826148137028223,0.043316139553590045,0.21057558131243945,-0.01661030746671972,-0.24623990401437365,0.009307256578492256,0.6956961571378922
gmrd1800,2139,1.0050264429230756e+25,6.278423705492983e+24,4.79588004121161e+24,2.7077039943341547e+24,4.0972609129235994e+23,7.382943918885684e+22,1.7933308651119982e+25,13.944161415100098,14.487920761108398,13.400402069091797,-9.185688972473145,-16.764062881469727,8.1253023147583,-10.067180633544922,-30.842178344726562,11.224723815917969,0.36746527777776805,0.47738367706282536,0.530212350412296,30106.6484375,10743.875,612.3199462890625,11337.4072265625,17.039812088012695,6.336799621582031,0.961358904838562,18.15593147277832,-0.17816520064105898,0.28889977029073877,0.2646740665945442,0.2761441669327913,0.07288930678854895,-0.03324449330386146,0.05961965582797991
ob1800,2129,1.0015121460919973e+25,6.266726725420632e+24,4.7570353241206053e+24,2.679993047001732e+24,4.113957726348741e+23,7.667247404904894e+22,1.7870822216775547e+25,,,,,,,,,,,,,,,,,,,,,,,,,,,
ob1800,2130,1.001770053324351e+25,6.269365730932986e+24,4.7598520777681416e+24,2.6809228327508473e+24,4.122139689262475e+23,7.777225196686835e+22,1.7876009288300675e+25,13.976306915283203,14.572979927062988,13.379633903503418,-8.218523025512695,-16.466943740844727,8.267558097839355,-8.948486328125,-27.869474411010742,11.249486923217773,0.7827083333333462,0.9508133746810594,0.9289186461443988,29902.44921875,10992.4306640625,695.4625854492188,12240.2705078125,16.395496368408203,7.514611721038818,1.0923871994018555,17.860095977783203,0.1602468044450432,0.16397066356310025,0.17501477830120593,0.057770847972948375,0.05083740378461655,0.06833305732508148,0.3222909372272086
ob1800,2131,1.0021363501212346e+25,6.273661389767656e+24,4.763423646019294e+24,2.6802052200721275e+24,4.085717667073683e+23,7.981380438292711e+22,1.788985774583687e+25,14.061026573181152,14.728791236877441,13.393258094787598,-8.157206535339355,-16.42399024963379,8.509859085083008,-8.346846580505371,-26.35366439819336,12.301481246948242,0.4755034722222149,0.6735526438440154,0.6876945762188051,28658.39453125,10357.3154296875,958.5482788085938,13195.380859375,17.143218994140625,6.632541179656982,1.4542433023452759,18.446456909179688,0.22759304050281906,0.26690434190610224,0.2219140556398231,-0.04458779133280862,-0.2263027916633257,0.12684880830786868,0.8604532127368422
ob1800,2132,1.002214366084876e+25,6.277231733398359e+24,4.7671919191405644e+24,2.6831308364074713e+24,4.045194667469996e+23,8.211286755958246e+22,1.789680414267361e+25,13.832822799682617,14.39206314086914,13.273581504821777,-8.292441368103027,-16.538671493530273,8.030634880065918,-8.326777458190918,-27.095081329345703,11.144859313964844,0.48585069444442297,0.6514145778783416,0.6503662786389605,29783.033203125,11580.4560546875,884.9332885742188,12035.990234375,16.976232528686523,6.615534782409668,1.2158414125442505,17.804248809814453,0.04847405307380826,0.2218379656784307,0.23413601877267914,0.18177879871476918,-0.25178360194695765,0.1428488545722646,0.4316039861837777
ob1800,2133,1.0026113827659546e+25,6.280969351683779e+24,4.7706946576733653e+24,2.688209854909939e+24,4.045547980310893e+23,8.184553436018911e+22,1.7903167649715482e+25,13.750590324401855,14.363250732421875,13.137930870056152,-9.06821060180664,-16.956653594970703,8.074593544006348,-9.265018463134766,-27.60196304321289,11.50487232208252,0.7508680555555429,0.883243026324844,0.890162478049758,29305.119140625,10102.4482421875,1381.2723388671875,13230.859375,16.91073989868164,6.891887664794922,1.8154501914978027,18.488086700439453,0.24668038144416712,0.23223132636019794,0.21763742395486,0.31557722414760525,0.0021952565349339158,-0.016610348819571817,0.3953869998981038
ob1800,2134,1.003099455603586e+25,6.285531498603032e+24,4.774601855345938e+24,2.6905694778495096e+24,4.077363918228201e+23,8.113502395175795e+22,1.791168701636075e+25,13.779399871826172,14.410249710083008,13.148550987243652,-8.498621940612793,-17.148073196411133,8.010540008544922,-8.616240501403809,-28.44017791748047,11.48172664642334,0.859704861111112,0.9265620193235564,0.9015753591179262,29071.23828125,10022.41015625,897.7503051757812,12891.857421875,16.857040405273438,5.770148277282715,1.3149279356002808,18.85700798034668,0.3032567635001477,0.28346218077999663,0.24276788814755457,0.14661164493550138,0.1976835754135995,-0.04414650238264348,0.5293381144610861
ob1800,2135,1.0031218618435269e+25,6.289928340367894e+24,4.777639746866229e+24,2.690882453091632e+24,4.097415133747738e+23,8.093607150425395e+22,1.7917226667698734e+25,13.811988830566406,14.37380313873291,13.250170707702637,-9.449762344360352,-16.696741104125977,8.051191329956055,-10.046370506286621,-31.443317413330078,11.232739448547363,0.35307291666666174,0.48359395669775374,0.5017341216792881,29141.44921875,11116.578125,1823.4072265625,14362.423828125,17.353374481201172,7.008791923522949,2.235147714614868,19.806333541870117,0.013921782329981617,0.27319119205751424,0.18875484953819022,0.01944624893332775,0.12458523101198182,-0.012361612994751015,0.3441979569748283
ob1800,2136,1.003647521649883e+25,6.293721285662618e+24,4.7805996805152407e+24,2.690647032318002e+24,4.1050211018058486e+23,8.052541015110438e+22,1.792912163002701e+25,13.902094841003418,14.500385284423828,13.303800582885742,-9.030074119567871,-16.984668731689453,8.128113746643066,-10.047017097473145,-30.279590606689453,10.768996238708496,0.9152430555555497,0.9250167857948791,0.8929459064967601,30505.515625,11425.25390625,1182.094970703125,13325.384765625,16.923587799072266,6.992903709411621,1.550053358078003,18.91368293762207,0.326610864786594,0.23566898739808104,0.18391105371290137,-0.014627517937317749,0.047258545830608366,-0.02551582945182615,0.7390757074568073
ob1800,2137,1.003855089377178e+25,6.296857317296915e+24,4.784174330775263e+24,2.6900828577725066e+24,4.141823559302388e+23,7.969424845936905e+22,1.7935623079681843e+25,13.92293930053711,14.531988143920898,13.313886642456055,-8.489086151123047,-17.182281494140625,8.18327808380127,-8.961921691894531,-29.44259262084961,11.327071189880371,0.35475694444443207,0.6069010051086263,0.5913207955117324,29472.6796875,12210.6025390625,1153.572509765625,12870.64453125,16.539901733398438,6.904195308685303,1.462199091911316,19.000486373901367,0.1289691052919027,0.1948526388532818,0.22210555165496645,-0.03505414223550027,0.22866656959262885,-0.0516429895595411,0.4039578580016409
ob1800,2138,1.0039422141317493e+25,6.299758533324984e+24,4.7876259495528556e+24,2.6882116601306015e+24,4.151255820530156e+23,7.935634353251066e+22,1.7944113038479183e+25,13.89117431640625,14.45508098602295,13.32726764678955,-8.988601684570312,-16.71984100341797,8.134541511535645,-10.305397987365723,-30.929340362548828,11.891544342041016,0.3965451388888823,0.4097175804748596,0.44098878119757207,29801.98046875,12146.2890625,1128.894775390625,13096.046875,16.559478759765625,6.591691017150879,1.671068787574768,18.888704299926758,0.05413366418878803,0.18026272208808178,0.21446117436254852,-0.11626406900802691,0.05860594550399453,-0.020995217637415412,0.5275109017796017
ob1800,2139,1.0034578234615626e+25,6.305296369132415e+24,4.7910847391062393e+24,2.6856719321414e+24,4.114463539442032e+23,7.971866750602278e+22,1.7954122389262644e+25,13.917484283447266,14.60908317565918,13.2258882522583,-8.769733428955078,-17.22391128540039,8.231245040893555,-9.346583366394043,-28.07844352722168,11.565722465515137,0.1428298611111245,0.40645802767021877,0.3941785839125654,30162.34765625,11335.7978515625,2311.044921875,14158.2138671875,16.449207305908203,7.10184383392334,2.3709001541137695,18.66236114501953,-0.30096890378769936,0.3440851516971234,0.21490671979974724,-0.15780220303050935,-0.22860333999978694,0.02251245860741173,0.6219160521327834
