exp,year,t2m_glob,t2m_nh,t2m_sh,t2m_6090n,t2m_6090s,t2m_land,t2m_ocean,t2m_4590n_land,t2m_sib,t2m_sib_djf,t2m_sib_jja,t2m_6090n_djf,t2m_6090n_jja,cvh_sib,cvh_4590n_land,tsr_raw,ttr_raw,sivoln_m04,sivoln_ann,sivoln_m09,sivols_m02,sivols_ann,sivols_m09,siextentn_m03,siextentn_ann,siextentn_m09,siextents_m02,siextents_ann,siextents_m09
ihf1,2120,14.1445,14.8828,13.4062,-7.80265,-16.5467,8.608,16.3287,-1.55979,-6.46608,-25.8691,12.5315,-21.154,6.01178,0.282928,0.281043,867359,-865430,30490.3,20805.8,10450.8,557.386,6114.14,12048,16.8807,12.2891,6.60311,1.06879,10.2553,18.2195
ihf1,2121,14.0681,14.7518,13.3844,-9.35098,-17.0122,8.45241,16.2835,-2.84592,-9.63423,-30.2938,11.6826,-23.4045,5.43914,0.284261,0.282444,866937,-865061,31538.9,21648.1,11252.6,771.681,6621.71,12815.4,16.8707,12.6264,7.19028,1.73372,11.1995,18.7755
ihf1,2122,14.087,14.841,13.3331,-8.22174,-16.9182,8.44505,16.3128,-2.46533,-9.10192,-27.3556,9.84618,-22.0282,5.58977,0.284347,0.282973,866791,-865919,31392.1,21910.2,11845,510.531,5900.14,11693.2,16.8555,12.4419,6.91924,0.838924,10.2186,18.3438
ihf1,2123,14.0367,14.6964,13.3769,-8.41873,-16.2092,8.457,16.2379,-2.44922,-7.99377,-28.5466,12.019,-22.8107,5.74263,0.283337,0.283085,866532,-864972,31938.1,22310.4,11871.6,1153.76,6421,11742.5,16.7851,12.7186,7.51209,1.82673,10.6705,18.4267
ihf1,2124,13.8562,14.4795,13.2329,-8.51355,-16.8046,8.08816,16.1317,-3.00034,-9.23726,-29.7554,11.6689,-22.4086,5.71544,0.281303,0.283161,865496,-864246,32485.5,23185,13015.1,521.969,6922.28,13127.2,17.1786,12.9651,7.79228,1.01777,11.0546,18.6921
ihf1,2125,13.7335,14.3033,13.1638,-9.52207,-17.1791,8.04096,15.9793,-2.97406,-8.85041,-29.3101,12.8476,-24.374,5.60752,0.279293,0.282086,865388,-864111,33450.2,23822.1,13225.6,1475.55,7556.78,13134.7,17.7473,13.4023,7.82335,2.53509,12.2057,19.6861
ihf1,2126,13.6543,14.1498,13.1588,-9.91702,-16.9011,7.92974,15.9127,-3.30251,-9.81858,-29.2317,10.9282,-25.0965,5.42465,0.274515,0.280575,865984,-863031,34999.9,24139.2,12238.8,1136.26,7545.45,13841.8,18.5188,13.6834,7.92577,1.95191,11.7163,19.7939
ihf1,2127,13.7343,14.3271,13.1414,-9.36832,-17.2736,8.08294,15.9637,-2.72242,-8.23054,-26.1462,11.9336,-22.956,5.39744,0.272731,0.279646,866293,-863329,34732.5,24094.2,12813.3,831.476,7116.88,12836.1,18.7574,13.7092,7.13433,1.67205,11.898,20.0705
ihf1,2128,13.8019,14.4144,13.1895,-8.86401,-17.1645,8.067,16.0644,-3.11733,-9.24479,-29.8198,11.3775,-22.5363,5.58741,0.271285,0.279585,866290,-864249,33666.2,23408.1,12602.9,1124.29,7180.28,12533.9,18.7673,13.317,6.6764,2.0963,11.5755,19.3237
ihf1,2129,13.8877,14.49,13.2853,-9.04681,-16.9047,8.24532,16.1136,-2.9716,-8.15979,-27.5737,11.7942,-23.9502,5.47058,0.270378,0.278194,866361,-865106,33532.9,23420.4,12989.1,1299.24,7980.72,13822.9,17.1155,13.0546,7.04585,2.20955,11.9163,19.5192
