cdoi10,2170,1,labsea,a_ice,0.24625
cdoi10,2170,2,labsea,a_ice,0.26576
cdoi10,2170,3,labsea,a_ice,0.29444
cdoi10,2170,4,labsea,a_ice,0.23097
cdoi10,2170,5,labsea,a_ice,0.21908
cdoi10,2170,6,labsea,a_ice,0.17928
cdoi10,2170,7,labsea,a_ice,0.07915
cdoi10,2170,8,labsea,a_ice,0.01474
cdoi10,2170,9,labsea,a_ice,0.00080
cdoi10,2170,10,labsea,a_ice,0.00011
cdoi10,2170,11,labsea,a_ice,0.02193
cdoi10,2170,12,labsea,a_ice,0.09473
cdoi10,2170,1,interior,a_ice,0.06532
cdoi10,2170,2,interior,a_ice,0.11268
cdoi10,2170,3,interior,a_ice,0.15437
cdoi10,2170,4,interior,a_ice,0.05548
cdoi10,2170,5,interior,a_ice,0.03790
cdoi10,2170,6,interior,a_ice,0.01341
cdoi10,2170,7,interior,a_ice,0.00190
cdoi10,2170,8,interior,a_ice,0.00000
cdoi10,2170,9,interior,a_ice,0.00000
cdoi10,2170,10,interior,a_ice,0.00000
cdoi10,2170,11,interior,a_ice,0.00000
cdoi10,2170,12,interior,a_ice,0.00247
cdoi10,2170,1,labsea,MLD2,1168.02328
cdoi10,2170,2,labsea,MLD2,1317.15502
cdoi10,2170,3,labsea,MLD2,1141.53082
cdoi10,2170,4,labsea,MLD2,1143.99801
cdoi10,2170,5,labsea,MLD2,558.25548
cdoi10,2170,6,labsea,MLD2,37.59862
cdoi10,2170,7,labsea,MLD2,13.31756
cdoi10,2170,8,labsea,MLD2,12.30756
cdoi10,2170,9,labsea,MLD2,17.27926
cdoi10,2170,10,labsea,MLD2,34.81450
cdoi10,2170,11,labsea,MLD2,58.51125
cdoi10,2170,12,labsea,MLD2,185.07258
cdoi10,2170,1,interior,MLD2,2037.65017
cdoi10,2170,2,interior,MLD2,1926.69685
cdoi10,2170,3,interior,MLD2,1686.85028
cdoi10,2170,4,interior,MLD2,1633.16347
cdoi10,2170,5,interior,MLD2,1029.19432
cdoi10,2170,6,interior,MLD2,65.89515
cdoi10,2170,7,interior,MLD2,15.96906
cdoi10,2170,8,interior,MLD2,15.07696
cdoi10,2170,9,interior,MLD2,20.56734
cdoi10,2170,10,interior,MLD2,36.52756
cdoi10,2170,11,interior,MLD2,74.40011
cdoi10,2170,12,interior,MLD2,322.57736
cdoi10,2171,1,labsea,a_ice,0.22677
cdoi10,2171,2,labsea,a_ice,0.22637
cdoi10,2171,3,labsea,a_ice,0.20252
cdoi10,2171,4,labsea,a_ice,0.20818
cdoi10,2171,5,labsea,a_ice,0.16520
cdoi10,2171,6,labsea,a_ice,0.05794
cdoi10,2171,7,labsea,a_ice,0.00489
cdoi10,2171,8,labsea,a_ice,0.00000
cdoi10,2171,9,labsea,a_ice,0.00000
cdoi10,2171,10,labsea,a_ice,0.00000
cdoi10,2171,11,labsea,a_ice,0.00884
cdoi10,2171,12,labsea,a_ice,0.05365
cdoi10,2171,1,interior,a_ice,0.07142
cdoi10,2171,2,interior,a_ice,0.04954
cdoi10,2171,3,interior,a_ice,0.02267
cdoi10,2171,4,interior,a_ice,0.06290
cdoi10,2171,5,interior,a_ice,0.07230
cdoi10,2171,6,interior,a_ice,0.01511
cdoi10,2171,7,interior,a_ice,0.00000
cdoi10,2171,8,interior,a_ice,0.00000
cdoi10,2171,9,interior,a_ice,0.00000
cdoi10,2171,10,interior,a_ice,0.00000
cdoi10,2171,11,interior,a_ice,0.00000
cdoi10,2171,12,interior,a_ice,0.00135
cdoi10,2171,1,labsea,MLD2,1146.62130
cdoi10,2171,2,labsea,MLD2,1371.91802
cdoi10,2171,3,labsea,MLD2,1316.93331
cdoi10,2171,4,labsea,MLD2,1200.75199
cdoi10,2171,5,labsea,MLD2,256.57574
cdoi10,2171,6,labsea,MLD2,17.88842
cdoi10,2171,7,labsea,MLD2,11.63128
cdoi10,2171,8,labsea,MLD2,14.15083
cdoi10,2171,9,labsea,MLD2,16.66294
cdoi10,2171,10,labsea,MLD2,24.89846
cdoi10,2171,11,labsea,MLD2,39.12659
cdoi10,2171,12,labsea,MLD2,91.09194
cdoi10,2171,1,interior,MLD2,1720.91536
cdoi10,2171,2,interior,MLD2,1986.20526
cdoi10,2171,3,interior,MLD2,2037.08443
cdoi10,2171,4,interior,MLD2,1918.35946
cdoi10,2171,5,interior,MLD2,523.96877
cdoi10,2171,6,interior,MLD2,23.57021
cdoi10,2171,7,interior,MLD2,13.16402
cdoi10,2171,8,interior,MLD2,16.87017
cdoi10,2171,9,interior,MLD2,20.08886
cdoi10,2171,10,interior,MLD2,29.97159
cdoi10,2171,11,interior,MLD2,51.11501
cdoi10,2171,12,interior,MLD2,150.72600
cdoi10,2172,1,labsea,a_ice,0.18337
cdoi10,2172,2,labsea,a_ice,0.23769
cdoi10,2172,3,labsea,a_ice,0.21453
cdoi10,2172,4,labsea,a_ice,0.20153
cdoi10,2172,5,labsea,a_ice,0.18311
cdoi10,2172,6,labsea,a_ice,0.10143
cdoi10,2172,7,labsea,a_ice,0.04167
cdoi10,2172,8,labsea,a_ice,0.00731
cdoi10,2172,9,labsea,a_ice,0.00000
cdoi10,2172,10,labsea,a_ice,0.00100
cdoi10,2172,11,labsea,a_ice,0.02780
cdoi10,2172,12,labsea,a_ice,0.14592
cdoi10,2172,1,interior,a_ice,0.05100
cdoi10,2172,2,interior,a_ice,0.08795
cdoi10,2172,3,interior,a_ice,0.04738
cdoi10,2172,4,interior,a_ice,0.03509
cdoi10,2172,5,interior,a_ice,0.03201
cdoi10,2172,6,interior,a_ice,0.00819
cdoi10,2172,7,interior,a_ice,0.00000
cdoi10,2172,8,interior,a_ice,0.00000
cdoi10,2172,9,interior,a_ice,0.00000
cdoi10,2172,10,interior,a_ice,0.00000
cdoi10,2172,11,interior,a_ice,0.00056
cdoi10,2172,12,interior,a_ice,0.01841
cdoi10,2172,1,labsea,MLD2,686.37308
cdoi10,2172,2,labsea,MLD2,1271.05126
cdoi10,2172,3,labsea,MLD2,1318.92890
cdoi10,2172,4,labsea,MLD2,1163.83247
cdoi10,2172,5,labsea,MLD2,513.24157
cdoi10,2172,6,labsea,MLD2,17.12862
cdoi10,2172,7,labsea,MLD2,13.96547
cdoi10,2172,8,labsea,MLD2,15.31175
cdoi10,2172,9,labsea,MLD2,22.54425
cdoi10,2172,10,labsea,MLD2,31.30840
cdoi10,2172,11,labsea,MLD2,57.95945
cdoi10,2172,12,labsea,MLD2,502.21888
cdoi10,2172,1,interior,MLD2,1392.19786
cdoi10,2172,2,interior,MLD2,1993.82580
cdoi10,2172,3,interior,MLD2,2110.77417
cdoi10,2172,4,interior,MLD2,1943.51668
cdoi10,2172,5,interior,MLD2,955.64864
cdoi10,2172,6,interior,MLD2,19.57396
cdoi10,2172,7,interior,MLD2,15.91732
cdoi10,2172,8,interior,MLD2,17.54477
cdoi10,2172,9,interior,MLD2,26.62417
cdoi10,2172,10,interior,MLD2,34.75531
cdoi10,2172,11,interior,MLD2,69.36286
cdoi10,2172,12,interior,MLD2,916.06896
cdoi10,2173,1,labsea,a_ice,0.25492
cdoi10,2173,2,labsea,a_ice,0.28227
cdoi10,2173,3,labsea,a_ice,0.27969
cdoi10,2173,4,labsea,a_ice,0.24613
cdoi10,2173,5,labsea,a_ice,0.21031
cdoi10,2173,6,labsea,a_ice,0.11653
cdoi10,2173,7,labsea,a_ice,0.00863
cdoi10,2173,8,labsea,a_ice,0.00000
cdoi10,2173,9,labsea,a_ice,0.00000
cdoi10,2173,10,labsea,a_ice,0.00000
cdoi10,2173,11,labsea,a_ice,0.01741
cdoi10,2173,12,labsea,a_ice,0.09049
cdoi10,2173,1,interior,a_ice,0.08620
cdoi10,2173,2,interior,a_ice,0.08796
cdoi10,2173,3,interior,a_ice,0.07429
cdoi10,2173,4,interior,a_ice,0.06022
cdoi10,2173,5,interior,a_ice,0.04377
cdoi10,2173,6,interior,a_ice,0.00694
cdoi10,2173,7,interior,a_ice,0.00035
cdoi10,2173,8,interior,a_ice,0.00000
cdoi10,2173,9,interior,a_ice,0.00000
cdoi10,2173,10,interior,a_ice,0.00000
cdoi10,2173,11,interior,a_ice,0.00000
cdoi10,2173,12,interior,a_ice,0.00552
cdoi10,2173,1,labsea,MLD2,1209.71407
cdoi10,2173,2,labsea,MLD2,1358.14968
cdoi10,2173,3,labsea,MLD2,1462.26489
cdoi10,2173,4,labsea,MLD2,1272.70754
cdoi10,2173,5,labsea,MLD2,559.15523
cdoi10,2173,6,labsea,MLD2,18.82015
cdoi10,2173,7,labsea,MLD2,11.79991
cdoi10,2173,8,labsea,MLD2,13.70289
cdoi10,2173,9,labsea,MLD2,19.99064
cdoi10,2173,10,labsea,MLD2,27.99969
cdoi10,2173,11,labsea,MLD2,46.77296
cdoi10,2173,12,labsea,MLD2,277.08996
cdoi10,2173,1,interior,MLD2,1757.17466
cdoi10,2173,2,interior,MLD2,1965.29695
cdoi10,2173,3,interior,MLD2,2136.49171
cdoi10,2173,4,interior,MLD2,1871.79435
cdoi10,2173,5,interior,MLD2,865.93633
cdoi10,2173,6,interior,MLD2,23.54637
cdoi10,2173,7,interior,MLD2,13.19662
cdoi10,2173,8,interior,MLD2,15.88605
cdoi10,2173,9,interior,MLD2,22.65045
cdoi10,2173,10,interior,MLD2,29.91702
cdoi10,2173,11,interior,MLD2,52.93836
cdoi10,2173,12,interior,MLD2,588.97750
cdoi10,2174,1,labsea,a_ice,0.21471
cdoi10,2174,2,labsea,a_ice,0.25675
cdoi10,2174,3,labsea,a_ice,0.27886
cdoi10,2174,4,labsea,a_ice,0.26391
cdoi10,2174,5,labsea,a_ice,0.23170
cdoi10,2174,6,labsea,a_ice,0.14391
cdoi10,2174,7,labsea,a_ice,0.04713
cdoi10,2174,8,labsea,a_ice,0.00306
cdoi10,2174,9,labsea,a_ice,0.00000
cdoi10,2174,10,labsea,a_ice,0.00576
cdoi10,2174,11,labsea,a_ice,0.05396
cdoi10,2174,12,labsea,a_ice,0.15413
cdoi10,2174,1,interior,a_ice,0.05158
cdoi10,2174,2,interior,a_ice,0.07768
cdoi10,2174,3,interior,a_ice,0.08613
cdoi10,2174,4,interior,a_ice,0.06070
cdoi10,2174,5,interior,a_ice,0.05733
cdoi10,2174,6,interior,a_ice,0.01919
cdoi10,2174,7,interior,a_ice,0.00769
cdoi10,2174,8,interior,a_ice,0.00000
cdoi10,2174,9,interior,a_ice,0.00000
cdoi10,2174,10,interior,a_ice,0.00000
cdoi10,2174,11,interior,a_ice,0.01272
cdoi10,2174,12,interior,a_ice,0.02279
cdoi10,2174,1,labsea,MLD2,1245.60948
cdoi10,2174,2,labsea,MLD2,1441.23479
cdoi10,2174,3,labsea,MLD2,1488.76068
cdoi10,2174,4,labsea,MLD2,1404.51102
cdoi10,2174,5,labsea,MLD2,486.66454
cdoi10,2174,6,labsea,MLD2,19.30903
cdoi10,2174,7,labsea,MLD2,15.56629
cdoi10,2174,8,labsea,MLD2,13.74975
cdoi10,2174,9,labsea,MLD2,17.72189
cdoi10,2174,10,labsea,MLD2,32.03410
cdoi10,2174,11,labsea,MLD2,60.74267
cdoi10,2174,12,labsea,MLD2,147.29809
cdoi10,2174,1,interior,MLD2,1942.75589
cdoi10,2174,2,interior,MLD2,2094.99873
cdoi10,2174,3,interior,MLD2,2143.75757
cdoi10,2174,4,interior,MLD2,2053.03056
cdoi10,2174,5,interior,MLD2,690.50068
cdoi10,2174,6,interior,MLD2,24.70609
cdoi10,2174,7,interior,MLD2,18.04608
cdoi10,2174,8,interior,MLD2,14.94727
cdoi10,2174,9,interior,MLD2,20.30299
cdoi10,2174,10,interior,MLD2,36.91665
cdoi10,2174,11,interior,MLD2,76.05755
cdoi10,2174,12,interior,MLD2,286.36596
cdoi10,2175,1,labsea,a_ice,0.23809
cdoi10,2175,2,labsea,a_ice,0.23859
cdoi10,2175,3,labsea,a_ice,0.25137
cdoi10,2175,4,labsea,a_ice,0.26852
cdoi10,2175,5,labsea,a_ice,0.21049
cdoi10,2175,6,labsea,a_ice,0.15137
cdoi10,2175,7,labsea,a_ice,0.06205
cdoi10,2175,8,labsea,a_ice,0.01184
cdoi10,2175,9,labsea,a_ice,0.00059
cdoi10,2175,10,labsea,a_ice,0.00012
cdoi10,2175,11,labsea,a_ice,0.04358
cdoi10,2175,12,labsea,a_ice,0.15971
cdoi10,2175,1,interior,a_ice,0.06306
cdoi10,2175,2,interior,a_ice,0.05820
cdoi10,2175,3,interior,a_ice,0.06804
cdoi10,2175,4,interior,a_ice,0.06590
cdoi10,2175,5,interior,a_ice,0.03453
cdoi10,2175,6,interior,a_ice,0.02763
cdoi10,2175,7,interior,a_ice,0.00038
cdoi10,2175,8,interior,a_ice,0.00000
cdoi10,2175,9,interior,a_ice,0.00000
cdoi10,2175,10,interior,a_ice,0.00000
cdoi10,2175,11,interior,a_ice,0.00033
cdoi10,2175,12,interior,a_ice,0.02275
cdoi10,2175,1,labsea,MLD2,957.73404
cdoi10,2175,2,labsea,MLD2,1432.26908
cdoi10,2175,3,labsea,MLD2,1634.45175
cdoi10,2175,4,labsea,MLD2,1575.58243
cdoi10,2175,5,labsea,MLD2,1003.71253
cdoi10,2175,6,labsea,MLD2,22.14727
cdoi10,2175,7,labsea,MLD2,13.77497
cdoi10,2175,8,labsea,MLD2,17.21649
cdoi10,2175,9,labsea,MLD2,24.92335
cdoi10,2175,10,labsea,MLD2,30.73290
cdoi10,2175,11,labsea,MLD2,51.87867
cdoi10,2175,12,labsea,MLD2,484.77892
cdoi10,2175,1,interior,MLD2,1759.67513
cdoi10,2175,2,interior,MLD2,2168.10410
cdoi10,2175,3,interior,MLD2,2446.62173
cdoi10,2175,4,interior,MLD2,2441.03491
cdoi10,2175,5,interior,MLD2,1709.03679
cdoi10,2175,6,interior,MLD2,33.03582
cdoi10,2175,7,interior,MLD2,16.70332
cdoi10,2175,8,interior,MLD2,20.33552
cdoi10,2175,9,interior,MLD2,30.51614
cdoi10,2175,10,interior,MLD2,37.60375
cdoi10,2175,11,interior,MLD2,57.19439
cdoi10,2175,12,interior,MLD2,798.92319
cdoi10,2176,1,labsea,a_ice,0.20982
cdoi10,2176,2,labsea,a_ice,0.22184
cdoi10,2176,3,labsea,a_ice,0.22553
cdoi10,2176,4,labsea,a_ice,0.25346
cdoi10,2176,5,labsea,a_ice,0.21332
cdoi10,2176,6,labsea,a_ice,0.16284
cdoi10,2176,7,labsea,a_ice,0.05880
cdoi10,2176,8,labsea,a_ice,0.01037
cdoi10,2176,9,labsea,a_ice,0.00022
cdoi10,2176,10,labsea,a_ice,0.00179
cdoi10,2176,11,labsea,a_ice,0.02365
cdoi10,2176,12,labsea,a_ice,0.14498
cdoi10,2176,1,interior,a_ice,0.03406
cdoi10,2176,2,interior,a_ice,0.04412
cdoi10,2176,3,interior,a_ice,0.05739
cdoi10,2176,4,interior,a_ice,0.08129
cdoi10,2176,5,interior,a_ice,0.04381
cdoi10,2176,6,interior,a_ice,0.04745
cdoi10,2176,7,interior,a_ice,0.00762
cdoi10,2176,8,interior,a_ice,0.00000
cdoi10,2176,9,interior,a_ice,0.00000
cdoi10,2176,10,interior,a_ice,0.00000
cdoi10,2176,11,interior,a_ice,0.00004
cdoi10,2176,12,interior,a_ice,0.03276
cdoi10,2176,1,labsea,MLD2,1291.18237
cdoi10,2176,2,labsea,MLD2,1532.92355
cdoi10,2176,3,labsea,MLD2,1442.51830
cdoi10,2176,4,labsea,MLD2,1379.24790
cdoi10,2176,5,labsea,MLD2,495.45600
cdoi10,2176,6,labsea,MLD2,33.50234
cdoi10,2176,7,labsea,MLD2,13.98924
cdoi10,2176,8,labsea,MLD2,16.21040
cdoi10,2176,9,labsea,MLD2,20.33211
cdoi10,2176,10,labsea,MLD2,34.45295
cdoi10,2176,11,labsea,MLD2,51.57507
cdoi10,2176,12,labsea,MLD2,402.48764
cdoi10,2176,1,interior,MLD2,2006.14555
cdoi10,2176,2,interior,MLD2,2258.93436
cdoi10,2176,3,interior,MLD2,2210.10452
cdoi10,2176,4,interior,MLD2,2037.72093
cdoi10,2176,5,interior,MLD2,994.13750
cdoi10,2176,6,interior,MLD2,67.15005
cdoi10,2176,7,interior,MLD2,16.81517
cdoi10,2176,8,interior,MLD2,20.23478
cdoi10,2176,9,interior,MLD2,24.27565
cdoi10,2176,10,interior,MLD2,38.48285
cdoi10,2176,11,interior,MLD2,61.55407
cdoi10,2176,12,interior,MLD2,691.33438
cdoi10,2177,1,labsea,a_ice,0.24292
cdoi10,2177,2,labsea,a_ice,0.25357
cdoi10,2177,3,labsea,a_ice,0.23518
cdoi10,2177,4,labsea,a_ice,0.23636
cdoi10,2177,5,labsea,a_ice,0.20785
cdoi10,2177,6,labsea,a_ice,0.10503
cdoi10,2177,7,labsea,a_ice,0.01634
cdoi10,2177,8,labsea,a_ice,0.00007
cdoi10,2177,9,labsea,a_ice,0.00000
cdoi10,2177,10,labsea,a_ice,0.00021
cdoi10,2177,11,labsea,a_ice,0.02292
cdoi10,2177,12,labsea,a_ice,0.09729
cdoi10,2177,1,interior,a_ice,0.08157
cdoi10,2177,2,interior,a_ice,0.06492
cdoi10,2177,3,interior,a_ice,0.06038
cdoi10,2177,4,interior,a_ice,0.06301
cdoi10,2177,5,interior,a_ice,0.04093
cdoi10,2177,6,interior,a_ice,0.02876
cdoi10,2177,7,interior,a_ice,0.00027
cdoi10,2177,8,interior,a_ice,0.00000
cdoi10,2177,9,interior,a_ice,0.00000
cdoi10,2177,10,interior,a_ice,0.00000
cdoi10,2177,11,interior,a_ice,0.00000
cdoi10,2177,12,interior,a_ice,0.00468
cdoi10,2177,1,labsea,MLD2,1213.82492
cdoi10,2177,2,labsea,MLD2,1352.98527
cdoi10,2177,3,labsea,MLD2,1470.76865
cdoi10,2177,4,labsea,MLD2,1241.92948
cdoi10,2177,5,labsea,MLD2,391.70378
cdoi10,2177,6,labsea,MLD2,15.32212
cdoi10,2177,7,labsea,MLD2,12.60401
cdoi10,2177,8,labsea,MLD2,14.00044
cdoi10,2177,9,labsea,MLD2,20.53296
cdoi10,2177,10,labsea,MLD2,29.84979
cdoi10,2177,11,labsea,MLD2,47.74681
cdoi10,2177,12,labsea,MLD2,376.64122
cdoi10,2177,1,interior,MLD2,1752.09358
cdoi10,2177,2,interior,MLD2,1897.72715
cdoi10,2177,3,interior,MLD2,2119.07795
cdoi10,2177,4,interior,MLD2,1889.58894
cdoi10,2177,5,interior,MLD2,685.83666
cdoi10,2177,6,interior,MLD2,18.46654
cdoi10,2177,7,interior,MLD2,13.48213
cdoi10,2177,8,interior,MLD2,16.59500
cdoi10,2177,9,interior,MLD2,24.70267
cdoi10,2177,10,interior,MLD2,34.07395
cdoi10,2177,11,interior,MLD2,61.74546
cdoi10,2177,12,interior,MLD2,632.92763
cdoi10,2178,1,labsea,a_ice,0.16886
cdoi10,2178,2,labsea,a_ice,0.23939
cdoi10,2178,3,labsea,a_ice,0.27935
cdoi10,2178,4,labsea,a_ice,0.28793
cdoi10,2178,5,labsea,a_ice,0.22942
cdoi10,2178,6,labsea,a_ice,0.17685
cdoi10,2178,7,labsea,a_ice,0.08416
cdoi10,2178,8,labsea,a_ice,0.01152
cdoi10,2178,9,labsea,a_ice,0.00036
cdoi10,2178,10,labsea,a_ice,0.00814
cdoi10,2178,11,labsea,a_ice,0.07631
cdoi10,2178,12,labsea,a_ice,0.20327
cdoi10,2178,1,interior,a_ice,0.02595
cdoi10,2178,2,interior,a_ice,0.06565
cdoi10,2178,3,interior,a_ice,0.07762
cdoi10,2178,4,interior,a_ice,0.06406
cdoi10,2178,5,interior,a_ice,0.03262
cdoi10,2178,6,interior,a_ice,0.02603
cdoi10,2178,7,interior,a_ice,0.00422
cdoi10,2178,8,interior,a_ice,0.00001
cdoi10,2178,9,interior,a_ice,0.00000
cdoi10,2178,10,interior,a_ice,0.00000
cdoi10,2178,11,interior,a_ice,0.00281
cdoi10,2178,12,interior,a_ice,0.06216
cdoi10,2178,1,labsea,MLD2,1012.69527
cdoi10,2178,2,labsea,MLD2,1248.23180
cdoi10,2178,3,labsea,MLD2,1299.90848
cdoi10,2178,4,labsea,MLD2,1139.96272
cdoi10,2178,5,labsea,MLD2,449.84575
cdoi10,2178,6,labsea,MLD2,24.65699
cdoi10,2178,7,labsea,MLD2,14.26022
cdoi10,2178,8,labsea,MLD2,15.47007
cdoi10,2178,9,labsea,MLD2,20.66858
cdoi10,2178,10,labsea,MLD2,30.91472
cdoi10,2178,11,labsea,MLD2,62.89494
cdoi10,2178,12,labsea,MLD2,584.23181
cdoi10,2178,1,interior,MLD2,1544.88418
cdoi10,2178,2,interior,MLD2,1732.47343
cdoi10,2178,3,interior,MLD2,1905.24851
cdoi10,2178,4,interior,MLD2,1726.01854
cdoi10,2178,5,interior,MLD2,786.80775
cdoi10,2178,6,interior,MLD2,34.00607
cdoi10,2178,7,interior,MLD2,16.37468
cdoi10,2178,8,interior,MLD2,18.39379
cdoi10,2178,9,interior,MLD2,24.52907
cdoi10,2178,10,interior,MLD2,35.18231
cdoi10,2178,11,interior,MLD2,96.75743
cdoi10,2178,12,interior,MLD2,1319.82386
cdoi10,2179,1,labsea,a_ice,0.29958
cdoi10,2179,2,labsea,a_ice,0.32660
cdoi10,2179,3,labsea,a_ice,0.29539
cdoi10,2179,4,labsea,a_ice,0.31959
cdoi10,2179,5,labsea,a_ice,0.30458
cdoi10,2179,6,labsea,a_ice,0.20663
cdoi10,2179,7,labsea,a_ice,0.06380
cdoi10,2179,8,labsea,a_ice,0.00065
cdoi10,2179,9,labsea,a_ice,0.00000
cdoi10,2179,10,labsea,a_ice,0.00000
cdoi10,2179,11,labsea,a_ice,0.01504
cdoi10,2179,12,labsea,a_ice,0.10057
cdoi10,2179,1,interior,a_ice,0.10587
cdoi10,2179,2,interior,a_ice,0.12120
cdoi10,2179,3,interior,a_ice,0.09703
cdoi10,2179,4,interior,a_ice,0.15818
cdoi10,2179,5,interior,a_ice,0.10178
cdoi10,2179,6,interior,a_ice,0.09893
cdoi10,2179,7,interior,a_ice,0.03020
cdoi10,2179,8,interior,a_ice,0.00029
cdoi10,2179,9,interior,a_ice,0.00000
cdoi10,2179,10,interior,a_ice,0.00000
cdoi10,2179,11,interior,a_ice,0.00000
cdoi10,2179,12,interior,a_ice,0.01380
cdoi10,2179,1,labsea,MLD2,1213.93349
cdoi10,2179,2,labsea,MLD2,1182.06404
cdoi10,2179,3,labsea,MLD2,1209.24277
cdoi10,2179,4,labsea,MLD2,880.59231
cdoi10,2179,5,labsea,MLD2,388.68654
cdoi10,2179,6,labsea,MLD2,25.63305
cdoi10,2179,7,labsea,MLD2,12.54841
cdoi10,2179,8,labsea,MLD2,14.17721
cdoi10,2179,9,labsea,MLD2,20.60761
cdoi10,2179,10,labsea,MLD2,25.84662
cdoi10,2179,11,labsea,MLD2,38.87829
cdoi10,2179,12,labsea,MLD2,102.54674
cdoi10,2179,1,interior,MLD2,1972.01635
cdoi10,2179,2,interior,MLD2,1465.52459
cdoi10,2179,3,interior,MLD2,1484.42134
cdoi10,2179,4,interior,MLD2,1079.58742
cdoi10,2179,5,interior,MLD2,612.28800
cdoi10,2179,6,interior,MLD2,27.78867
cdoi10,2179,7,interior,MLD2,14.87778
cdoi10,2179,8,interior,MLD2,17.77157
cdoi10,2179,9,interior,MLD2,24.23638
cdoi10,2179,10,interior,MLD2,30.12869
cdoi10,2179,11,interior,MLD2,44.43338
cdoi10,2179,12,interior,MLD2,178.04391
cdoi10,2180,1,labsea,a_ice,0.23079
cdoi10,2180,2,labsea,a_ice,0.24859
cdoi10,2180,3,labsea,a_ice,0.30406
cdoi10,2180,4,labsea,a_ice,0.26286
cdoi10,2180,5,labsea,a_ice,0.24513
cdoi10,2180,6,labsea,a_ice,0.15953
cdoi10,2180,7,labsea,a_ice,0.06514
cdoi10,2180,8,labsea,a_ice,0.02282
cdoi10,2180,9,labsea,a_ice,0.00479
cdoi10,2180,10,labsea,a_ice,0.00103
cdoi10,2180,11,labsea,a_ice,0.08539
cdoi10,2180,12,labsea,a_ice,0.19822
cdoi10,2180,1,interior,a_ice,0.05412
cdoi10,2180,2,interior,a_ice,0.06247
cdoi10,2180,3,interior,a_ice,0.12559
cdoi10,2180,4,interior,a_ice,0.06040
cdoi10,2180,5,interior,a_ice,0.08272
cdoi10,2180,6,interior,a_ice,0.01363
cdoi10,2180,7,interior,a_ice,0.00095
cdoi10,2180,8,interior,a_ice,0.00000
cdoi10,2180,9,interior,a_ice,0.00000
cdoi10,2180,10,interior,a_ice,0.00000
cdoi10,2180,11,interior,a_ice,0.00092
cdoi10,2180,12,interior,a_ice,0.03030
cdoi10,2180,1,labsea,MLD2,1009.88904
cdoi10,2180,2,labsea,MLD2,1259.55932
cdoi10,2180,3,labsea,MLD2,1279.99271
cdoi10,2180,4,labsea,MLD2,1214.03933
cdoi10,2180,5,labsea,MLD2,904.18955
cdoi10,2180,6,labsea,MLD2,47.87553
cdoi10,2180,7,labsea,MLD2,16.10736
cdoi10,2180,8,labsea,MLD2,18.22166
cdoi10,2180,9,labsea,MLD2,24.53696
cdoi10,2180,10,labsea,MLD2,38.66257
cdoi10,2180,11,labsea,MLD2,192.72621
cdoi10,2180,12,labsea,MLD2,733.61873
cdoi10,2180,1,interior,MLD2,1857.05179
cdoi10,2180,2,interior,MLD2,1877.78270
cdoi10,2180,3,interior,MLD2,1657.50068
cdoi10,2180,4,interior,MLD2,1505.28832
cdoi10,2180,5,interior,MLD2,1165.73475
cdoi10,2180,6,interior,MLD2,42.27935
cdoi10,2180,7,interior,MLD2,19.58973
cdoi10,2180,8,interior,MLD2,22.09725
cdoi10,2180,9,interior,MLD2,27.99807
cdoi10,2180,10,interior,MLD2,44.64735
cdoi10,2180,11,interior,MLD2,394.27187
cdoi10,2180,12,interior,MLD2,1239.63754
cdoi10,2181,1,labsea,a_ice,0.28037
cdoi10,2181,2,labsea,a_ice,0.32415
cdoi10,2181,3,labsea,a_ice,0.27753
cdoi10,2181,4,labsea,a_ice,0.27103
cdoi10,2181,5,labsea,a_ice,0.27781
cdoi10,2181,6,labsea,a_ice,0.18386
cdoi10,2181,7,labsea,a_ice,0.05025
cdoi10,2181,8,labsea,a_ice,0.00432
cdoi10,2181,9,labsea,a_ice,0.00000
cdoi10,2181,10,labsea,a_ice,0.00000
cdoi10,2181,11,labsea,a_ice,0.00707
cdoi10,2181,12,labsea,a_ice,0.11100
cdoi10,2181,1,interior,a_ice,0.10834
cdoi10,2181,2,interior,a_ice,0.13480
cdoi10,2181,3,interior,a_ice,0.07448
cdoi10,2181,4,interior,a_ice,0.07814
cdoi10,2181,5,interior,a_ice,0.08059
cdoi10,2181,6,interior,a_ice,0.09539
cdoi10,2181,7,interior,a_ice,0.00496
cdoi10,2181,8,interior,a_ice,0.00000
cdoi10,2181,9,interior,a_ice,0.00000
cdoi10,2181,10,interior,a_ice,0.00000
cdoi10,2181,11,interior,a_ice,0.00000
cdoi10,2181,12,interior,a_ice,0.01187
cdoi10,2181,1,labsea,MLD2,1252.84977
cdoi10,2181,2,labsea,MLD2,1289.72271
cdoi10,2181,3,labsea,MLD2,1112.68317
cdoi10,2181,4,labsea,MLD2,1159.76693
cdoi10,2181,5,labsea,MLD2,836.03191
cdoi10,2181,6,labsea,MLD2,61.78422
cdoi10,2181,7,labsea,MLD2,15.15855
cdoi10,2181,8,labsea,MLD2,14.25936
cdoi10,2181,9,labsea,MLD2,20.78880
cdoi10,2181,10,labsea,MLD2,28.83166
cdoi10,2181,11,labsea,MLD2,39.82910
cdoi10,2181,12,labsea,MLD2,129.96299
cdoi10,2181,1,interior,MLD2,1694.06865
cdoi10,2181,2,interior,MLD2,1884.26816
cdoi10,2181,3,interior,MLD2,1717.12939
cdoi10,2181,4,interior,MLD2,1861.69694
cdoi10,2181,5,interior,MLD2,1529.81229
cdoi10,2181,6,interior,MLD2,153.40702
cdoi10,2181,7,interior,MLD2,21.08436
cdoi10,2181,8,interior,MLD2,16.50701
cdoi10,2181,9,interior,MLD2,24.68752
cdoi10,2181,10,interior,MLD2,32.38556
cdoi10,2181,11,interior,MLD2,45.59426
cdoi10,2181,12,interior,MLD2,252.04782
cdoi10,2182,1,labsea,a_ice,0.25181
cdoi10,2182,2,labsea,a_ice,0.26087
cdoi10,2182,3,labsea,a_ice,0.25765
cdoi10,2182,4,labsea,a_ice,0.21924
cdoi10,2182,5,labsea,a_ice,0.17187
cdoi10,2182,6,labsea,a_ice,0.09817
cdoi10,2182,7,labsea,a_ice,0.03650
cdoi10,2182,8,labsea,a_ice,0.00202
cdoi10,2182,9,labsea,a_ice,0.00000
cdoi10,2182,10,labsea,a_ice,0.00082
cdoi10,2182,11,labsea,a_ice,0.02410
cdoi10,2182,12,labsea,a_ice,0.09171
cdoi10,2182,1,interior,a_ice,0.08357
cdoi10,2182,2,interior,a_ice,0.06925
cdoi10,2182,3,interior,a_ice,0.06176
cdoi10,2182,4,interior,a_ice,0.04526
cdoi10,2182,5,interior,a_ice,0.04454
cdoi10,2182,6,interior,a_ice,0.00438
cdoi10,2182,7,interior,a_ice,0.00026
cdoi10,2182,8,interior,a_ice,0.00000
cdoi10,2182,9,interior,a_ice,0.00000
cdoi10,2182,10,interior,a_ice,0.00000
cdoi10,2182,11,interior,a_ice,0.00000
cdoi10,2182,12,interior,a_ice,0.00563
cdoi10,2182,1,labsea,MLD2,1041.68253
cdoi10,2182,2,labsea,MLD2,1186.38254
cdoi10,2182,3,labsea,MLD2,1134.69671
cdoi10,2182,4,labsea,MLD2,1010.86151
cdoi10,2182,5,labsea,MLD2,369.78491
cdoi10,2182,6,labsea,MLD2,17.95332
cdoi10,2182,7,labsea,MLD2,15.10511
cdoi10,2182,8,labsea,MLD2,16.09449
cdoi10,2182,9,labsea,MLD2,19.42834
cdoi10,2182,10,labsea,MLD2,31.47242
cdoi10,2182,11,labsea,MLD2,52.40172
cdoi10,2182,12,labsea,MLD2,115.82915
cdoi10,2182,1,interior,MLD2,1884.34330
cdoi10,2182,2,interior,MLD2,1896.18246
cdoi10,2182,3,interior,MLD2,1688.19511
cdoi10,2182,4,interior,MLD2,1459.02250
cdoi10,2182,5,interior,MLD2,590.07424
cdoi10,2182,6,interior,MLD2,20.46185
cdoi10,2182,7,interior,MLD2,18.14615
cdoi10,2182,8,interior,MLD2,20.52738
cdoi10,2182,9,interior,MLD2,23.78074
cdoi10,2182,10,interior,MLD2,35.64199
cdoi10,2182,11,interior,MLD2,65.74586
cdoi10,2182,12,interior,MLD2,200.35474
cdoi10,2183,1,labsea,a_ice,0.20866
cdoi10,2183,2,labsea,a_ice,0.21170
cdoi10,2183,3,labsea,a_ice,0.24150
cdoi10,2183,4,labsea,a_ice,0.23067
cdoi10,2183,5,labsea,a_ice,0.19309
cdoi10,2183,6,labsea,a_ice,0.14584
cdoi10,2183,7,labsea,a_ice,0.05419
cdoi10,2183,8,labsea,a_ice,0.00773
cdoi10,2183,9,labsea,a_ice,0.00063
cdoi10,2183,10,labsea,a_ice,0.00510
cdoi10,2183,11,labsea,a_ice,0.04058
cdoi10,2183,12,labsea,a_ice,0.15713
cdoi10,2183,1,interior,a_ice,0.04190
cdoi10,2183,2,interior,a_ice,0.04379
cdoi10,2183,3,interior,a_ice,0.04570
cdoi10,2183,4,interior,a_ice,0.04315
cdoi10,2183,5,interior,a_ice,0.02290
cdoi10,2183,6,interior,a_ice,0.03621
cdoi10,2183,7,interior,a_ice,0.00465
cdoi10,2183,8,interior,a_ice,0.00000
cdoi10,2183,9,interior,a_ice,0.00000
cdoi10,2183,10,interior,a_ice,0.00000
cdoi10,2183,11,interior,a_ice,0.00003
cdoi10,2183,12,interior,a_ice,0.02790
cdoi10,2183,1,labsea,MLD2,889.78575
cdoi10,2183,2,labsea,MLD2,1219.45948
cdoi10,2183,3,labsea,MLD2,1295.82859
cdoi10,2183,4,labsea,MLD2,1019.43410
cdoi10,2183,5,labsea,MLD2,371.60215
cdoi10,2183,6,labsea,MLD2,24.36452
cdoi10,2183,7,labsea,MLD2,15.02440
cdoi10,2183,8,labsea,MLD2,19.89202
cdoi10,2183,9,labsea,MLD2,24.76216
cdoi10,2183,10,labsea,MLD2,35.41399
cdoi10,2183,11,labsea,MLD2,52.33350
cdoi10,2183,12,labsea,MLD2,107.99854
cdoi10,2183,1,interior,MLD2,1465.99727
cdoi10,2183,2,interior,MLD2,1800.77506
cdoi10,2183,3,interior,MLD2,1889.41838
cdoi10,2183,4,interior,MLD2,1551.04239
cdoi10,2183,5,interior,MLD2,774.93243
cdoi10,2183,6,interior,MLD2,36.85405
cdoi10,2183,7,interior,MLD2,19.24044
cdoi10,2183,8,interior,MLD2,25.52828
cdoi10,2183,9,interior,MLD2,29.75562
cdoi10,2183,10,interior,MLD2,44.45585
cdoi10,2183,11,interior,MLD2,67.50804
cdoi10,2183,12,interior,MLD2,149.01406
cdoi10,2184,1,labsea,a_ice,0.20759
cdoi10,2184,2,labsea,a_ice,0.20485
cdoi10,2184,3,labsea,a_ice,0.21391
cdoi10,2184,4,labsea,a_ice,0.24317
cdoi10,2184,5,labsea,a_ice,0.19160
cdoi10,2184,6,labsea,a_ice,0.13609
cdoi10,2184,7,labsea,a_ice,0.05343
cdoi10,2184,8,labsea,a_ice,0.01151
cdoi10,2184,9,labsea,a_ice,0.00031
cdoi10,2184,10,labsea,a_ice,0.00151
cdoi10,2184,11,labsea,a_ice,0.04377
cdoi10,2184,12,labsea,a_ice,0.14480
cdoi10,2184,1,interior,a_ice,0.04753
cdoi10,2184,2,interior,a_ice,0.03336
cdoi10,2184,3,interior,a_ice,0.07592
cdoi10,2184,4,interior,a_ice,0.07797
cdoi10,2184,5,interior,a_ice,0.03806
cdoi10,2184,6,interior,a_ice,0.03821
cdoi10,2184,7,interior,a_ice,0.00378
cdoi10,2184,8,interior,a_ice,0.00000
cdoi10,2184,9,interior,a_ice,0.00000
cdoi10,2184,10,interior,a_ice,0.00000
cdoi10,2184,11,interior,a_ice,0.00001
cdoi10,2184,12,interior,a_ice,0.01963
cdoi10,2184,1,labsea,MLD2,715.57422
cdoi10,2184,2,labsea,MLD2,1247.81913
cdoi10,2184,3,labsea,MLD2,1215.04629
cdoi10,2184,4,labsea,MLD2,1174.60566
cdoi10,2184,5,labsea,MLD2,660.91443
cdoi10,2184,6,labsea,MLD2,34.57945
cdoi10,2184,7,labsea,MLD2,15.28571
cdoi10,2184,8,labsea,MLD2,18.27067
cdoi10,2184,9,labsea,MLD2,23.15002
cdoi10,2184,10,labsea,MLD2,31.82927
cdoi10,2184,11,labsea,MLD2,49.82238
cdoi10,2184,12,labsea,MLD2,102.40860
cdoi10,2184,1,interior,MLD2,1080.62344
cdoi10,2184,2,interior,MLD2,1801.55061
cdoi10,2184,3,interior,MLD2,1720.95933
cdoi10,2184,4,interior,MLD2,1650.79759
cdoi10,2184,5,interior,MLD2,991.65874
cdoi10,2184,6,interior,MLD2,66.48039
cdoi10,2184,7,interior,MLD2,19.51348
cdoi10,2184,8,interior,MLD2,24.75562
cdoi10,2184,9,interior,MLD2,29.25098
cdoi10,2184,10,interior,MLD2,37.49546
cdoi10,2184,11,interior,MLD2,59.46539
cdoi10,2184,12,interior,MLD2,159.25709
cdoi10,2185,1,labsea,a_ice,0.21226
cdoi10,2185,2,labsea,a_ice,0.24634
cdoi10,2185,3,labsea,a_ice,0.24357
cdoi10,2185,4,labsea,a_ice,0.25521
cdoi10,2185,5,labsea,a_ice,0.22474
cdoi10,2185,6,labsea,a_ice,0.12197
cdoi10,2185,7,labsea,a_ice,0.03264
cdoi10,2185,8,labsea,a_ice,0.00147
cdoi10,2185,9,labsea,a_ice,0.00000
cdoi10,2185,10,labsea,a_ice,0.00060
cdoi10,2185,11,labsea,a_ice,0.04217
cdoi10,2185,12,labsea,a_ice,0.07439
cdoi10,2185,1,interior,a_ice,0.04622
cdoi10,2185,2,interior,a_ice,0.05878
cdoi10,2185,3,interior,a_ice,0.06653
cdoi10,2185,4,interior,a_ice,0.06938
cdoi10,2185,5,interior,a_ice,0.05801
cdoi10,2185,6,interior,a_ice,0.01839
cdoi10,2185,7,interior,a_ice,0.00000
cdoi10,2185,8,interior,a_ice,0.00000
cdoi10,2185,9,interior,a_ice,0.00000
cdoi10,2185,10,interior,a_ice,0.00000
cdoi10,2185,11,interior,a_ice,0.00022
cdoi10,2185,12,interior,a_ice,0.00186
cdoi10,2185,1,labsea,MLD2,667.81240
cdoi10,2185,2,labsea,MLD2,1269.09581
cdoi10,2185,3,labsea,MLD2,1313.11024
cdoi10,2185,4,labsea,MLD2,1217.35677
cdoi10,2185,5,labsea,MLD2,757.53634
cdoi10,2185,6,labsea,MLD2,44.61037
cdoi10,2185,7,labsea,MLD2,14.65321
cdoi10,2185,8,labsea,MLD2,15.67209
cdoi10,2185,9,labsea,MLD2,23.13613
cdoi10,2185,10,labsea,MLD2,36.47936
cdoi10,2185,11,labsea,MLD2,68.52427
cdoi10,2185,12,labsea,MLD2,123.51735
cdoi10,2185,1,interior,MLD2,1066.64881
cdoi10,2185,2,interior,MLD2,1760.21352
cdoi10,2185,3,interior,MLD2,1772.53740
cdoi10,2185,4,interior,MLD2,1678.22399
cdoi10,2185,5,interior,MLD2,1199.17621
cdoi10,2185,6,interior,MLD2,108.03024
cdoi10,2185,7,interior,MLD2,17.54874
cdoi10,2185,8,interior,MLD2,20.38958
cdoi10,2185,9,interior,MLD2,29.06647
cdoi10,2185,10,interior,MLD2,43.09092
cdoi10,2185,11,interior,MLD2,93.23177
cdoi10,2185,12,interior,MLD2,183.34668
cdoi10,2186,1,labsea,a_ice,0.17997
cdoi10,2186,2,labsea,a_ice,0.23842
cdoi10,2186,3,labsea,a_ice,0.22723
cdoi10,2186,4,labsea,a_ice,0.22476
cdoi10,2186,5,labsea,a_ice,0.21703
cdoi10,2186,6,labsea,a_ice,0.12170
cdoi10,2186,7,labsea,a_ice,0.01902
cdoi10,2186,8,labsea,a_ice,0.00011
cdoi10,2186,9,labsea,a_ice,0.00000
cdoi10,2186,10,labsea,a_ice,0.00001
cdoi10,2186,11,labsea,a_ice,0.02533
cdoi10,2186,12,labsea,a_ice,0.11924
cdoi10,2186,1,interior,a_ice,0.04411
cdoi10,2186,2,interior,a_ice,0.05693
cdoi10,2186,3,interior,a_ice,0.04803
cdoi10,2186,4,interior,a_ice,0.04927
cdoi10,2186,5,interior,a_ice,0.06225
cdoi10,2186,6,interior,a_ice,0.03933
cdoi10,2186,7,interior,a_ice,0.00411
cdoi10,2186,8,interior,a_ice,0.00000
cdoi10,2186,9,interior,a_ice,0.00000
cdoi10,2186,10,interior,a_ice,0.00000
cdoi10,2186,11,interior,a_ice,0.00011
cdoi10,2186,12,interior,a_ice,0.00283
cdoi10,2186,1,labsea,MLD2,617.08928
cdoi10,2186,2,labsea,MLD2,1353.15829
cdoi10,2186,3,labsea,MLD2,1396.69132
cdoi10,2186,4,labsea,MLD2,1259.92277
cdoi10,2186,5,labsea,MLD2,779.74226
cdoi10,2186,6,labsea,MLD2,23.73969
cdoi10,2186,7,labsea,MLD2,15.61510
cdoi10,2186,8,labsea,MLD2,16.68549
cdoi10,2186,9,labsea,MLD2,21.68760
cdoi10,2186,10,labsea,MLD2,34.42532
cdoi10,2186,11,labsea,MLD2,61.29245
cdoi10,2186,12,labsea,MLD2,443.87735
cdoi10,2186,1,interior,MLD2,1046.47086
cdoi10,2186,2,interior,MLD2,2086.17428
cdoi10,2186,3,interior,MLD2,2081.35831
cdoi10,2186,4,interior,MLD2,1882.27208
cdoi10,2186,5,interior,MLD2,1176.82924
cdoi10,2186,6,interior,MLD2,37.61988
cdoi10,2186,7,interior,MLD2,19.37505
cdoi10,2186,8,interior,MLD2,21.33670
cdoi10,2186,9,interior,MLD2,28.53838
cdoi10,2186,10,interior,MLD2,44.05232
cdoi10,2186,11,interior,MLD2,78.81584
cdoi10,2186,12,interior,MLD2,554.70820
cdoi10,2187,1,labsea,a_ice,0.19680
cdoi10,2187,2,labsea,a_ice,0.27207
cdoi10,2187,3,labsea,a_ice,0.29439
cdoi10,2187,4,labsea,a_ice,0.23309
cdoi10,2187,5,labsea,a_ice,0.16733
cdoi10,2187,6,labsea,a_ice,0.08166
cdoi10,2187,7,labsea,a_ice,0.02546
cdoi10,2187,8,labsea,a_ice,0.00187
cdoi10,2187,9,labsea,a_ice,0.00000
cdoi10,2187,10,labsea,a_ice,0.00219
cdoi10,2187,11,labsea,a_ice,0.04292
cdoi10,2187,12,labsea,a_ice,0.10877
cdoi10,2187,1,interior,a_ice,0.03513
cdoi10,2187,2,interior,a_ice,0.09518
cdoi10,2187,3,interior,a_ice,0.14897
cdoi10,2187,4,interior,a_ice,0.07242
cdoi10,2187,5,interior,a_ice,0.02955
cdoi10,2187,6,interior,a_ice,0.00633
cdoi10,2187,7,interior,a_ice,0.00076
cdoi10,2187,8,interior,a_ice,0.00000
cdoi10,2187,9,interior,a_ice,0.00000
cdoi10,2187,10,interior,a_ice,0.00000
cdoi10,2187,11,interior,a_ice,0.00000
cdoi10,2187,12,interior,a_ice,0.00225
cdoi10,2187,1,labsea,MLD2,1069.22931
cdoi10,2187,2,labsea,MLD2,1299.22041
cdoi10,2187,3,labsea,MLD2,1178.05562
cdoi10,2187,4,labsea,MLD2,1094.22931
cdoi10,2187,5,labsea,MLD2,534.90974
cdoi10,2187,6,labsea,MLD2,28.69903
cdoi10,2187,7,labsea,MLD2,16.01944
cdoi10,2187,8,labsea,MLD2,17.45789
cdoi10,2187,9,labsea,MLD2,23.47539
cdoi10,2187,10,labsea,MLD2,31.83211
cdoi10,2187,11,labsea,MLD2,62.62629
cdoi10,2187,12,labsea,MLD2,263.10198
cdoi10,2187,1,interior,MLD2,1504.80381
cdoi10,2187,2,interior,MLD2,1783.21142
cdoi10,2187,3,interior,MLD2,1706.88145
cdoi10,2187,4,interior,MLD2,1591.10514
cdoi10,2187,5,interior,MLD2,781.54716
cdoi10,2187,6,interior,MLD2,40.06108
cdoi10,2187,7,interior,MLD2,19.81179
cdoi10,2187,8,interior,MLD2,20.26590
cdoi10,2187,9,interior,MLD2,27.50264
cdoi10,2187,10,interior,MLD2,36.33014
cdoi10,2187,11,interior,MLD2,85.47002
cdoi10,2187,12,interior,MLD2,416.48219
cdoi10,2188,1,labsea,a_ice,0.21629
cdoi10,2188,2,labsea,a_ice,0.26601
cdoi10,2188,3,labsea,a_ice,0.27492
cdoi10,2188,4,labsea,a_ice,0.24962
cdoi10,2188,5,labsea,a_ice,0.21953
cdoi10,2188,6,labsea,a_ice,0.16873
cdoi10,2188,7,labsea,a_ice,0.05793
cdoi10,2188,8,labsea,a_ice,0.01283
cdoi10,2188,9,labsea,a_ice,0.00061
cdoi10,2188,10,labsea,a_ice,0.01102
cdoi10,2188,11,labsea,a_ice,0.10927
cdoi10,2188,12,labsea,a_ice,0.23454
cdoi10,2188,1,interior,a_ice,0.04015
cdoi10,2188,2,interior,a_ice,0.04969
cdoi10,2188,3,interior,a_ice,0.08916
cdoi10,2188,4,interior,a_ice,0.06452
cdoi10,2188,5,interior,a_ice,0.03205
cdoi10,2188,6,interior,a_ice,0.05027
cdoi10,2188,7,interior,a_ice,0.00771
cdoi10,2188,8,interior,a_ice,0.00002
cdoi10,2188,9,interior,a_ice,0.00000
cdoi10,2188,10,interior,a_ice,0.00000
cdoi10,2188,11,interior,a_ice,0.00683
cdoi10,2188,12,interior,a_ice,0.05054
cdoi10,2188,1,labsea,MLD2,1162.47907
cdoi10,2188,2,labsea,MLD2,1471.69136
cdoi10,2188,3,labsea,MLD2,1354.93366
cdoi10,2188,4,labsea,MLD2,1052.73096
cdoi10,2188,5,labsea,MLD2,407.37007
cdoi10,2188,6,labsea,MLD2,18.42008
cdoi10,2188,7,labsea,MLD2,13.87642
cdoi10,2188,8,labsea,MLD2,15.09097
cdoi10,2188,9,labsea,MLD2,22.23980
cdoi10,2188,10,labsea,MLD2,29.74381
cdoi10,2188,11,labsea,MLD2,54.94719
cdoi10,2188,12,labsea,MLD2,371.71715
cdoi10,2188,1,interior,MLD2,1821.49154
cdoi10,2188,2,interior,MLD2,2233.65462
cdoi10,2188,3,interior,MLD2,2074.30123
cdoi10,2188,4,interior,MLD2,1651.09491
cdoi10,2188,5,interior,MLD2,753.86199
cdoi10,2188,6,interior,MLD2,23.56241
cdoi10,2188,7,interior,MLD2,17.00138
cdoi10,2188,8,interior,MLD2,18.43988
cdoi10,2188,9,interior,MLD2,27.21701
cdoi10,2188,10,interior,MLD2,34.93325
cdoi10,2188,11,interior,MLD2,71.59756
cdoi10,2188,12,interior,MLD2,613.97758
cdoi10,2189,1,labsea,a_ice,0.39363
cdoi10,2189,2,labsea,a_ice,0.56665
cdoi10,2189,3,labsea,a_ice,0.52158
cdoi10,2189,4,labsea,a_ice,0.41247
cdoi10,2189,5,labsea,a_ice,0.33469
cdoi10,2189,6,labsea,a_ice,0.23593
cdoi10,2189,7,labsea,a_ice,0.06183
cdoi10,2189,8,labsea,a_ice,0.00027
cdoi10,2189,9,labsea,a_ice,0.00000
cdoi10,2189,10,labsea,a_ice,0.00510
cdoi10,2189,11,labsea,a_ice,0.04126
cdoi10,2189,12,labsea,a_ice,0.17850
cdoi10,2189,1,interior,a_ice,0.26716
cdoi10,2189,2,interior,a_ice,0.58098
cdoi10,2189,3,interior,a_ice,0.52298
cdoi10,2189,4,interior,a_ice,0.28430
cdoi10,2189,5,interior,a_ice,0.15298
cdoi10,2189,6,interior,a_ice,0.10448
cdoi10,2189,7,interior,a_ice,0.01976
cdoi10,2189,8,interior,a_ice,0.00000
cdoi10,2189,9,interior,a_ice,0.00000
cdoi10,2189,10,interior,a_ice,0.00000
cdoi10,2189,11,interior,a_ice,0.00001
cdoi10,2189,12,interior,a_ice,0.02371
cdoi10,2189,1,labsea,MLD2,1086.09397
cdoi10,2189,2,labsea,MLD2,906.76891
cdoi10,2189,3,labsea,MLD2,737.74665
cdoi10,2189,4,labsea,MLD2,645.57887
cdoi10,2189,5,labsea,MLD2,248.85362
cdoi10,2189,6,labsea,MLD2,18.42934
cdoi10,2189,7,labsea,MLD2,11.23014
cdoi10,2189,8,labsea,MLD2,13.16743
cdoi10,2189,9,labsea,MLD2,21.81241
cdoi10,2189,10,labsea,MLD2,33.17341
cdoi10,2189,11,labsea,MLD2,47.59908
cdoi10,2189,12,labsea,MLD2,342.84550
cdoi10,2189,1,interior,MLD2,1325.00700
cdoi10,2189,2,interior,MLD2,971.63798
cdoi10,2189,3,interior,MLD2,556.37093
cdoi10,2189,4,interior,MLD2,265.57194
cdoi10,2189,5,interior,MLD2,90.27896
cdoi10,2189,6,interior,MLD2,20.55301
cdoi10,2189,7,interior,MLD2,13.37876
cdoi10,2189,8,interior,MLD2,15.55148
cdoi10,2189,9,interior,MLD2,25.01606
cdoi10,2189,10,interior,MLD2,35.99793
cdoi10,2189,11,interior,MLD2,48.52871
cdoi10,2189,12,interior,MLD2,318.68006
