cpres15,2170,1,labsea,a_ice,0.25871
cpres15,2170,2,labsea,a_ice,0.34189
cpres15,2170,3,labsea,a_ice,0.38097
cpres15,2170,4,labsea,a_ice,0.33673
cpres15,2170,5,labsea,a_ice,0.27544
cpres15,2170,6,labsea,a_ice,0.14393
cpres15,2170,7,labsea,a_ice,0.01285
cpres15,2170,8,labsea,a_ice,0.00000
cpres15,2170,9,labsea,a_ice,0.00000
cpres15,2170,10,labsea,a_ice,0.00025
cpres15,2170,11,labsea,a_ice,0.03088
cpres15,2170,12,labsea,a_ice,0.19942
cpres15,2170,1,interior,a_ice,0.09522
cpres15,2170,2,interior,a_ice,0.22587
cpres15,2170,3,interior,a_ice,0.26630
cpres15,2170,4,interior,a_ice,0.15539
cpres15,2170,5,interior,a_ice,0.09343
cpres15,2170,6,interior,a_ice,0.05540
cpres15,2170,7,interior,a_ice,0.00007
cpres15,2170,8,interior,a_ice,0.00000
cpres15,2170,9,interior,a_ice,0.00000
cpres15,2170,10,interior,a_ice,0.00000
cpres15,2170,11,interior,a_ice,0.00309
cpres15,2170,12,interior,a_ice,0.05949
cpres15,2170,1,labsea,MLD2,1159.33030
cpres15,2170,2,labsea,MLD2,1195.34129
cpres15,2170,3,labsea,MLD2,1074.15246
cpres15,2170,4,labsea,MLD2,921.94223
cpres15,2170,5,labsea,MLD2,380.73607
cpres15,2170,6,labsea,MLD2,9.60844
cpres15,2170,7,labsea,MLD2,9.03245
cpres15,2170,8,labsea,MLD2,12.37600
cpres15,2170,9,labsea,MLD2,26.76926
cpres15,2170,10,labsea,MLD2,37.96281
cpres15,2170,11,labsea,MLD2,70.90047
cpres15,2170,12,labsea,MLD2,724.43331
cpres15,2170,1,interior,MLD2,1965.91660
cpres15,2170,2,interior,MLD2,1506.97770
cpres15,2170,3,interior,MLD2,1179.11088
cpres15,2170,4,interior,MLD2,999.08244
cpres15,2170,5,interior,MLD2,445.12922
cpres15,2170,6,interior,MLD2,10.38041
cpres15,2170,7,interior,MLD2,9.50963
cpres15,2170,8,interior,MLD2,14.20958
cpres15,2170,9,interior,MLD2,33.15174
cpres15,2170,10,interior,MLD2,45.52242
cpres15,2170,11,interior,MLD2,83.60478
cpres15,2170,12,interior,MLD2,1145.85232
cpres15,2171,1,labsea,a_ice,0.22890
cpres15,2171,2,labsea,a_ice,0.24501
cpres15,2171,3,labsea,a_ice,0.30912
cpres15,2171,4,labsea,a_ice,0.26852
cpres15,2171,5,labsea,a_ice,0.21193
cpres15,2171,6,labsea,a_ice,0.12851
cpres15,2171,7,labsea,a_ice,0.02775
cpres15,2171,8,labsea,a_ice,0.00033
cpres15,2171,9,labsea,a_ice,0.00000
cpres15,2171,10,labsea,a_ice,0.00000
cpres15,2171,11,labsea,a_ice,0.00984
cpres15,2171,12,labsea,a_ice,0.10969
cpres15,2171,1,interior,a_ice,0.07363
cpres15,2171,2,interior,a_ice,0.06835
cpres15,2171,3,interior,a_ice,0.12260
cpres15,2171,4,interior,a_ice,0.07189
cpres15,2171,5,interior,a_ice,0.04062
cpres15,2171,6,interior,a_ice,0.01823
cpres15,2171,7,interior,a_ice,0.00028
cpres15,2171,8,interior,a_ice,0.00000
cpres15,2171,9,interior,a_ice,0.00000
cpres15,2171,10,interior,a_ice,0.00000
cpres15,2171,11,interior,a_ice,0.00000
cpres15,2171,12,interior,a_ice,0.02036
cpres15,2171,1,labsea,MLD2,1333.57296
cpres15,2171,2,labsea,MLD2,1509.77888
cpres15,2171,3,labsea,MLD2,1415.85073
cpres15,2171,4,labsea,MLD2,1215.31596
cpres15,2171,5,labsea,MLD2,368.65615
cpres15,2171,6,labsea,MLD2,15.17212
cpres15,2171,7,labsea,MLD2,11.31229
cpres15,2171,8,labsea,MLD2,13.06245
cpres15,2171,9,labsea,MLD2,17.73211
cpres15,2171,10,labsea,MLD2,30.53141
cpres15,2171,11,labsea,MLD2,52.06891
cpres15,2171,12,labsea,MLD2,453.15864
cpres15,2171,1,interior,MLD2,2032.06752
cpres15,2171,2,interior,MLD2,2259.44004
cpres15,2171,3,interior,MLD2,2082.27496
cpres15,2171,4,interior,MLD2,1800.69307
cpres15,2171,5,interior,MLD2,572.58343
cpres15,2171,6,interior,MLD2,18.04894
cpres15,2171,7,interior,MLD2,13.39271
cpres15,2171,8,interior,MLD2,15.59611
cpres15,2171,9,interior,MLD2,20.87846
cpres15,2171,10,interior,MLD2,35.53442
cpres15,2171,11,interior,MLD2,62.14330
cpres15,2171,12,interior,MLD2,980.98295
cpres15,2172,1,labsea,a_ice,0.23250
cpres15,2172,2,labsea,a_ice,0.24809
cpres15,2172,3,labsea,a_ice,0.23793
cpres15,2172,4,labsea,a_ice,0.21204
cpres15,2172,5,labsea,a_ice,0.20385
cpres15,2172,6,labsea,a_ice,0.11995
cpres15,2172,7,labsea,a_ice,0.03119
cpres15,2172,8,labsea,a_ice,0.00399
cpres15,2172,9,labsea,a_ice,0.00000
cpres15,2172,10,labsea,a_ice,0.00003
cpres15,2172,11,labsea,a_ice,0.03615
cpres15,2172,12,labsea,a_ice,0.16577
cpres15,2172,1,interior,a_ice,0.08121
cpres15,2172,2,interior,a_ice,0.08440
cpres15,2172,3,interior,a_ice,0.05652
cpres15,2172,4,interior,a_ice,0.04077
cpres15,2172,5,interior,a_ice,0.06243
cpres15,2172,6,interior,a_ice,0.03265
cpres15,2172,7,interior,a_ice,0.00006
cpres15,2172,8,interior,a_ice,0.00000
cpres15,2172,9,interior,a_ice,0.00000
cpres15,2172,10,interior,a_ice,0.00000
cpres15,2172,11,interior,a_ice,0.00000
cpres15,2172,12,interior,a_ice,0.02938
cpres15,2172,1,labsea,MLD2,1214.27708
cpres15,2172,2,labsea,MLD2,1508.50317
cpres15,2172,3,labsea,MLD2,1519.88364
cpres15,2172,4,labsea,MLD2,1342.39008
cpres15,2172,5,labsea,MLD2,1081.09373
cpres15,2172,6,labsea,MLD2,163.51912
cpres15,2172,7,labsea,MLD2,14.68199
cpres15,2172,8,labsea,MLD2,14.83285
cpres15,2172,9,labsea,MLD2,20.71017
cpres15,2172,10,labsea,MLD2,30.66418
cpres15,2172,11,labsea,MLD2,65.10252
cpres15,2172,12,labsea,MLD2,609.28979
cpres15,2172,1,interior,MLD2,1788.81177
cpres15,2172,2,interior,MLD2,2222.44215
cpres15,2172,3,interior,MLD2,2211.56816
cpres15,2172,4,interior,MLD2,1984.93617
cpres15,2172,5,interior,MLD2,1603.56144
cpres15,2172,6,interior,MLD2,245.97379
cpres15,2172,7,interior,MLD2,19.97738
cpres15,2172,8,interior,MLD2,20.07478
cpres15,2172,9,interior,MLD2,26.54188
cpres15,2172,10,interior,MLD2,36.97787
cpres15,2172,11,interior,MLD2,82.15380
cpres15,2172,12,interior,MLD2,886.61990
cpres15,2173,1,labsea,a_ice,0.25242
cpres15,2173,2,labsea,a_ice,0.29105
cpres15,2173,3,labsea,a_ice,0.31728
cpres15,2173,4,labsea,a_ice,0.30920
cpres15,2173,5,labsea,a_ice,0.25855
cpres15,2173,6,labsea,a_ice,0.12537
cpres15,2173,7,labsea,a_ice,0.01814
cpres15,2173,8,labsea,a_ice,0.00000
cpres15,2173,9,labsea,a_ice,0.00000
cpres15,2173,10,labsea,a_ice,0.00027
cpres15,2173,11,labsea,a_ice,0.04589
cpres15,2173,12,labsea,a_ice,0.18500
cpres15,2173,1,interior,a_ice,0.10808
cpres15,2173,2,interior,a_ice,0.11949
cpres15,2173,3,interior,a_ice,0.14345
cpres15,2173,4,interior,a_ice,0.12078
cpres15,2173,5,interior,a_ice,0.05651
cpres15,2173,6,interior,a_ice,0.03624
cpres15,2173,7,interior,a_ice,0.00978
cpres15,2173,8,interior,a_ice,0.00000
cpres15,2173,9,interior,a_ice,0.00000
cpres15,2173,10,interior,a_ice,0.00000
cpres15,2173,11,interior,a_ice,0.00008
cpres15,2173,12,interior,a_ice,0.06355
cpres15,2173,1,labsea,MLD2,1309.93793
cpres15,2173,2,labsea,MLD2,1404.77249
cpres15,2173,3,labsea,MLD2,1249.39387
cpres15,2173,4,labsea,MLD2,1196.35278
cpres15,2173,5,labsea,MLD2,615.04226
cpres15,2173,6,labsea,MLD2,17.58493
cpres15,2173,7,labsea,MLD2,10.06375
cpres15,2173,8,labsea,MLD2,14.75551
cpres15,2173,9,labsea,MLD2,19.46494
cpres15,2173,10,labsea,MLD2,28.73217
cpres15,2173,11,labsea,MLD2,51.74094
cpres15,2173,12,labsea,MLD2,375.82839
cpres15,2173,1,interior,MLD2,1809.56330
cpres15,2173,2,interior,MLD2,2011.80853
cpres15,2173,3,interior,MLD2,1835.89624
cpres15,2173,4,interior,MLD2,1710.24170
cpres15,2173,5,interior,MLD2,1030.75417
cpres15,2173,6,interior,MLD2,22.28715
cpres15,2173,7,interior,MLD2,10.83930
cpres15,2173,8,interior,MLD2,18.60670
cpres15,2173,9,interior,MLD2,23.13656
cpres15,2173,10,interior,MLD2,32.82647
cpres15,2173,11,interior,MLD2,56.02522
cpres15,2173,12,interior,MLD2,535.11171
cpres15,2174,1,labsea,a_ice,0.28104
cpres15,2174,2,labsea,a_ice,0.29293
cpres15,2174,3,labsea,a_ice,0.28501
cpres15,2174,4,labsea,a_ice,0.25781
cpres15,2174,5,labsea,a_ice,0.19889
cpres15,2174,6,labsea,a_ice,0.11994
cpres15,2174,7,labsea,a_ice,0.03759
cpres15,2174,8,labsea,a_ice,0.00344
cpres15,2174,9,labsea,a_ice,0.00000
cpres15,2174,10,labsea,a_ice,0.00085
cpres15,2174,11,labsea,a_ice,0.04188
cpres15,2174,12,labsea,a_ice,0.12590
cpres15,2174,1,interior,a_ice,0.11614
cpres15,2174,2,interior,a_ice,0.09231
cpres15,2174,3,interior,a_ice,0.12133
cpres15,2174,4,interior,a_ice,0.06787
cpres15,2174,5,interior,a_ice,0.04469
cpres15,2174,6,interior,a_ice,0.00685
cpres15,2174,7,interior,a_ice,0.00238
cpres15,2174,8,interior,a_ice,0.00000
cpres15,2174,9,interior,a_ice,0.00000
cpres15,2174,10,interior,a_ice,0.00000
cpres15,2174,11,interior,a_ice,0.00131
cpres15,2174,12,interior,a_ice,0.00319
cpres15,2174,1,labsea,MLD2,1180.82703
cpres15,2174,2,labsea,MLD2,1401.06558
cpres15,2174,3,labsea,MLD2,1451.35961
cpres15,2174,4,labsea,MLD2,1157.09325
cpres15,2174,5,labsea,MLD2,171.47879
cpres15,2174,6,labsea,MLD2,14.98090
cpres15,2174,7,labsea,MLD2,13.85408
cpres15,2174,8,labsea,MLD2,12.66208
cpres15,2174,9,labsea,MLD2,20.33641
cpres15,2174,10,labsea,MLD2,31.16957
cpres15,2174,11,labsea,MLD2,61.61870
cpres15,2174,12,labsea,MLD2,323.75477
cpres15,2174,1,interior,MLD2,1958.58227
cpres15,2174,2,interior,MLD2,2125.19600
cpres15,2174,3,interior,MLD2,2160.85490
cpres15,2174,4,interior,MLD2,1851.21225
cpres15,2174,5,interior,MLD2,305.48301
cpres15,2174,6,interior,MLD2,18.99493
cpres15,2174,7,interior,MLD2,17.26719
cpres15,2174,8,interior,MLD2,15.05949
cpres15,2174,9,interior,MLD2,24.31193
cpres15,2174,10,interior,MLD2,34.78703
cpres15,2174,11,interior,MLD2,76.42601
cpres15,2174,12,interior,MLD2,656.49280
cpres15,2175,1,labsea,a_ice,0.22884
cpres15,2175,2,labsea,a_ice,0.27938
cpres15,2175,3,labsea,a_ice,0.28953
cpres15,2175,4,labsea,a_ice,0.28895
cpres15,2175,5,labsea,a_ice,0.25094
cpres15,2175,6,labsea,a_ice,0.14198
cpres15,2175,7,labsea,a_ice,0.05740
cpres15,2175,8,labsea,a_ice,0.00300
cpres15,2175,9,labsea,a_ice,0.00000
cpres15,2175,10,labsea,a_ice,0.00187
cpres15,2175,11,labsea,a_ice,0.03874
cpres15,2175,12,labsea,a_ice,0.14607
cpres15,2175,1,interior,a_ice,0.06370
cpres15,2175,2,interior,a_ice,0.10191
cpres15,2175,3,interior,a_ice,0.09077
cpres15,2175,4,interior,a_ice,0.09852
cpres15,2175,5,interior,a_ice,0.08734
cpres15,2175,6,interior,a_ice,0.02651
cpres15,2175,7,interior,a_ice,0.00013
cpres15,2175,8,interior,a_ice,0.00000
cpres15,2175,9,interior,a_ice,0.00000
cpres15,2175,10,interior,a_ice,0.00000
cpres15,2175,11,interior,a_ice,0.00002
cpres15,2175,12,interior,a_ice,0.03355
cpres15,2175,1,labsea,MLD2,1076.07248
cpres15,2175,2,labsea,MLD2,1397.84101
cpres15,2175,3,labsea,MLD2,1410.10081
cpres15,2175,4,labsea,MLD2,1334.00416
cpres15,2175,5,labsea,MLD2,893.38902
cpres15,2175,6,labsea,MLD2,61.14464
cpres15,2175,7,labsea,MLD2,16.21380
cpres15,2175,8,labsea,MLD2,15.81553
cpres15,2175,9,labsea,MLD2,20.70539
cpres15,2175,10,labsea,MLD2,32.95839
cpres15,2175,11,labsea,MLD2,54.43696
cpres15,2175,12,labsea,MLD2,343.21317
cpres15,2175,1,interior,MLD2,1631.35166
cpres15,2175,2,interior,MLD2,2005.13392
cpres15,2175,3,interior,MLD2,2035.81664
cpres15,2175,4,interior,MLD2,1853.82534
cpres15,2175,5,interior,MLD2,1139.95385
cpres15,2175,6,interior,MLD2,47.60974
cpres15,2175,7,interior,MLD2,21.37733
cpres15,2175,8,interior,MLD2,18.85629
cpres15,2175,9,interior,MLD2,24.11151
cpres15,2175,10,interior,MLD2,37.72007
cpres15,2175,11,interior,MLD2,67.67272
cpres15,2175,12,interior,MLD2,596.05095
cpres15,2176,1,labsea,a_ice,0.22521
cpres15,2176,2,labsea,a_ice,0.27633
cpres15,2176,3,labsea,a_ice,0.26292
cpres15,2176,4,labsea,a_ice,0.24265
cpres15,2176,5,labsea,a_ice,0.21990
cpres15,2176,6,labsea,a_ice,0.16863
cpres15,2176,7,labsea,a_ice,0.07287
cpres15,2176,8,labsea,a_ice,0.00679
cpres15,2176,9,labsea,a_ice,0.00000
cpres15,2176,10,labsea,a_ice,0.00828
cpres15,2176,11,labsea,a_ice,0.05745
cpres15,2176,12,labsea,a_ice,0.18277
cpres15,2176,1,interior,a_ice,0.05940
cpres15,2176,2,interior,a_ice,0.09249
cpres15,2176,3,interior,a_ice,0.10719
cpres15,2176,4,interior,a_ice,0.11530
cpres15,2176,5,interior,a_ice,0.04806
cpres15,2176,6,interior,a_ice,0.03270
cpres15,2176,7,interior,a_ice,0.00802
cpres15,2176,8,interior,a_ice,0.00000
cpres15,2176,9,interior,a_ice,0.00000
cpres15,2176,10,interior,a_ice,0.00000
cpres15,2176,11,interior,a_ice,0.00042
cpres15,2176,12,interior,a_ice,0.03617
cpres15,2176,1,labsea,MLD2,1126.40317
cpres15,2176,2,labsea,MLD2,1340.76206
cpres15,2176,3,labsea,MLD2,1317.91488
cpres15,2176,4,labsea,MLD2,964.86509
cpres15,2176,5,labsea,MLD2,368.68666
cpres15,2176,6,labsea,MLD2,25.98533
cpres15,2176,7,labsea,MLD2,14.63667
cpres15,2176,8,labsea,MLD2,14.17429
cpres15,2176,9,labsea,MLD2,19.72166
cpres15,2176,10,labsea,MLD2,30.85644
cpres15,2176,11,labsea,MLD2,54.30379
cpres15,2176,12,labsea,MLD2,543.06518
cpres15,2176,1,interior,MLD2,1730.60984
cpres15,2176,2,interior,MLD2,1963.09765
cpres15,2176,3,interior,MLD2,1857.24828
cpres15,2176,4,interior,MLD2,1501.56363
cpres15,2176,5,interior,MLD2,646.25352
cpres15,2176,6,interior,MLD2,32.79178
cpres15,2176,7,interior,MLD2,17.65487
cpres15,2176,8,interior,MLD2,17.69989
cpres15,2176,9,interior,MLD2,24.91905
cpres15,2176,10,interior,MLD2,35.16386
cpres15,2176,11,interior,MLD2,65.72365
cpres15,2176,12,interior,MLD2,871.51995
cpres15,2177,1,labsea,a_ice,0.24919
cpres15,2177,2,labsea,a_ice,0.31432
cpres15,2177,3,labsea,a_ice,0.30261
cpres15,2177,4,labsea,a_ice,0.28925
cpres15,2177,5,labsea,a_ice,0.21333
cpres15,2177,6,labsea,a_ice,0.13316
cpres15,2177,7,labsea,a_ice,0.03556
cpres15,2177,8,labsea,a_ice,0.00166
cpres15,2177,9,labsea,a_ice,0.00000
cpres15,2177,10,labsea,a_ice,0.00015
cpres15,2177,11,labsea,a_ice,0.05061
cpres15,2177,12,labsea,a_ice,0.18605
cpres15,2177,1,interior,a_ice,0.06560
cpres15,2177,2,interior,a_ice,0.13483
cpres15,2177,3,interior,a_ice,0.14093
cpres15,2177,4,interior,a_ice,0.08989
cpres15,2177,5,interior,a_ice,0.10902
cpres15,2177,6,interior,a_ice,0.03063
cpres15,2177,7,interior,a_ice,0.00010
cpres15,2177,8,interior,a_ice,0.00000
cpres15,2177,9,interior,a_ice,0.00000
cpres15,2177,10,interior,a_ice,0.00000
cpres15,2177,11,interior,a_ice,0.00120
cpres15,2177,12,interior,a_ice,0.04496
cpres15,2177,1,labsea,MLD2,1227.26736
cpres15,2177,2,labsea,MLD2,1335.96038
cpres15,2177,3,labsea,MLD2,1036.97012
cpres15,2177,4,labsea,MLD2,821.59174
cpres15,2177,5,labsea,MLD2,399.24997
cpres15,2177,6,labsea,MLD2,44.76449
cpres15,2177,7,labsea,MLD2,11.86942
cpres15,2177,8,labsea,MLD2,16.26969
cpres15,2177,9,labsea,MLD2,22.55073
cpres15,2177,10,labsea,MLD2,35.41559
cpres15,2177,11,labsea,MLD2,64.54756
cpres15,2177,12,labsea,MLD2,515.89480
cpres15,2177,1,interior,MLD2,1862.76887
cpres15,2177,2,interior,MLD2,1853.43427
cpres15,2177,3,interior,MLD2,1296.39452
cpres15,2177,4,interior,MLD2,1197.59330
cpres15,2177,5,interior,MLD2,688.96889
cpres15,2177,6,interior,MLD2,68.57745
cpres15,2177,7,interior,MLD2,12.52662
cpres15,2177,8,interior,MLD2,19.23503
cpres15,2177,9,interior,MLD2,26.02028
cpres15,2177,10,interior,MLD2,37.38816
cpres15,2177,11,interior,MLD2,80.22360
cpres15,2177,12,interior,MLD2,779.84280
cpres15,2178,1,labsea,a_ice,0.27912
cpres15,2178,2,labsea,a_ice,0.32553
cpres15,2178,3,labsea,a_ice,0.30916
cpres15,2178,4,labsea,a_ice,0.31440
cpres15,2178,5,labsea,a_ice,0.24519
cpres15,2178,6,labsea,a_ice,0.12561
cpres15,2178,7,labsea,a_ice,0.02082
cpres15,2178,8,labsea,a_ice,0.00009
cpres15,2178,9,labsea,a_ice,0.00000
cpres15,2178,10,labsea,a_ice,0.00011
cpres15,2178,11,labsea,a_ice,0.03803
cpres15,2178,12,labsea,a_ice,0.14787
cpres15,2178,1,interior,a_ice,0.09359
cpres15,2178,2,interior,a_ice,0.15953
cpres15,2178,3,interior,a_ice,0.12946
cpres15,2178,4,interior,a_ice,0.12140
cpres15,2178,5,interior,a_ice,0.08489
cpres15,2178,6,interior,a_ice,0.01965
cpres15,2178,7,interior,a_ice,0.00003
cpres15,2178,8,interior,a_ice,0.00000
cpres15,2178,9,interior,a_ice,0.00000
cpres15,2178,10,interior,a_ice,0.00000
cpres15,2178,11,interior,a_ice,0.00021
cpres15,2178,12,interior,a_ice,0.04669
cpres15,2178,1,labsea,MLD2,1258.90507
cpres15,2178,2,labsea,MLD2,1353.46589
cpres15,2178,3,labsea,MLD2,1293.49290
cpres15,2178,4,labsea,MLD2,1217.83677
cpres15,2178,5,labsea,MLD2,600.77911
cpres15,2178,6,labsea,MLD2,16.53177
cpres15,2178,7,labsea,MLD2,10.82948
cpres15,2178,8,labsea,MLD2,15.28346
cpres15,2178,9,labsea,MLD2,20.78291
cpres15,2178,10,labsea,MLD2,36.27345
cpres15,2178,11,labsea,MLD2,80.67432
cpres15,2178,12,labsea,MLD2,575.43460
cpres15,2178,1,interior,MLD2,1804.38115
cpres15,2178,2,interior,MLD2,1929.16747
cpres15,2178,3,interior,MLD2,1991.88027
cpres15,2178,4,interior,MLD2,1890.08479
cpres15,2178,5,interior,MLD2,1086.21445
cpres15,2178,6,interior,MLD2,21.43162
cpres15,2178,7,interior,MLD2,12.60935
cpres15,2178,8,interior,MLD2,18.74028
cpres15,2178,9,interior,MLD2,25.41779
cpres15,2178,10,interior,MLD2,41.53244
cpres15,2178,11,interior,MLD2,103.49548
cpres15,2178,12,interior,MLD2,1078.74123
cpres15,2179,1,labsea,a_ice,0.20889
cpres15,2179,2,labsea,a_ice,0.23306
cpres15,2179,3,labsea,a_ice,0.23794
cpres15,2179,4,labsea,a_ice,0.19174
cpres15,2179,5,labsea,a_ice,0.18602
cpres15,2179,6,labsea,a_ice,0.16434
cpres15,2179,7,labsea,a_ice,0.08440
cpres15,2179,8,labsea,a_ice,0.02060
cpres15,2179,9,labsea,a_ice,0.00225
cpres15,2179,10,labsea,a_ice,0.00368
cpres15,2179,11,labsea,a_ice,0.09405
cpres15,2179,12,labsea,a_ice,0.18422
cpres15,2179,1,interior,a_ice,0.05553
cpres15,2179,2,interior,a_ice,0.05843
cpres15,2179,3,interior,a_ice,0.08519
cpres15,2179,4,interior,a_ice,0.02802
cpres15,2179,5,interior,a_ice,0.02427
cpres15,2179,6,interior,a_ice,0.01027
cpres15,2179,7,interior,a_ice,0.00655
cpres15,2179,8,interior,a_ice,0.00000
cpres15,2179,9,interior,a_ice,0.00000
cpres15,2179,10,interior,a_ice,0.00000
cpres15,2179,11,interior,a_ice,0.00919
cpres15,2179,12,interior,a_ice,0.03412
cpres15,2179,1,labsea,MLD2,1017.40907
cpres15,2179,2,labsea,MLD2,1328.97378
cpres15,2179,3,labsea,MLD2,1415.84628
cpres15,2179,4,labsea,MLD2,1211.78318
cpres15,2179,5,labsea,MLD2,897.78784
cpres15,2179,6,labsea,MLD2,48.55005
cpres15,2179,7,labsea,MLD2,16.66549
cpres15,2179,8,labsea,MLD2,18.48689
cpres15,2179,9,labsea,MLD2,26.15376
cpres15,2179,10,labsea,MLD2,37.75440
cpres15,2179,11,labsea,MLD2,110.96361
cpres15,2179,12,labsea,MLD2,560.54065
cpres15,2179,1,interior,MLD2,1693.20029
cpres15,2179,2,interior,MLD2,2124.58699
cpres15,2179,3,interior,MLD2,2210.29281
cpres15,2179,4,interior,MLD2,2051.11301
cpres15,2179,5,interior,MLD2,1723.59210
cpres15,2179,6,interior,MLD2,81.56592
cpres15,2179,7,interior,MLD2,21.39379
cpres15,2179,8,interior,MLD2,22.47024
cpres15,2179,9,interior,MLD2,29.44379
cpres15,2179,10,interior,MLD2,43.26479
cpres15,2179,11,interior,MLD2,172.30892
cpres15,2179,12,interior,MLD2,1004.78850
cpres15,2180,1,labsea,a_ice,0.22921
cpres15,2180,2,labsea,a_ice,0.29570
cpres15,2180,3,labsea,a_ice,0.30187
cpres15,2180,4,labsea,a_ice,0.25750
cpres15,2180,5,labsea,a_ice,0.21631
cpres15,2180,6,labsea,a_ice,0.13374
cpres15,2180,7,labsea,a_ice,0.03912
cpres15,2180,8,labsea,a_ice,0.00180
cpres15,2180,9,labsea,a_ice,0.00000
cpres15,2180,10,labsea,a_ice,0.00158
cpres15,2180,11,labsea,a_ice,0.06384
cpres15,2180,12,labsea,a_ice,0.17701
cpres15,2180,1,interior,a_ice,0.06757
cpres15,2180,2,interior,a_ice,0.14518
cpres15,2180,3,interior,a_ice,0.13990
cpres15,2180,4,interior,a_ice,0.06923
cpres15,2180,5,interior,a_ice,0.05294
cpres15,2180,6,interior,a_ice,0.02103
cpres15,2180,7,interior,a_ice,0.00016
cpres15,2180,8,interior,a_ice,0.00000
cpres15,2180,9,interior,a_ice,0.00000
cpres15,2180,10,interior,a_ice,0.00000
cpres15,2180,11,interior,a_ice,0.00258
cpres15,2180,12,interior,a_ice,0.03677
cpres15,2180,1,labsea,MLD2,1220.14702
cpres15,2180,2,labsea,MLD2,1399.41918
cpres15,2180,3,labsea,MLD2,1254.51795
cpres15,2180,4,labsea,MLD2,928.90353
cpres15,2180,5,labsea,MLD2,561.79942
cpres15,2180,6,labsea,MLD2,24.62332
cpres15,2180,7,labsea,MLD2,13.69283
cpres15,2180,8,labsea,MLD2,11.46696
cpres15,2180,9,labsea,MLD2,22.38318
cpres15,2180,10,labsea,MLD2,39.91833
cpres15,2180,11,labsea,MLD2,63.92208
cpres15,2180,12,labsea,MLD2,331.63331
cpres15,2180,1,interior,MLD2,1806.15799
cpres15,2180,2,interior,MLD2,1949.76621
cpres15,2180,3,interior,MLD2,1828.50912
cpres15,2180,4,interior,MLD2,1534.37578
cpres15,2180,5,interior,MLD2,1053.38875
cpres15,2180,6,interior,MLD2,46.56295
cpres15,2180,7,interior,MLD2,15.72647
cpres15,2180,8,interior,MLD2,12.20203
cpres15,2180,9,interior,MLD2,26.97668
cpres15,2180,10,interior,MLD2,47.23411
cpres15,2180,11,interior,MLD2,72.74235
cpres15,2180,12,interior,MLD2,459.88903
cpres15,2181,1,labsea,a_ice,0.26484
cpres15,2181,2,labsea,a_ice,0.34319
cpres15,2181,3,labsea,a_ice,0.33847
cpres15,2181,4,labsea,a_ice,0.30617
cpres15,2181,5,labsea,a_ice,0.24228
cpres15,2181,6,labsea,a_ice,0.13462
cpres15,2181,7,labsea,a_ice,0.03878
cpres15,2181,8,labsea,a_ice,0.00116
cpres15,2181,9,labsea,a_ice,0.00000
cpres15,2181,10,labsea,a_ice,0.00096
cpres15,2181,11,labsea,a_ice,0.04129
cpres15,2181,12,labsea,a_ice,0.14854
cpres15,2181,1,interior,a_ice,0.08629
cpres15,2181,2,interior,a_ice,0.17768
cpres15,2181,3,interior,a_ice,0.14022
cpres15,2181,4,interior,a_ice,0.10830
cpres15,2181,5,interior,a_ice,0.10660
cpres15,2181,6,interior,a_ice,0.01765
cpres15,2181,7,interior,a_ice,0.00708
cpres15,2181,8,interior,a_ice,0.00000
cpres15,2181,9,interior,a_ice,0.00000
cpres15,2181,10,interior,a_ice,0.00000
cpres15,2181,11,interior,a_ice,0.00001
cpres15,2181,12,interior,a_ice,0.02482
cpres15,2181,1,labsea,MLD2,1114.67721
cpres15,2181,2,labsea,MLD2,1226.36422
cpres15,2181,3,labsea,MLD2,1098.88526
cpres15,2181,4,labsea,MLD2,1010.67067
cpres15,2181,5,labsea,MLD2,611.21652
cpres15,2181,6,labsea,MLD2,24.60195
cpres15,2181,7,labsea,MLD2,17.78329
cpres15,2181,8,labsea,MLD2,21.70515
cpres15,2181,9,labsea,MLD2,24.57870
cpres15,2181,10,labsea,MLD2,31.52573
cpres15,2181,11,labsea,MLD2,54.05804
cpres15,2181,12,labsea,MLD2,296.09297
cpres15,2181,1,interior,MLD2,1693.57150
cpres15,2181,2,interior,MLD2,1638.07636
cpres15,2181,3,interior,MLD2,1603.98079
cpres15,2181,4,interior,MLD2,1336.35447
cpres15,2181,5,interior,MLD2,811.80244
cpres15,2181,6,interior,MLD2,32.01669
cpres15,2181,7,interior,MLD2,22.23929
cpres15,2181,8,interior,MLD2,27.19532
cpres15,2181,9,interior,MLD2,30.70086
cpres15,2181,10,interior,MLD2,37.68660
cpres15,2181,11,interior,MLD2,67.70694
cpres15,2181,12,interior,MLD2,499.94537
cpres15,2182,1,labsea,a_ice,0.24014
cpres15,2182,2,labsea,a_ice,0.30912
cpres15,2182,3,labsea,a_ice,0.29383
cpres15,2182,4,labsea,a_ice,0.30993
cpres15,2182,5,labsea,a_ice,0.28075
cpres15,2182,6,labsea,a_ice,0.14171
cpres15,2182,7,labsea,a_ice,0.01841
cpres15,2182,8,labsea,a_ice,0.00002
cpres15,2182,9,labsea,a_ice,0.00000
cpres15,2182,10,labsea,a_ice,0.00436
cpres15,2182,11,labsea,a_ice,0.05684
cpres15,2182,12,labsea,a_ice,0.19701
cpres15,2182,1,interior,a_ice,0.07173
cpres15,2182,2,interior,a_ice,0.11020
cpres15,2182,3,interior,a_ice,0.09205
cpres15,2182,4,interior,a_ice,0.11980
cpres15,2182,5,interior,a_ice,0.09159
cpres15,2182,6,interior,a_ice,0.05771
cpres15,2182,7,interior,a_ice,0.00171
cpres15,2182,8,interior,a_ice,0.00000
cpres15,2182,9,interior,a_ice,0.00000
cpres15,2182,10,interior,a_ice,0.00000
cpres15,2182,11,interior,a_ice,0.00090
cpres15,2182,12,interior,a_ice,0.03946
cpres15,2182,1,labsea,MLD2,1040.95326
cpres15,2182,2,labsea,MLD2,1270.12960
cpres15,2182,3,labsea,MLD2,1250.35082
cpres15,2182,4,labsea,MLD2,1147.55494
cpres15,2182,5,labsea,MLD2,527.09088
cpres15,2182,6,labsea,MLD2,18.42483
cpres15,2182,7,labsea,MLD2,11.90482
cpres15,2182,8,labsea,MLD2,15.62785
cpres15,2182,9,labsea,MLD2,21.75376
cpres15,2182,10,labsea,MLD2,35.46255
cpres15,2182,11,labsea,MLD2,52.99204
cpres15,2182,12,labsea,MLD2,202.88558
cpres15,2182,1,interior,MLD2,1750.86211
cpres15,2182,2,interior,MLD2,1973.50393
cpres15,2182,3,interior,MLD2,1875.90690
cpres15,2182,4,interior,MLD2,1636.38080
cpres15,2182,5,interior,MLD2,809.99338
cpres15,2182,6,interior,MLD2,22.62094
cpres15,2182,7,interior,MLD2,14.91801
cpres15,2182,8,interior,MLD2,18.85812
cpres15,2182,9,interior,MLD2,24.41923
cpres15,2182,10,interior,MLD2,40.85461
cpres15,2182,11,interior,MLD2,58.04214
cpres15,2182,12,interior,MLD2,385.67885
cpres15,2183,1,labsea,a_ice,0.30008
cpres15,2183,2,labsea,a_ice,0.34574
cpres15,2183,3,labsea,a_ice,0.34081
cpres15,2183,4,labsea,a_ice,0.29323
cpres15,2183,5,labsea,a_ice,0.22888
cpres15,2183,6,labsea,a_ice,0.14512
cpres15,2183,7,labsea,a_ice,0.03417
cpres15,2183,8,labsea,a_ice,0.00029
cpres15,2183,9,labsea,a_ice,0.00000
cpres15,2183,10,labsea,a_ice,0.00034
cpres15,2183,11,labsea,a_ice,0.02313
cpres15,2183,12,labsea,a_ice,0.10511
cpres15,2183,1,interior,a_ice,0.09999
cpres15,2183,2,interior,a_ice,0.15195
cpres15,2183,3,interior,a_ice,0.15322
cpres15,2183,4,interior,a_ice,0.13319
cpres15,2183,5,interior,a_ice,0.07595
cpres15,2183,6,interior,a_ice,0.03784
cpres15,2183,7,interior,a_ice,0.00371
cpres15,2183,8,interior,a_ice,0.00000
cpres15,2183,9,interior,a_ice,0.00000
cpres15,2183,10,interior,a_ice,0.00000
cpres15,2183,11,interior,a_ice,0.00000
cpres15,2183,12,interior,a_ice,0.00397
cpres15,2183,1,labsea,MLD2,1026.06467
cpres15,2183,2,labsea,MLD2,1146.89468
cpres15,2183,3,labsea,MLD2,1134.97917
cpres15,2183,4,labsea,MLD2,1129.71209
cpres15,2183,5,labsea,MLD2,761.94858
cpres15,2183,6,labsea,MLD2,28.66125
cpres15,2183,7,labsea,MLD2,15.89326
cpres15,2183,8,labsea,MLD2,19.67771
cpres15,2183,9,labsea,MLD2,23.71800
cpres15,2183,10,labsea,MLD2,35.88082
cpres15,2183,11,labsea,MLD2,55.33311
cpres15,2183,12,labsea,MLD2,109.82251
cpres15,2183,1,interior,MLD2,1763.00580
cpres15,2183,2,interior,MLD2,1758.37901
cpres15,2183,3,interior,MLD2,1871.29366
cpres15,2183,4,interior,MLD2,1834.52525
cpres15,2183,5,interior,MLD2,1303.48073
cpres15,2183,6,interior,MLD2,46.58854
cpres15,2183,7,interior,MLD2,20.58058
cpres15,2183,8,interior,MLD2,24.55997
cpres15,2183,9,interior,MLD2,30.34719
cpres15,2183,10,interior,MLD2,43.81922
cpres15,2183,11,interior,MLD2,65.30897
cpres15,2183,12,interior,MLD2,148.93737
cpres15,2184,1,labsea,a_ice,0.26255
cpres15,2184,2,labsea,a_ice,0.30854
cpres15,2184,3,labsea,a_ice,0.30069
cpres15,2184,4,labsea,a_ice,0.26953
cpres15,2184,5,labsea,a_ice,0.24701
cpres15,2184,6,labsea,a_ice,0.13610
cpres15,2184,7,labsea,a_ice,0.02232
cpres15,2184,8,labsea,a_ice,0.00000
cpres15,2184,9,labsea,a_ice,0.00000
cpres15,2184,10,labsea,a_ice,0.00057
cpres15,2184,11,labsea,a_ice,0.05438
cpres15,2184,12,labsea,a_ice,0.20552
cpres15,2184,1,interior,a_ice,0.11219
cpres15,2184,2,interior,a_ice,0.14470
cpres15,2184,3,interior,a_ice,0.10045
cpres15,2184,4,interior,a_ice,0.06416
cpres15,2184,5,interior,a_ice,0.08739
cpres15,2184,6,interior,a_ice,0.03235
cpres15,2184,7,interior,a_ice,0.00009
cpres15,2184,8,interior,a_ice,0.00000
cpres15,2184,9,interior,a_ice,0.00000
cpres15,2184,10,interior,a_ice,0.00000
cpres15,2184,11,interior,a_ice,0.00448
cpres15,2184,12,interior,a_ice,0.05068
cpres15,2184,1,labsea,MLD2,931.50508
cpres15,2184,2,labsea,MLD2,1351.27085
cpres15,2184,3,labsea,MLD2,1294.90613
cpres15,2184,4,labsea,MLD2,1084.99924
cpres15,2184,5,labsea,MLD2,561.50488
cpres15,2184,6,labsea,MLD2,12.86715
cpres15,2184,7,labsea,MLD2,11.74714
cpres15,2184,8,labsea,MLD2,14.37930
cpres15,2184,9,labsea,MLD2,20.93001
cpres15,2184,10,labsea,MLD2,34.96544
cpres15,2184,11,labsea,MLD2,71.20496
cpres15,2184,12,labsea,MLD2,704.37916
cpres15,2184,1,interior,MLD2,1366.01973
cpres15,2184,2,interior,MLD2,1920.40588
cpres15,2184,3,interior,MLD2,1903.43256
cpres15,2184,4,interior,MLD2,1644.83637
cpres15,2184,5,interior,MLD2,1083.10744
cpres15,2184,6,interior,MLD2,16.10309
cpres15,2184,7,interior,MLD2,13.66291
cpres15,2184,8,interior,MLD2,17.41104
cpres15,2184,9,interior,MLD2,25.37880
cpres15,2184,10,interior,MLD2,43.26038
cpres15,2184,11,interior,MLD2,88.69840
cpres15,2184,12,interior,MLD2,1034.19723
cpres15,2185,1,labsea,a_ice,0.29842
cpres15,2185,2,labsea,a_ice,0.37715
cpres15,2185,3,labsea,a_ice,0.35040
cpres15,2185,4,labsea,a_ice,0.31252
cpres15,2185,5,labsea,a_ice,0.23693
cpres15,2185,6,labsea,a_ice,0.13347
cpres15,2185,7,labsea,a_ice,0.04336
cpres15,2185,8,labsea,a_ice,0.00104
cpres15,2185,9,labsea,a_ice,0.00000
cpres15,2185,10,labsea,a_ice,0.00033
cpres15,2185,11,labsea,a_ice,0.03182
cpres15,2185,12,labsea,a_ice,0.11687
cpres15,2185,1,interior,a_ice,0.17971
cpres15,2185,2,interior,a_ice,0.25624
cpres15,2185,3,interior,a_ice,0.17968
cpres15,2185,4,interior,a_ice,0.11256
cpres15,2185,5,interior,a_ice,0.04802
cpres15,2185,6,interior,a_ice,0.01151
cpres15,2185,7,interior,a_ice,0.00000
cpres15,2185,8,interior,a_ice,0.00000
cpres15,2185,9,interior,a_ice,0.00000
cpres15,2185,10,interior,a_ice,0.00000
cpres15,2185,11,interior,a_ice,0.00024
cpres15,2185,12,interior,a_ice,0.01737
cpres15,2185,1,labsea,MLD2,1150.47183
cpres15,2185,2,labsea,MLD2,1046.75457
cpres15,2185,3,labsea,MLD2,1193.23257
cpres15,2185,4,labsea,MLD2,1117.54631
cpres15,2185,5,labsea,MLD2,564.72066
cpres15,2185,6,labsea,MLD2,13.71596
cpres15,2185,7,labsea,MLD2,11.10601
cpres15,2185,8,labsea,MLD2,13.39465
cpres15,2185,9,labsea,MLD2,21.03839
cpres15,2185,10,labsea,MLD2,31.67871
cpres15,2185,11,labsea,MLD2,49.99861
cpres15,2185,12,labsea,MLD2,202.54359
cpres15,2185,1,interior,MLD2,1588.17879
cpres15,2185,2,interior,MLD2,1403.41721
cpres15,2185,3,interior,MLD2,1732.53915
cpres15,2185,4,interior,MLD2,1793.26793
cpres15,2185,5,interior,MLD2,1028.65068
cpres15,2185,6,interior,MLD2,15.53066
cpres15,2185,7,interior,MLD2,13.16991
cpres15,2185,8,interior,MLD2,16.36437
cpres15,2185,9,interior,MLD2,25.92237
cpres15,2185,10,interior,MLD2,36.45029
cpres15,2185,11,interior,MLD2,56.84317
cpres15,2185,12,interior,MLD2,355.13610
cpres15,2186,1,labsea,a_ice,0.20938
cpres15,2186,2,labsea,a_ice,0.25168
cpres15,2186,3,labsea,a_ice,0.24067
cpres15,2186,4,labsea,a_ice,0.24452
cpres15,2186,5,labsea,a_ice,0.18933
cpres15,2186,6,labsea,a_ice,0.12403
cpres15,2186,7,labsea,a_ice,0.02825
cpres15,2186,8,labsea,a_ice,0.00017
cpres15,2186,9,labsea,a_ice,0.00000
cpres15,2186,10,labsea,a_ice,0.00043
cpres15,2186,11,labsea,a_ice,0.04277
cpres15,2186,12,labsea,a_ice,0.13009
cpres15,2186,1,interior,a_ice,0.05352
cpres15,2186,2,interior,a_ice,0.08987
cpres15,2186,3,interior,a_ice,0.06347
cpres15,2186,4,interior,a_ice,0.09006
cpres15,2186,5,interior,a_ice,0.04444
cpres15,2186,6,interior,a_ice,0.02876
cpres15,2186,7,interior,a_ice,0.01629
cpres15,2186,8,interior,a_ice,0.00000
cpres15,2186,9,interior,a_ice,0.00000
cpres15,2186,10,interior,a_ice,0.00000
cpres15,2186,11,interior,a_ice,0.00313
cpres15,2186,12,interior,a_ice,0.00989
cpres15,2186,1,labsea,MLD2,1213.26954
cpres15,2186,2,labsea,MLD2,1367.48409
cpres15,2186,3,labsea,MLD2,1360.36849
cpres15,2186,4,labsea,MLD2,1247.53435
cpres15,2186,5,labsea,MLD2,544.00366
cpres15,2186,6,labsea,MLD2,21.17782
cpres15,2186,7,labsea,MLD2,14.23299
cpres15,2186,8,labsea,MLD2,15.56464
cpres15,2186,9,labsea,MLD2,24.76578
cpres15,2186,10,labsea,MLD2,37.20963
cpres15,2186,11,labsea,MLD2,62.69826
cpres15,2186,12,labsea,MLD2,124.50278
cpres15,2186,1,interior,MLD2,1876.74060
cpres15,2186,2,interior,MLD2,2034.73248
cpres15,2186,3,interior,MLD2,2002.28415
cpres15,2186,4,interior,MLD2,1718.74775
cpres15,2186,5,interior,MLD2,842.33914
cpres15,2186,6,interior,MLD2,27.96385
cpres15,2186,7,interior,MLD2,16.60672
cpres15,2186,8,interior,MLD2,20.04324
cpres15,2186,9,interior,MLD2,31.05098
cpres15,2186,10,interior,MLD2,42.61421
cpres15,2186,11,interior,MLD2,74.54382
cpres15,2186,12,interior,MLD2,168.11367
cpres15,2187,1,labsea,a_ice,0.21242
cpres15,2187,2,labsea,a_ice,0.25152
cpres15,2187,3,labsea,a_ice,0.25523
cpres15,2187,4,labsea,a_ice,0.24668
cpres15,2187,5,labsea,a_ice,0.21554
cpres15,2187,6,labsea,a_ice,0.10896
cpres15,2187,7,labsea,a_ice,0.02838
cpres15,2187,8,labsea,a_ice,0.00139
cpres15,2187,9,labsea,a_ice,0.00000
cpres15,2187,10,labsea,a_ice,0.00007
cpres15,2187,11,labsea,a_ice,0.01967
cpres15,2187,12,labsea,a_ice,0.10357
cpres15,2187,1,interior,a_ice,0.03736
cpres15,2187,2,interior,a_ice,0.08862
cpres15,2187,3,interior,a_ice,0.06681
cpres15,2187,4,interior,a_ice,0.06550
cpres15,2187,5,interior,a_ice,0.06282
cpres15,2187,6,interior,a_ice,0.00669
cpres15,2187,7,interior,a_ice,0.00000
cpres15,2187,8,interior,a_ice,0.00000
cpres15,2187,9,interior,a_ice,0.00000
cpres15,2187,10,interior,a_ice,0.00000
cpres15,2187,11,interior,a_ice,0.00000
cpres15,2187,12,interior,a_ice,0.00776
cpres15,2187,1,labsea,MLD2,673.73853
cpres15,2187,2,labsea,MLD2,1221.89824
cpres15,2187,3,labsea,MLD2,1323.03613
cpres15,2187,4,labsea,MLD2,1145.72457
cpres15,2187,5,labsea,MLD2,266.11733
cpres15,2187,6,labsea,MLD2,15.94090
cpres15,2187,7,labsea,MLD2,16.62712
cpres15,2187,8,labsea,MLD2,17.18587
cpres15,2187,9,labsea,MLD2,22.97943
cpres15,2187,10,labsea,MLD2,31.52373
cpres15,2187,11,labsea,MLD2,56.30644
cpres15,2187,12,labsea,MLD2,180.43358
cpres15,2187,1,interior,MLD2,1104.86397
cpres15,2187,2,interior,MLD2,1705.86302
cpres15,2187,3,interior,MLD2,1855.92976
cpres15,2187,4,interior,MLD2,1710.89425
cpres15,2187,5,interior,MLD2,475.64123
cpres15,2187,6,interior,MLD2,19.15892
cpres15,2187,7,interior,MLD2,21.50404
cpres15,2187,8,interior,MLD2,20.19095
cpres15,2187,9,interior,MLD2,26.21641
cpres15,2187,10,interior,MLD2,35.02199
cpres15,2187,11,interior,MLD2,63.69887
cpres15,2187,12,interior,MLD2,243.74787
cpres15,2188,1,labsea,a_ice,0.18593
cpres15,2188,2,labsea,a_ice,0.21466
cpres15,2188,3,labsea,a_ice,0.24672
cpres15,2188,4,labsea,a_ice,0.24590
cpres15,2188,5,labsea,a_ice,0.18573
cpres15,2188,6,labsea,a_ice,0.08821
cpres15,2188,7,labsea,a_ice,0.00464
cpres15,2188,8,labsea,a_ice,0.00000
cpres15,2188,9,labsea,a_ice,0.00000
cpres15,2188,10,labsea,a_ice,0.00013
cpres15,2188,11,labsea,a_ice,0.04744
cpres15,2188,12,labsea,a_ice,0.20439
cpres15,2188,1,interior,a_ice,0.03432
cpres15,2188,2,interior,a_ice,0.04379
cpres15,2188,3,interior,a_ice,0.06554
cpres15,2188,4,interior,a_ice,0.04922
cpres15,2188,5,interior,a_ice,0.04376
cpres15,2188,6,interior,a_ice,0.00201
cpres15,2188,7,interior,a_ice,0.00000
cpres15,2188,8,interior,a_ice,0.00000
cpres15,2188,9,interior,a_ice,0.00000
cpres15,2188,10,interior,a_ice,0.00000
cpres15,2188,11,interior,a_ice,0.00056
cpres15,2188,12,interior,a_ice,0.04882
cpres15,2188,1,labsea,MLD2,802.98518
cpres15,2188,2,labsea,MLD2,1101.21232
cpres15,2188,3,labsea,MLD2,1231.00635
cpres15,2188,4,labsea,MLD2,1173.56977
cpres15,2188,5,labsea,MLD2,340.42318
cpres15,2188,6,labsea,MLD2,16.93826
cpres15,2188,7,labsea,MLD2,11.33146
cpres15,2188,8,labsea,MLD2,13.78062
cpres15,2188,9,labsea,MLD2,22.82095
cpres15,2188,10,labsea,MLD2,43.78212
cpres15,2188,11,labsea,MLD2,95.14482
cpres15,2188,12,labsea,MLD2,698.26913
cpres15,2188,1,interior,MLD2,1054.75573
cpres15,2188,2,interior,MLD2,1480.34595
cpres15,2188,3,interior,MLD2,1653.03523
cpres15,2188,4,interior,MLD2,1602.38933
cpres15,2188,5,interior,MLD2,555.12107
cpres15,2188,6,interior,MLD2,21.64130
cpres15,2188,7,interior,MLD2,14.20571
cpres15,2188,8,interior,MLD2,16.95861
cpres15,2188,9,interior,MLD2,26.07903
cpres15,2188,10,interior,MLD2,50.56759
cpres15,2188,11,interior,MLD2,124.70275
cpres15,2188,12,interior,MLD2,1050.15570
cpres15,2189,1,labsea,a_ice,0.22527
cpres15,2189,2,labsea,a_ice,0.26366
cpres15,2189,3,labsea,a_ice,0.29236
cpres15,2189,4,labsea,a_ice,0.31903
cpres15,2189,5,labsea,a_ice,0.27769
cpres15,2189,6,labsea,a_ice,0.17582
cpres15,2189,7,labsea,a_ice,0.05155
cpres15,2189,8,labsea,a_ice,0.00275
cpres15,2189,9,labsea,a_ice,0.00029
cpres15,2189,10,labsea,a_ice,0.00171
cpres15,2189,11,labsea,a_ice,0.07934
cpres15,2189,12,labsea,a_ice,0.20206
cpres15,2189,1,interior,a_ice,0.04459
cpres15,2189,2,interior,a_ice,0.08517
cpres15,2189,3,interior,a_ice,0.08381
cpres15,2189,4,interior,a_ice,0.12307
cpres15,2189,5,interior,a_ice,0.10238
cpres15,2189,6,interior,a_ice,0.08102
cpres15,2189,7,interior,a_ice,0.01828
cpres15,2189,8,interior,a_ice,0.00000
cpres15,2189,9,interior,a_ice,0.00000
cpres15,2189,10,interior,a_ice,0.00000
cpres15,2189,11,interior,a_ice,0.00473
cpres15,2189,12,interior,a_ice,0.05399
cpres15,2189,1,labsea,MLD2,1020.27368
cpres15,2189,2,labsea,MLD2,1235.21312
cpres15,2189,3,labsea,MLD2,1241.97968
cpres15,2189,4,labsea,MLD2,1181.38346
cpres15,2189,5,labsea,MLD2,660.07811
cpres15,2189,6,labsea,MLD2,77.80120
cpres15,2189,7,labsea,MLD2,20.30664
cpres15,2189,8,labsea,MLD2,16.46790
cpres15,2189,9,labsea,MLD2,23.39559
cpres15,2189,10,labsea,MLD2,34.92374
cpres15,2189,11,labsea,MLD2,79.48470
cpres15,2189,12,labsea,MLD2,515.47546
cpres15,2189,1,interior,MLD2,1367.37608
cpres15,2189,2,interior,MLD2,1668.61051
cpres15,2189,3,interior,MLD2,1756.51086
cpres15,2189,4,interior,MLD2,1615.84681
cpres15,2189,5,interior,MLD2,826.17505
cpres15,2189,6,interior,MLD2,57.32260
cpres15,2189,7,interior,MLD2,25.67726
cpres15,2189,8,interior,MLD2,19.36398
cpres15,2189,9,interior,MLD2,28.08751
cpres15,2189,10,interior,MLD2,41.12329
cpres15,2189,11,interior,MLD2,108.81189
cpres15,2189,12,interior,MLD2,955.73521
