icb,2190,1,labsea,a_ice,0.24031
icb,2190,2,labsea,a_ice,0.29119
icb,2190,3,labsea,a_ice,0.31245
icb,2190,4,labsea,a_ice,0.27513
icb,2190,5,labsea,a_ice,0.19603
icb,2190,6,labsea,a_ice,0.12797
icb,2190,7,labsea,a_ice,0.02103
icb,2190,8,labsea,a_ice,0.00003
icb,2190,9,labsea,a_ice,0.00000
icb,2190,10,labsea,a_ice,0.00018
icb,2190,11,labsea,a_ice,0.03288
icb,2190,12,labsea,a_ice,0.16662
icb,2190,1,interior,a_ice,0.06207
icb,2190,2,interior,a_ice,0.11844
icb,2190,3,interior,a_ice,0.14236
icb,2190,4,interior,a_ice,0.08010
icb,2190,5,interior,a_ice,0.04547
icb,2190,6,interior,a_ice,0.00742
icb,2190,7,interior,a_ice,0.00022
icb,2190,8,interior,a_ice,0.00000
icb,2190,9,interior,a_ice,0.00000
icb,2190,10,interior,a_ice,0.00000
icb,2190,11,interior,a_ice,0.00002
icb,2190,12,interior,a_ice,0.02819
icb,2190,1,labsea,MLD2,1022.35184
icb,2190,2,labsea,MLD2,1272.81952
icb,2190,3,labsea,MLD2,1357.62250
icb,2190,4,labsea,MLD2,1318.38984
icb,2190,5,labsea,MLD2,617.60768
icb,2190,6,labsea,MLD2,15.83391
icb,2190,7,labsea,MLD2,11.74344
icb,2190,8,labsea,MLD2,13.66040
icb,2190,9,labsea,MLD2,24.31194
icb,2190,10,labsea,MLD2,36.88900
icb,2190,11,labsea,MLD2,61.34216
icb,2190,12,labsea,MLD2,267.59909
icb,2190,1,interior,MLD2,1207.77609
icb,2190,2,interior,MLD2,1630.71930
icb,2190,3,interior,MLD2,1880.52419
icb,2190,4,interior,MLD2,1912.94196
icb,2190,5,interior,MLD2,979.95874
icb,2190,6,interior,MLD2,17.06891
icb,2190,7,interior,MLD2,13.83601
icb,2190,8,interior,MLD2,16.10512
icb,2190,9,interior,MLD2,29.34519
icb,2190,10,interior,MLD2,45.18288
icb,2190,11,interior,MLD2,76.39714
icb,2190,12,interior,MLD2,564.72565
icb,2191,1,labsea,a_ice,0.25772
icb,2191,2,labsea,a_ice,0.28260
icb,2191,3,labsea,a_ice,0.28979
icb,2191,4,labsea,a_ice,0.25152
icb,2191,5,labsea,a_ice,0.21831
icb,2191,6,labsea,a_ice,0.13650
icb,2191,7,labsea,a_ice,0.04759
icb,2191,8,labsea,a_ice,0.00421
icb,2191,9,labsea,a_ice,0.00000
icb,2191,10,labsea,a_ice,0.00004
icb,2191,11,labsea,a_ice,0.02228
icb,2191,12,labsea,a_ice,0.10793
icb,2191,1,interior,a_ice,0.09664
icb,2191,2,interior,a_ice,0.09347
icb,2191,3,interior,a_ice,0.08594
icb,2191,4,interior,a_ice,0.05046
icb,2191,5,interior,a_ice,0.04507
icb,2191,6,interior,a_ice,0.02882
icb,2191,7,interior,a_ice,0.00226
icb,2191,8,interior,a_ice,0.00000
icb,2191,9,interior,a_ice,0.00000
icb,2191,10,interior,a_ice,0.00000
icb,2191,11,interior,a_ice,0.00000
icb,2191,12,interior,a_ice,0.01020
icb,2191,1,labsea,MLD2,1010.32087
icb,2191,2,labsea,MLD2,1086.30335
icb,2191,3,labsea,MLD2,1116.61708
icb,2191,4,labsea,MLD2,977.03671
icb,2191,5,labsea,MLD2,164.38116
icb,2191,6,labsea,MLD2,23.99393
icb,2191,7,labsea,MLD2,15.55775
icb,2191,8,labsea,MLD2,19.53199
icb,2191,9,labsea,MLD2,24.62139
icb,2191,10,labsea,MLD2,31.56946
icb,2191,11,labsea,MLD2,46.55100
icb,2191,12,labsea,MLD2,196.44351
icb,2191,1,interior,MLD2,1524.84993
icb,2191,2,interior,MLD2,1587.97619
icb,2191,3,interior,MLD2,1752.84222
icb,2191,4,interior,MLD2,1568.14107
icb,2191,5,interior,MLD2,236.14714
icb,2191,6,interior,MLD2,29.04548
icb,2191,7,interior,MLD2,19.47768
icb,2191,8,interior,MLD2,23.05929
icb,2191,9,interior,MLD2,28.98110
icb,2191,10,interior,MLD2,35.87358
icb,2191,11,interior,MLD2,54.75626
icb,2191,12,interior,MLD2,354.25497
icb,2192,1,labsea,a_ice,0.24301
icb,2192,2,labsea,a_ice,0.30630
icb,2192,3,labsea,a_ice,0.32467
icb,2192,4,labsea,a_ice,0.31943
icb,2192,5,labsea,a_ice,0.26007
icb,2192,6,labsea,a_ice,0.14498
icb,2192,7,labsea,a_ice,0.02651
icb,2192,8,labsea,a_ice,0.00080
icb,2192,9,labsea,a_ice,0.00000
icb,2192,10,labsea,a_ice,0.00171
icb,2192,11,labsea,a_ice,0.04759
icb,2192,12,labsea,a_ice,0.11872
icb,2192,1,interior,a_ice,0.07309
icb,2192,2,interior,a_ice,0.14369
icb,2192,3,interior,a_ice,0.13131
icb,2192,4,interior,a_ice,0.16338
icb,2192,5,interior,a_ice,0.10598
icb,2192,6,interior,a_ice,0.01540
icb,2192,7,interior,a_ice,0.00122
icb,2192,8,interior,a_ice,0.00000
icb,2192,9,interior,a_ice,0.00000
icb,2192,10,interior,a_ice,0.00000
icb,2192,11,interior,a_ice,0.00053
icb,2192,12,interior,a_ice,0.03330
icb,2192,1,labsea,MLD2,1144.14581
icb,2192,2,labsea,MLD2,1293.22627
icb,2192,3,labsea,MLD2,961.92085
icb,2192,4,labsea,MLD2,813.28579
icb,2192,5,labsea,MLD2,228.67735
icb,2192,6,labsea,MLD2,19.61367
icb,2192,7,labsea,MLD2,14.90495
icb,2192,8,labsea,MLD2,13.26958
icb,2192,9,labsea,MLD2,22.52364
icb,2192,10,labsea,MLD2,32.70348
icb,2192,11,labsea,MLD2,51.43220
icb,2192,12,labsea,MLD2,69.95556
icb,2192,1,interior,MLD2,1693.61352
icb,2192,2,interior,MLD2,1804.93190
icb,2192,3,interior,MLD2,1309.61597
icb,2192,4,interior,MLD2,873.91808
icb,2192,5,interior,MLD2,179.55060
icb,2192,6,interior,MLD2,21.59959
icb,2192,7,interior,MLD2,16.17481
icb,2192,8,interior,MLD2,15.63836
icb,2192,9,interior,MLD2,27.35394
icb,2192,10,interior,MLD2,40.19624
icb,2192,11,interior,MLD2,62.38295
icb,2192,12,interior,MLD2,89.42407
icb,2193,1,labsea,a_ice,0.23324
icb,2193,2,labsea,a_ice,0.32423
icb,2193,3,labsea,a_ice,0.32866
icb,2193,4,labsea,a_ice,0.27901
icb,2193,5,labsea,a_ice,0.22177
icb,2193,6,labsea,a_ice,0.12164
icb,2193,7,labsea,a_ice,0.02487
icb,2193,8,labsea,a_ice,0.00009
icb,2193,9,labsea,a_ice,0.00000
icb,2193,10,labsea,a_ice,0.00000
icb,2193,11,labsea,a_ice,0.02355
icb,2193,12,labsea,a_ice,0.07837
icb,2193,1,interior,a_ice,0.07449
icb,2193,2,interior,a_ice,0.18616
icb,2193,3,interior,a_ice,0.17568
icb,2193,4,interior,a_ice,0.11435
icb,2193,5,interior,a_ice,0.08690
icb,2193,6,interior,a_ice,0.02258
icb,2193,7,interior,a_ice,0.00226
icb,2193,8,interior,a_ice,0.00000
icb,2193,9,interior,a_ice,0.00000
icb,2193,10,interior,a_ice,0.00000
icb,2193,11,interior,a_ice,0.00000
icb,2193,12,interior,a_ice,0.00647
icb,2193,1,labsea,MLD2,227.66336
icb,2193,2,labsea,MLD2,1027.02004
icb,2193,3,labsea,MLD2,1058.68958
icb,2193,4,labsea,MLD2,733.96228
icb,2193,5,labsea,MLD2,471.70029
icb,2193,6,labsea,MLD2,20.54397
icb,2193,7,labsea,MLD2,10.80713
icb,2193,8,labsea,MLD2,14.51234
icb,2193,9,labsea,MLD2,24.94985
icb,2193,10,labsea,MLD2,32.24429
icb,2193,11,labsea,MLD2,46.08351
icb,2193,12,labsea,MLD2,72.27309
icb,2193,1,interior,MLD2,372.08125
icb,2193,2,interior,MLD2,1718.06868
icb,2193,3,interior,MLD2,1477.04067
icb,2193,4,interior,MLD2,1116.73287
icb,2193,5,interior,MLD2,925.06078
icb,2193,6,interior,MLD2,26.14892
icb,2193,7,interior,MLD2,12.30139
icb,2193,8,interior,MLD2,17.76281
icb,2193,9,interior,MLD2,32.27683
icb,2193,10,interior,MLD2,40.79794
icb,2193,11,interior,MLD2,56.85993
icb,2193,12,interior,MLD2,93.73619
icb,2194,1,labsea,a_ice,0.22261
icb,2194,2,labsea,a_ice,0.25918
icb,2194,3,labsea,a_ice,0.29629
icb,2194,4,labsea,a_ice,0.28952
icb,2194,5,labsea,a_ice,0.23642
icb,2194,6,labsea,a_ice,0.11543
icb,2194,7,labsea,a_ice,0.04994
icb,2194,8,labsea,a_ice,0.01124
icb,2194,9,labsea,a_ice,0.00023
icb,2194,10,labsea,a_ice,0.01940
icb,2194,11,labsea,a_ice,0.06944
icb,2194,12,labsea,a_ice,0.18939
icb,2194,1,interior,a_ice,0.08260
icb,2194,2,interior,a_ice,0.09809
icb,2194,3,interior,a_ice,0.11318
icb,2194,4,interior,a_ice,0.09493
icb,2194,5,interior,a_ice,0.10616
icb,2194,6,interior,a_ice,0.03506
icb,2194,7,interior,a_ice,0.00000
icb,2194,8,interior,a_ice,0.00000
icb,2194,9,interior,a_ice,0.00000
icb,2194,10,interior,a_ice,0.00000
icb,2194,11,interior,a_ice,0.00953
icb,2194,12,interior,a_ice,0.04679
icb,2194,1,labsea,MLD2,373.50679
icb,2194,2,labsea,MLD2,1197.24232
icb,2194,3,labsea,MLD2,1311.62922
icb,2194,4,labsea,MLD2,1198.76745
icb,2194,5,labsea,MLD2,790.48089
icb,2194,6,labsea,MLD2,26.57217
icb,2194,7,labsea,MLD2,14.62500
icb,2194,8,labsea,MLD2,15.64726
icb,2194,9,labsea,MLD2,22.25128
icb,2194,10,labsea,MLD2,36.17688
icb,2194,11,labsea,MLD2,58.01263
icb,2194,12,labsea,MLD2,517.59213
icb,2194,1,interior,MLD2,763.59430
icb,2194,2,interior,MLD2,1922.22543
icb,2194,3,interior,MLD2,1955.30283
icb,2194,4,interior,MLD2,1662.69732
icb,2194,5,interior,MLD2,1104.16778
icb,2194,6,interior,MLD2,40.81875
icb,2194,7,interior,MLD2,17.84807
icb,2194,8,interior,MLD2,17.26654
icb,2194,9,interior,MLD2,26.20236
icb,2194,10,interior,MLD2,42.08403
icb,2194,11,interior,MLD2,76.07400
icb,2194,12,interior,MLD2,1090.41686
icb,2195,1,labsea,a_ice,0.26947
icb,2195,2,labsea,a_ice,0.26749
icb,2195,3,labsea,a_ice,0.32478
icb,2195,4,labsea,a_ice,0.35077
icb,2195,5,labsea,a_ice,0.28373
icb,2195,6,labsea,a_ice,0.21017
icb,2195,7,labsea,a_ice,0.10807
icb,2195,8,labsea,a_ice,0.02489
icb,2195,9,labsea,a_ice,0.00078
icb,2195,10,labsea,a_ice,0.01050
icb,2195,11,labsea,a_ice,0.09596
icb,2195,12,labsea,a_ice,0.23286
icb,2195,1,interior,a_ice,0.08537
icb,2195,2,interior,a_ice,0.10286
icb,2195,3,interior,a_ice,0.19419
icb,2195,4,interior,a_ice,0.14818
icb,2195,5,interior,a_ice,0.11883
icb,2195,6,interior,a_ice,0.05814
icb,2195,7,interior,a_ice,0.02295
icb,2195,8,interior,a_ice,0.00134
icb,2195,9,interior,a_ice,0.00000
icb,2195,10,interior,a_ice,0.00000
icb,2195,11,interior,a_ice,0.00576
icb,2195,12,interior,a_ice,0.07242
icb,2195,1,labsea,MLD2,1292.37302
icb,2195,2,labsea,MLD2,1302.76004
icb,2195,3,labsea,MLD2,1204.21836
icb,2195,4,labsea,MLD2,1116.83014
icb,2195,5,labsea,MLD2,868.36941
icb,2195,6,labsea,MLD2,329.94643
icb,2195,7,labsea,MLD2,15.78277
icb,2195,8,labsea,MLD2,15.80058
icb,2195,9,labsea,MLD2,19.87064
icb,2195,10,labsea,MLD2,25.85646
icb,2195,11,labsea,MLD2,47.65204
icb,2195,12,labsea,MLD2,481.89325
icb,2195,1,interior,MLD2,2003.73372
icb,2195,2,interior,MLD2,1768.32436
icb,2195,3,interior,MLD2,1603.91512
icb,2195,4,interior,MLD2,1517.25432
icb,2195,5,interior,MLD2,1177.70111
icb,2195,6,interior,MLD2,427.02857
icb,2195,7,interior,MLD2,21.14266
icb,2195,8,interior,MLD2,20.28766
icb,2195,9,interior,MLD2,24.83950
icb,2195,10,interior,MLD2,30.50638
icb,2195,11,interior,MLD2,55.57532
icb,2195,12,interior,MLD2,796.33377
icb,2196,1,labsea,a_ice,0.35076
icb,2196,2,labsea,a_ice,0.36311
icb,2196,3,labsea,a_ice,0.41004
icb,2196,4,labsea,a_ice,0.44164
icb,2196,5,labsea,a_ice,0.35259
icb,2196,6,labsea,a_ice,0.26282
icb,2196,7,labsea,a_ice,0.11385
icb,2196,8,labsea,a_ice,0.01387
icb,2196,9,labsea,a_ice,0.00182
icb,2196,10,labsea,a_ice,0.00112
icb,2196,11,labsea,a_ice,0.05325
icb,2196,12,labsea,a_ice,0.14427
icb,2196,1,interior,a_ice,0.20583
icb,2196,2,interior,a_ice,0.21804
icb,2196,3,interior,a_ice,0.30796
icb,2196,4,interior,a_ice,0.36152
icb,2196,5,interior,a_ice,0.16711
icb,2196,6,interior,a_ice,0.05719
icb,2196,7,interior,a_ice,0.00593
icb,2196,8,interior,a_ice,0.00080
icb,2196,9,interior,a_ice,0.00000
icb,2196,10,interior,a_ice,0.00000
icb,2196,11,interior,a_ice,0.00009
icb,2196,12,interior,a_ice,0.02540
icb,2196,1,labsea,MLD2,1169.41319
icb,2196,2,labsea,MLD2,1131.06759
icb,2196,3,labsea,MLD2,1076.18141
icb,2196,4,labsea,MLD2,889.76271
icb,2196,5,labsea,MLD2,482.37778
icb,2196,6,labsea,MLD2,22.12297
icb,2196,7,labsea,MLD2,13.68704
icb,2196,8,labsea,MLD2,13.01294
icb,2196,9,labsea,MLD2,21.56443
icb,2196,10,labsea,MLD2,31.72662
icb,2196,11,labsea,MLD2,42.02666
icb,2196,12,labsea,MLD2,79.48942
icb,2196,1,interior,MLD2,1736.80705
icb,2196,2,interior,MLD2,1619.27644
icb,2196,3,interior,MLD2,1264.15755
icb,2196,4,interior,MLD2,821.10199
icb,2196,5,interior,MLD2,453.80109
icb,2196,6,interior,MLD2,25.56251
icb,2196,7,interior,MLD2,17.35264
icb,2196,8,interior,MLD2,17.35189
icb,2196,9,interior,MLD2,27.17471
icb,2196,10,interior,MLD2,36.84814
icb,2196,11,interior,MLD2,48.58816
icb,2196,12,interior,MLD2,108.60069
icb,2197,1,labsea,a_ice,0.23322
icb,2197,2,labsea,a_ice,0.30984
icb,2197,3,labsea,a_ice,0.36912
icb,2197,4,labsea,a_ice,0.31341
icb,2197,5,labsea,a_ice,0.24059
icb,2197,6,labsea,a_ice,0.19578
icb,2197,7,labsea,a_ice,0.08962
icb,2197,8,labsea,a_ice,0.01812
icb,2197,9,labsea,a_ice,0.00000
icb,2197,10,labsea,a_ice,0.00427
icb,2197,11,labsea,a_ice,0.06827
icb,2197,12,labsea,a_ice,0.23118
icb,2197,1,interior,a_ice,0.06213
icb,2197,2,interior,a_ice,0.15009
icb,2197,3,interior,a_ice,0.21900
icb,2197,4,interior,a_ice,0.12046
icb,2197,5,interior,a_ice,0.05027
icb,2197,6,interior,a_ice,0.03593
icb,2197,7,interior,a_ice,0.00876
icb,2197,8,interior,a_ice,0.00190
icb,2197,9,interior,a_ice,0.00000
icb,2197,10,interior,a_ice,0.00000
icb,2197,11,interior,a_ice,0.00611
icb,2197,12,interior,a_ice,0.06546
icb,2197,1,labsea,MLD2,814.90863
icb,2197,2,labsea,MLD2,1343.80627
icb,2197,3,labsea,MLD2,1229.40467
icb,2197,4,labsea,MLD2,1193.02362
icb,2197,5,labsea,MLD2,696.86570
icb,2197,6,labsea,MLD2,18.11730
icb,2197,7,labsea,MLD2,15.35224
icb,2197,8,labsea,MLD2,15.01050
icb,2197,9,labsea,MLD2,20.25845
icb,2197,10,labsea,MLD2,31.52279
icb,2197,11,labsea,MLD2,51.11017
icb,2197,12,labsea,MLD2,488.03607
icb,2197,1,interior,MLD2,1512.58386
icb,2197,2,interior,MLD2,2120.16834
icb,2197,3,interior,MLD2,1849.87698
icb,2197,4,interior,MLD2,1972.39625
icb,2197,5,interior,MLD2,1376.81862
icb,2197,6,interior,MLD2,21.09810
icb,2197,7,interior,MLD2,19.67595
icb,2197,8,interior,MLD2,18.29755
icb,2197,9,interior,MLD2,25.46783
icb,2197,10,interior,MLD2,38.32830
icb,2197,11,interior,MLD2,62.53054
icb,2197,12,interior,MLD2,855.00508
icb,2198,1,labsea,a_ice,0.29879
icb,2198,2,labsea,a_ice,0.36635
icb,2198,3,labsea,a_ice,0.32925
icb,2198,4,labsea,a_ice,0.29705
icb,2198,5,labsea,a_ice,0.21924
icb,2198,6,labsea,a_ice,0.14500
icb,2198,7,labsea,a_ice,0.04618
icb,2198,8,labsea,a_ice,0.00219
icb,2198,9,labsea,a_ice,0.00000
icb,2198,10,labsea,a_ice,0.00806
icb,2198,11,labsea,a_ice,0.05866
icb,2198,12,labsea,a_ice,0.16300
icb,2198,1,interior,a_ice,0.13236
icb,2198,2,interior,a_ice,0.22263
icb,2198,3,interior,a_ice,0.10757
icb,2198,4,interior,a_ice,0.12449
icb,2198,5,interior,a_ice,0.05493
icb,2198,6,interior,a_ice,0.01930
icb,2198,7,interior,a_ice,0.01538
icb,2198,8,interior,a_ice,0.00000
icb,2198,9,interior,a_ice,0.00000
icb,2198,10,interior,a_ice,0.00000
icb,2198,11,interior,a_ice,0.00003
icb,2198,12,interior,a_ice,0.03166
icb,2198,1,labsea,MLD2,1281.77698
icb,2198,2,labsea,MLD2,1273.00588
icb,2198,3,labsea,MLD2,1247.87200
icb,2198,4,labsea,MLD2,1068.61959
icb,2198,5,labsea,MLD2,276.83274
icb,2198,6,labsea,MLD2,21.03633
icb,2198,7,labsea,MLD2,17.15691
icb,2198,8,labsea,MLD2,19.47051
icb,2198,9,labsea,MLD2,23.86317
icb,2198,10,labsea,MLD2,36.03005
icb,2198,11,labsea,MLD2,51.99963
icb,2198,12,labsea,MLD2,197.31476
icb,2198,1,interior,MLD2,1941.84621
icb,2198,2,interior,MLD2,1764.04865
icb,2198,3,interior,MLD2,1933.89919
icb,2198,4,interior,MLD2,1659.18524
icb,2198,5,interior,MLD2,461.63458
icb,2198,6,interior,MLD2,26.63154
icb,2198,7,interior,MLD2,20.88336
icb,2198,8,interior,MLD2,24.38075
icb,2198,9,interior,MLD2,30.02479
icb,2198,10,interior,MLD2,39.25827
icb,2198,11,interior,MLD2,66.11646
icb,2198,12,interior,MLD2,405.73237
icb,2199,1,labsea,a_ice,0.22227
icb,2199,2,labsea,a_ice,0.25076
icb,2199,3,labsea,a_ice,0.24831
icb,2199,4,labsea,a_ice,0.23208
icb,2199,5,labsea,a_ice,0.20357
icb,2199,6,labsea,a_ice,0.15100
icb,2199,7,labsea,a_ice,0.04063
icb,2199,8,labsea,a_ice,0.00144
icb,2199,9,labsea,a_ice,0.00000
icb,2199,10,labsea,a_ice,0.00493
icb,2199,11,labsea,a_ice,0.04983
icb,2199,12,labsea,a_ice,0.16472
icb,2199,1,interior,a_ice,0.04730
icb,2199,2,interior,a_ice,0.06046
icb,2199,3,interior,a_ice,0.06540
icb,2199,4,interior,a_ice,0.03838
icb,2199,5,interior,a_ice,0.02294
icb,2199,6,interior,a_ice,0.04327
icb,2199,7,interior,a_ice,0.00383
icb,2199,8,interior,a_ice,0.00000
icb,2199,9,interior,a_ice,0.00000
icb,2199,10,interior,a_ice,0.00000
icb,2199,11,interior,a_ice,0.00010
icb,2199,12,interior,a_ice,0.02088
icb,2199,1,labsea,MLD2,881.86660
icb,2199,2,labsea,MLD2,1240.75092
icb,2199,3,labsea,MLD2,1302.91584
icb,2199,4,labsea,MLD2,1197.62238
icb,2199,5,labsea,MLD2,446.02100
icb,2199,6,labsea,MLD2,22.64266
icb,2199,7,labsea,MLD2,20.20841
icb,2199,8,labsea,MLD2,19.76957
icb,2199,9,labsea,MLD2,25.97515
icb,2199,10,labsea,MLD2,36.68205
icb,2199,11,labsea,MLD2,59.16853
icb,2199,12,labsea,MLD2,342.75588
icb,2199,1,interior,MLD2,1625.22335
icb,2199,2,interior,MLD2,1992.79273
icb,2199,3,interior,MLD2,2128.68863
icb,2199,4,interior,MLD2,1992.44312
icb,2199,5,interior,MLD2,933.47732
icb,2199,6,interior,MLD2,29.65799
icb,2199,7,interior,MLD2,26.00544
icb,2199,8,interior,MLD2,24.29599
icb,2199,9,interior,MLD2,30.40806
icb,2199,10,interior,MLD2,41.51533
icb,2199,11,interior,MLD2,67.83473
icb,2199,12,interior,MLD2,579.41806
icb,2200,1,labsea,a_ice,0.21611
icb,2200,2,labsea,a_ice,0.27429
icb,2200,3,labsea,a_ice,0.28526
icb,2200,4,labsea,a_ice,0.27820
icb,2200,5,labsea,a_ice,0.22519
icb,2200,6,labsea,a_ice,0.12958
icb,2200,7,labsea,a_ice,0.02028
icb,2200,8,labsea,a_ice,0.00070
icb,2200,9,labsea,a_ice,0.00000
icb,2200,10,labsea,a_ice,0.00000
icb,2200,11,labsea,a_ice,0.02711
icb,2200,12,labsea,a_ice,0.12182
icb,2200,1,interior,a_ice,0.04518
icb,2200,2,interior,a_ice,0.11662
icb,2200,3,interior,a_ice,0.10401
icb,2200,4,interior,a_ice,0.07965
icb,2200,5,interior,a_ice,0.03529
icb,2200,6,interior,a_ice,0.00400
icb,2200,7,interior,a_ice,0.00000
icb,2200,8,interior,a_ice,0.00000
icb,2200,9,interior,a_ice,0.00000
icb,2200,10,interior,a_ice,0.00000
icb,2200,11,interior,a_ice,0.00000
icb,2200,12,interior,a_ice,0.01251
icb,2200,1,labsea,MLD2,1017.12662
icb,2200,2,labsea,MLD2,1251.98185
icb,2200,3,labsea,MLD2,1304.93900
icb,2200,4,labsea,MLD2,1213.58050
icb,2200,5,labsea,MLD2,555.66294
icb,2200,6,labsea,MLD2,19.60838
icb,2200,7,labsea,MLD2,16.06496
icb,2200,8,labsea,MLD2,13.93347
icb,2200,9,labsea,MLD2,19.62626
icb,2200,10,labsea,MLD2,32.53361
icb,2200,11,labsea,MLD2,53.63030
icb,2200,12,labsea,MLD2,114.35679
icb,2200,1,interior,MLD2,1480.56511
icb,2200,2,interior,MLD2,1781.00544
icb,2200,3,interior,MLD2,1893.11364
icb,2200,4,interior,MLD2,1831.02667
icb,2200,5,interior,MLD2,948.53309
icb,2200,6,interior,MLD2,25.30344
icb,2200,7,interior,MLD2,20.60643
icb,2200,8,interior,MLD2,16.04221
icb,2200,9,interior,MLD2,24.05968
icb,2200,10,interior,MLD2,39.41511
icb,2200,11,interior,MLD2,66.84871
icb,2200,12,interior,MLD2,169.17869
icb,2201,1,labsea,a_ice,0.23213
icb,2201,2,labsea,a_ice,0.29209
icb,2201,3,labsea,a_ice,0.25910
icb,2201,4,labsea,a_ice,0.26248
icb,2201,5,labsea,a_ice,0.19051
icb,2201,6,labsea,a_ice,0.14200
icb,2201,7,labsea,a_ice,0.05847
icb,2201,8,labsea,a_ice,0.00236
icb,2201,9,labsea,a_ice,0.00000
icb,2201,10,labsea,a_ice,0.00050
icb,2201,11,labsea,a_ice,0.04498
icb,2201,12,labsea,a_ice,0.16439
icb,2201,1,interior,a_ice,0.08226
icb,2201,2,interior,a_ice,0.11276
icb,2201,3,interior,a_ice,0.07101
icb,2201,4,interior,a_ice,0.08226
icb,2201,5,interior,a_ice,0.06362
icb,2201,6,interior,a_ice,0.01387
icb,2201,7,interior,a_ice,0.00462
icb,2201,8,interior,a_ice,0.00000
icb,2201,9,interior,a_ice,0.00000
icb,2201,10,interior,a_ice,0.00000
icb,2201,11,interior,a_ice,0.00049
icb,2201,12,interior,a_ice,0.03574
icb,2201,1,labsea,MLD2,838.16359
icb,2201,2,labsea,MLD2,1397.96616
icb,2201,3,labsea,MLD2,1398.25714
icb,2201,4,labsea,MLD2,1278.70812
icb,2201,5,labsea,MLD2,588.37934
icb,2201,6,labsea,MLD2,33.34493
icb,2201,7,labsea,MLD2,18.13086
icb,2201,8,labsea,MLD2,17.74227
icb,2201,9,labsea,MLD2,24.22888
icb,2201,10,labsea,MLD2,35.08790
icb,2201,11,labsea,MLD2,74.20376
icb,2201,12,labsea,MLD2,516.33445
icb,2201,1,interior,MLD2,1312.20804
icb,2201,2,interior,MLD2,1980.50065
icb,2201,3,interior,MLD2,2119.00262
icb,2201,4,interior,MLD2,1918.27912
icb,2201,5,interior,MLD2,807.84000
icb,2201,6,interior,MLD2,35.91763
icb,2201,7,interior,MLD2,22.31660
icb,2201,8,interior,MLD2,22.20213
icb,2201,9,interior,MLD2,28.15015
icb,2201,10,interior,MLD2,37.38100
icb,2201,11,interior,MLD2,88.06689
icb,2201,12,interior,MLD2,941.78122
icb,2202,1,labsea,a_ice,0.27405
icb,2202,2,labsea,a_ice,0.26160
icb,2202,3,labsea,a_ice,0.27565
icb,2202,4,labsea,a_ice,0.25971
icb,2202,5,labsea,a_ice,0.25000
icb,2202,6,labsea,a_ice,0.18071
icb,2202,7,labsea,a_ice,0.06978
icb,2202,8,labsea,a_ice,0.01430
icb,2202,9,labsea,a_ice,0.00055
icb,2202,10,labsea,a_ice,0.00002
icb,2202,11,labsea,a_ice,0.02930
icb,2202,12,labsea,a_ice,0.19691
icb,2202,1,interior,a_ice,0.12288
icb,2202,2,interior,a_ice,0.08726
icb,2202,3,interior,a_ice,0.08665
icb,2202,4,interior,a_ice,0.07075
icb,2202,5,interior,a_ice,0.07576
icb,2202,6,interior,a_ice,0.02849
icb,2202,7,interior,a_ice,0.00250
icb,2202,8,interior,a_ice,0.00000
icb,2202,9,interior,a_ice,0.00000
icb,2202,10,interior,a_ice,0.00000
icb,2202,11,interior,a_ice,0.00233
icb,2202,12,interior,a_ice,0.06435
icb,2202,1,labsea,MLD2,1203.81034
icb,2202,2,labsea,MLD2,1360.52998
icb,2202,3,labsea,MLD2,1308.13755
icb,2202,4,labsea,MLD2,1188.46787
icb,2202,5,labsea,MLD2,764.85331
icb,2202,6,labsea,MLD2,92.19100
icb,2202,7,labsea,MLD2,11.49399
icb,2202,8,labsea,MLD2,13.62590
icb,2202,9,labsea,MLD2,17.42001
icb,2202,10,labsea,MLD2,32.21265
icb,2202,11,labsea,MLD2,53.88526
icb,2202,12,labsea,MLD2,414.41275
icb,2202,1,interior,MLD2,1770.63626
icb,2202,2,interior,MLD2,1914.36620
icb,2202,3,interior,MLD2,1862.24747
icb,2202,4,interior,MLD2,1830.77593
icb,2202,5,interior,MLD2,1383.52487
icb,2202,6,interior,MLD2,178.27652
icb,2202,7,interior,MLD2,13.45661
icb,2202,8,interior,MLD2,15.51056
icb,2202,9,interior,MLD2,18.93089
icb,2202,10,interior,MLD2,36.29953
icb,2202,11,interior,MLD2,72.37790
icb,2202,12,interior,MLD2,919.43067
icb,2203,1,labsea,a_ice,0.21651
icb,2203,2,labsea,a_ice,0.21088
icb,2203,3,labsea,a_ice,0.25288
icb,2203,4,labsea,a_ice,0.23453
icb,2203,5,labsea,a_ice,0.19492
icb,2203,6,labsea,a_ice,0.12361
icb,2203,7,labsea,a_ice,0.03634
icb,2203,8,labsea,a_ice,0.00296
icb,2203,9,labsea,a_ice,0.00000
icb,2203,10,labsea,a_ice,0.00000
icb,2203,11,labsea,a_ice,0.02452
icb,2203,12,labsea,a_ice,0.11941
icb,2203,1,interior,a_ice,0.06533
icb,2203,2,interior,a_ice,0.02570
icb,2203,3,interior,a_ice,0.07276
icb,2203,4,interior,a_ice,0.04466
icb,2203,5,interior,a_ice,0.02958
icb,2203,6,interior,a_ice,0.00344
icb,2203,7,interior,a_ice,0.00011
icb,2203,8,interior,a_ice,0.00000
icb,2203,9,interior,a_ice,0.00000
icb,2203,10,interior,a_ice,0.00000
icb,2203,11,interior,a_ice,0.00000
icb,2203,12,interior,a_ice,0.00754
icb,2203,1,labsea,MLD2,1075.43186
icb,2203,2,labsea,MLD2,1373.21096
icb,2203,3,labsea,MLD2,1325.26154
icb,2203,4,labsea,MLD2,1055.44961
icb,2203,5,labsea,MLD2,602.39851
icb,2203,6,labsea,MLD2,72.63708
icb,2203,7,labsea,MLD2,17.03149
icb,2203,8,labsea,MLD2,11.55807
icb,2203,9,labsea,MLD2,23.72401
icb,2203,10,labsea,MLD2,37.15339
icb,2203,11,labsea,MLD2,55.54934
icb,2203,12,labsea,MLD2,110.39872
icb,2203,1,interior,MLD2,1808.48599
icb,2203,2,interior,MLD2,2103.86253
icb,2203,3,interior,MLD2,1779.12797
icb,2203,4,interior,MLD2,1328.60704
icb,2203,5,interior,MLD2,668.03008
icb,2203,6,interior,MLD2,69.92385
icb,2203,7,interior,MLD2,22.48836
icb,2203,8,interior,MLD2,13.80417
icb,2203,9,interior,MLD2,30.69579
icb,2203,10,interior,MLD2,45.91787
icb,2203,11,interior,MLD2,69.92988
icb,2203,12,interior,MLD2,163.59340
icb,2204,1,labsea,a_ice,0.17145
icb,2204,2,labsea,a_ice,0.20629
icb,2204,3,labsea,a_ice,0.20947
icb,2204,4,labsea,a_ice,0.21338
icb,2204,5,labsea,a_ice,0.19490
icb,2204,6,labsea,a_ice,0.13452
icb,2204,7,labsea,a_ice,0.04888
icb,2204,8,labsea,a_ice,0.00467
icb,2204,9,labsea,a_ice,0.00002
icb,2204,10,labsea,a_ice,0.00000
icb,2204,11,labsea,a_ice,0.02627
icb,2204,12,labsea,a_ice,0.13658
icb,2204,1,interior,a_ice,0.02384
icb,2204,2,interior,a_ice,0.04788
icb,2204,3,interior,a_ice,0.03115
icb,2204,4,interior,a_ice,0.05743
icb,2204,5,interior,a_ice,0.03298
icb,2204,6,interior,a_ice,0.00164
icb,2204,7,interior,a_ice,0.00442
icb,2204,8,interior,a_ice,0.00000
icb,2204,9,interior,a_ice,0.00000
icb,2204,10,interior,a_ice,0.00000
icb,2204,11,interior,a_ice,0.00008
icb,2204,12,interior,a_ice,0.02537
icb,2204,1,labsea,MLD2,506.01072
icb,2204,2,labsea,MLD2,1210.57522
icb,2204,3,labsea,MLD2,1414.65985
icb,2204,4,labsea,MLD2,1252.66313
icb,2204,5,labsea,MLD2,574.17072
icb,2204,6,labsea,MLD2,22.26047
icb,2204,7,labsea,MLD2,13.36270
icb,2204,8,labsea,MLD2,14.31660
icb,2204,9,labsea,MLD2,19.63071
icb,2204,10,labsea,MLD2,31.33493
icb,2204,11,labsea,MLD2,48.89174
icb,2204,12,labsea,MLD2,182.93179
icb,2204,1,interior,MLD2,907.84821
icb,2204,2,interior,MLD2,1830.86745
icb,2204,3,interior,MLD2,2050.29694
icb,2204,4,interior,MLD2,1826.47111
icb,2204,5,interior,MLD2,982.17497
icb,2204,6,interior,MLD2,31.28114
icb,2204,7,interior,MLD2,15.97653
icb,2204,8,interior,MLD2,16.29088
icb,2204,9,interior,MLD2,22.23318
icb,2204,10,interior,MLD2,35.08498
icb,2204,11,interior,MLD2,55.59951
icb,2204,12,interior,MLD2,239.09368
icb,2205,1,labsea,a_ice,0.25106
icb,2205,2,labsea,a_ice,0.24770
icb,2205,3,labsea,a_ice,0.26841
icb,2205,4,labsea,a_ice,0.25896
icb,2205,5,labsea,a_ice,0.22314
icb,2205,6,labsea,a_ice,0.15670
icb,2205,7,labsea,a_ice,0.04998
icb,2205,8,labsea,a_ice,0.00790
icb,2205,9,labsea,a_ice,0.00000
icb,2205,10,labsea,a_ice,0.00089
icb,2205,11,labsea,a_ice,0.01415
icb,2205,12,labsea,a_ice,0.11545
icb,2205,1,interior,a_ice,0.09713
icb,2205,2,interior,a_ice,0.06360
icb,2205,3,interior,a_ice,0.07739
icb,2205,4,interior,a_ice,0.04260
icb,2205,5,interior,a_ice,0.04345
icb,2205,6,interior,a_ice,0.03070
icb,2205,7,interior,a_ice,0.00082
icb,2205,8,interior,a_ice,0.00000
icb,2205,9,interior,a_ice,0.00000
icb,2205,10,interior,a_ice,0.00000
icb,2205,11,interior,a_ice,0.00000
icb,2205,12,interior,a_ice,0.00948
icb,2205,1,labsea,MLD2,1041.22175
icb,2205,2,labsea,MLD2,1298.53334
icb,2205,3,labsea,MLD2,1308.68031
icb,2205,4,labsea,MLD2,1184.07602
icb,2205,5,labsea,MLD2,332.33376
icb,2205,6,labsea,MLD2,25.53971
icb,2205,7,labsea,MLD2,13.50103
icb,2205,8,labsea,MLD2,17.96639
icb,2205,9,labsea,MLD2,22.62007
icb,2205,10,labsea,MLD2,32.48394
icb,2205,11,labsea,MLD2,43.45532
icb,2205,12,labsea,MLD2,107.24312
icb,2205,1,interior,MLD2,1477.23973
icb,2205,2,interior,MLD2,1833.33577
icb,2205,3,interior,MLD2,1777.17182
icb,2205,4,interior,MLD2,1664.32714
icb,2205,5,interior,MLD2,495.30538
icb,2205,6,interior,MLD2,31.85540
icb,2205,7,interior,MLD2,16.71989
icb,2205,8,interior,MLD2,22.65335
icb,2205,9,interior,MLD2,27.39669
icb,2205,10,interior,MLD2,37.45215
icb,2205,11,interior,MLD2,50.70959
icb,2205,12,interior,MLD2,138.06869
icb,2206,1,labsea,a_ice,0.22010
icb,2206,2,labsea,a_ice,0.30676
icb,2206,3,labsea,a_ice,0.34078
icb,2206,4,labsea,a_ice,0.26677
icb,2206,5,labsea,a_ice,0.24699
icb,2206,6,labsea,a_ice,0.17672
icb,2206,7,labsea,a_ice,0.07309
icb,2206,8,labsea,a_ice,0.00302
icb,2206,9,labsea,a_ice,0.00000
icb,2206,10,labsea,a_ice,0.00072
icb,2206,11,labsea,a_ice,0.03351
icb,2206,12,labsea,a_ice,0.11724
icb,2206,1,interior,a_ice,0.07720
icb,2206,2,interior,a_ice,0.12709
icb,2206,3,interior,a_ice,0.17754
icb,2206,4,interior,a_ice,0.10220
icb,2206,5,interior,a_ice,0.11458
icb,2206,6,interior,a_ice,0.02528
icb,2206,7,interior,a_ice,0.01185
icb,2206,8,interior,a_ice,0.00012
icb,2206,9,interior,a_ice,0.00000
icb,2206,10,interior,a_ice,0.00000
icb,2206,11,interior,a_ice,0.00000
icb,2206,12,interior,a_ice,0.00549
icb,2206,1,labsea,MLD2,560.02507
icb,2206,2,labsea,MLD2,1130.19511
icb,2206,3,labsea,MLD2,1212.90467
icb,2206,4,labsea,MLD2,1098.49707
icb,2206,5,labsea,MLD2,736.55081
icb,2206,6,labsea,MLD2,127.51646
icb,2206,7,labsea,MLD2,14.54441
icb,2206,8,labsea,MLD2,18.69489
icb,2206,9,labsea,MLD2,22.33597
icb,2206,10,labsea,MLD2,33.09975
icb,2206,11,labsea,MLD2,57.10663
icb,2206,12,labsea,MLD2,238.06452
icb,2206,1,interior,MLD2,814.64882
icb,2206,2,interior,MLD2,1614.23279
icb,2206,3,interior,MLD2,1596.55915
icb,2206,4,interior,MLD2,1345.19413
icb,2206,5,interior,MLD2,916.17142
icb,2206,6,interior,MLD2,167.76916
icb,2206,7,interior,MLD2,17.68087
icb,2206,8,interior,MLD2,23.71437
icb,2206,9,interior,MLD2,27.28425
icb,2206,10,interior,MLD2,39.09094
icb,2206,11,interior,MLD2,74.73735
icb,2206,12,interior,MLD2,434.45072
icb,2207,1,labsea,a_ice,0.20111
icb,2207,2,labsea,a_ice,0.26913
icb,2207,3,labsea,a_ice,0.25843
icb,2207,4,labsea,a_ice,0.22231
icb,2207,5,labsea,a_ice,0.20808
icb,2207,6,labsea,a_ice,0.14471
icb,2207,7,labsea,a_ice,0.04406
icb,2207,8,labsea,a_ice,0.00385
icb,2207,9,labsea,a_ice,0.00000
icb,2207,10,labsea,a_ice,0.00010
icb,2207,11,labsea,a_ice,0.04339
icb,2207,12,labsea,a_ice,0.17258
icb,2207,1,interior,a_ice,0.04810
icb,2207,2,interior,a_ice,0.07065
icb,2207,3,interior,a_ice,0.06185
icb,2207,4,interior,a_ice,0.05409
icb,2207,5,interior,a_ice,0.04545
icb,2207,6,interior,a_ice,0.02942
icb,2207,7,interior,a_ice,0.00358
icb,2207,8,interior,a_ice,0.00000
icb,2207,9,interior,a_ice,0.00000
icb,2207,10,interior,a_ice,0.00000
icb,2207,11,interior,a_ice,0.00083
icb,2207,12,interior,a_ice,0.03448
icb,2207,1,labsea,MLD2,1160.30926
icb,2207,2,labsea,MLD2,1394.22111
icb,2207,3,labsea,MLD2,1368.16210
icb,2207,4,labsea,MLD2,968.79402
icb,2207,5,labsea,MLD2,719.94973
icb,2207,6,labsea,MLD2,45.68249
icb,2207,7,labsea,MLD2,15.34576
icb,2207,8,labsea,MLD2,17.22574
icb,2207,9,labsea,MLD2,20.92350
icb,2207,10,labsea,MLD2,33.54535
icb,2207,11,labsea,MLD2,99.71887
icb,2207,12,labsea,MLD2,1038.56233
icb,2207,1,interior,MLD2,1758.31383
icb,2207,2,interior,MLD2,2035.09692
icb,2207,3,interior,MLD2,1984.36642
icb,2207,4,interior,MLD2,1426.03341
icb,2207,5,interior,MLD2,1214.10574
icb,2207,6,interior,MLD2,103.83481
icb,2207,7,interior,MLD2,21.91058
icb,2207,8,interior,MLD2,25.49041
icb,2207,9,interior,MLD2,28.71497
icb,2207,10,interior,MLD2,40.63786
icb,2207,11,interior,MLD2,163.13831
icb,2207,12,interior,MLD2,1705.08458
icb,2208,1,labsea,a_ice,0.27682
icb,2208,2,labsea,a_ice,0.27433
icb,2208,3,labsea,a_ice,0.27050
icb,2208,4,labsea,a_ice,0.27925
icb,2208,5,labsea,a_ice,0.23702
icb,2208,6,labsea,a_ice,0.17583
icb,2208,7,labsea,a_ice,0.05659
icb,2208,8,labsea,a_ice,0.00580
icb,2208,9,labsea,a_ice,0.00105
icb,2208,10,labsea,a_ice,0.02082
icb,2208,11,labsea,a_ice,0.08881
icb,2208,12,labsea,a_ice,0.24950
icb,2208,1,interior,a_ice,0.11151
icb,2208,2,interior,a_ice,0.07638
icb,2208,3,interior,a_ice,0.07052
icb,2208,4,interior,a_ice,0.08810
icb,2208,5,interior,a_ice,0.06916
icb,2208,6,interior,a_ice,0.03755
icb,2208,7,interior,a_ice,0.00583
icb,2208,8,interior,a_ice,0.00000
icb,2208,9,interior,a_ice,0.00000
icb,2208,10,interior,a_ice,0.00000
icb,2208,11,interior,a_ice,0.00148
icb,2208,12,interior,a_ice,0.09810
icb,2208,1,labsea,MLD2,1435.26943
icb,2208,2,labsea,MLD2,1396.62294
icb,2208,3,labsea,MLD2,1365.49030
icb,2208,4,labsea,MLD2,1263.43035
icb,2208,5,labsea,MLD2,489.06472
icb,2208,6,labsea,MLD2,33.78946
icb,2208,7,labsea,MLD2,16.71965
icb,2208,8,labsea,MLD2,15.52527
icb,2208,9,labsea,MLD2,20.69316
icb,2208,10,labsea,MLD2,30.78955
icb,2208,11,labsea,MLD2,51.73708
icb,2208,12,labsea,MLD2,167.25371
icb,2208,1,interior,MLD2,2095.66853
icb,2208,2,interior,MLD2,1989.14398
icb,2208,3,interior,MLD2,1983.62513
icb,2208,4,interior,MLD2,1767.97217
icb,2208,5,interior,MLD2,1156.19168
icb,2208,6,interior,MLD2,64.48788
icb,2208,7,interior,MLD2,20.35700
icb,2208,8,interior,MLD2,17.93849
icb,2208,9,interior,MLD2,22.54410
icb,2208,10,interior,MLD2,31.99915
icb,2208,11,interior,MLD2,46.79819
icb,2208,12,interior,MLD2,138.53592
icb,2209,1,labsea,a_ice,0.43496
icb,2209,2,labsea,a_ice,0.61119
icb,2209,3,labsea,a_ice,0.54356
icb,2209,4,labsea,a_ice,0.48188
icb,2209,5,labsea,a_ice,0.35542
icb,2209,6,labsea,a_ice,0.20470
icb,2209,7,labsea,a_ice,0.06417
icb,2209,8,labsea,a_ice,0.00685
icb,2209,9,labsea,a_ice,0.00004
icb,2209,10,labsea,a_ice,0.00013
icb,2209,11,labsea,a_ice,0.05101
icb,2209,12,labsea,a_ice,0.17838
icb,2209,1,interior,a_ice,0.29407
icb,2209,2,interior,a_ice,0.64635
icb,2209,3,interior,a_ice,0.64049
icb,2209,4,interior,a_ice,0.52459
icb,2209,5,interior,a_ice,0.21863
icb,2209,6,interior,a_ice,0.04246
icb,2209,7,interior,a_ice,0.00758
icb,2209,8,interior,a_ice,0.00000
icb,2209,9,interior,a_ice,0.00000
icb,2209,10,interior,a_ice,0.00000
icb,2209,11,interior,a_ice,0.00349
icb,2209,12,interior,a_ice,0.05980
icb,2209,1,labsea,MLD2,677.64065
icb,2209,2,labsea,MLD2,737.45819
icb,2209,3,labsea,MLD2,483.81012
icb,2209,4,labsea,MLD2,429.75821
icb,2209,5,labsea,MLD2,134.31015
icb,2209,6,labsea,MLD2,18.07929
icb,2209,7,labsea,MLD2,14.84582
icb,2209,8,labsea,MLD2,13.46891
icb,2209,9,labsea,MLD2,18.17622
icb,2209,10,labsea,MLD2,25.98876
icb,2209,11,labsea,MLD2,43.23798
icb,2209,12,labsea,MLD2,91.00394
icb,2209,1,interior,MLD2,621.20207
icb,2209,2,interior,MLD2,770.90618
icb,2209,3,interior,MLD2,211.15105
icb,2209,4,interior,MLD2,50.89111
icb,2209,5,interior,MLD2,35.73280
icb,2209,6,interior,MLD2,23.77857
icb,2209,7,interior,MLD2,19.06395
icb,2209,8,interior,MLD2,17.32827
icb,2209,9,interior,MLD2,22.50203
icb,2209,10,interior,MLD2,30.27742
icb,2209,11,interior,MLD2,51.45587
icb,2209,12,interior,MLD2,100.68310
