label,year,netTOA
06 Baseline,1350,0.2115
06 Baseline,1351,0.2552
06 Baseline,1352,0.1143
06 Baseline,1353,1.3313
06 Baseline,1354,1.7245
06 Baseline,1355,1.4307
06 Baseline,1356,1.6217
06 Baseline,1357,1.4218
06 Baseline,1358,2.1368
06 Baseline,1359,1.5864
06 Baseline,1360,1.7905
06 Baseline,1361,1.8091
06 Baseline,1362,1.6531
06 Baseline,1363,1.7909
06 Baseline,1364,1.8869
06 Baseline,1365,1.5071
06 Baseline,1366,2.0720
06 Baseline,1367,2.1099
06 Baseline,1368,1.4357
06 Baseline,1369,1.4079
06 Baseline,1370,1.4216
06 Baseline,1371,1.5471
06 Baseline,1372,1.8295
06 Baseline,1373,1.9723
06 Baseline,1374,1.5925
06 Baseline,1375,2.0734
06 Baseline,1376,1.4655
06 Baseline,1377,1.3146
06 Baseline,1378,1.7612
06 Baseline,1379,1.6885
06T,1350,-0.4178
06T,1351,-0.2491
06T,1352,-0.0504
06T,1353,0.2788
06T,1354,0.4105
06T,1355,0.3507
06T,1356,0.8952
06T,1357,1.0569
06T,1358,1.1573
06T,1359,0.8542
06T,1360,0.9020
06T,1361,1.0235
06T,1362,1.6679
06T,1363,1.0216
06T,1364,0.8995
06T,1365,1.2815
06T,1366,1.4996
06T,1367,1.6742
06T,1368,1.3122
06T,1369,1.3321
06T,1370,1.2870
06T,1371,1.3966
06T,1372,1.0699
06T,1373,0.9667
06T,1374,0.9059
06T,1375,1.4927
06T,1376,1.3200
06T,1377,1.1087
06T,1378,1.0450
06T,1379,1.1081
06V,1350,-0.8969
06V,1351,-0.9054
06V,1352,-0.5834
06V,1353,-0.2712
06V,1354,-0.6974
06V,1355,0.5314
06V,1356,0.5659
06V,1357,0.7011
06V,1358,0.7358
06V,1359,0.9150
06V,1360,0.6023
06V,1361,0.9246
06V,1362,0.9463
06V,1363,1.0844
06V,1364,0.5695
06V,1365,0.8213
06V,1366,1.1666
06V,1367,1.2976
06V,1368,1.4623
06V,1369,0.6975
06V,1370,0.4431
06V,1371,1.0082
06V,1372,0.8908
06V,1373,1.1911
06V,1374,0.5637
06V,1375,0.9154
06V,1376,1.5462
06V,1377,1.0221
06V,1378,1.1872
06V,1379,1.2298
07A (LPJ lever only),1350,0.2366
07A (LPJ lever only),1351,0.5251
07A (LPJ lever only),1352,0.7443
07A (LPJ lever only),1353,1.2425
07A (LPJ lever only),1354,1.2914
07A (LPJ lever only),1355,1.4169
07A (LPJ lever only),1356,1.8647
07A (LPJ lever only),1357,2.2058
07A (LPJ lever only),1358,1.6558
07A (LPJ lever only),1359,1.5422
07A (LPJ lever only),1360,1.4305
07A (LPJ lever only),1361,2.2752
07A (LPJ lever only),1362,2.3116
07A (LPJ lever only),1363,2.0042
07A (LPJ lever only),1364,1.5106
07A (LPJ lever only),1365,1.4449
07A (LPJ lever only),1366,1.7361
07A (LPJ lever only),1367,1.9054
07A (LPJ lever only),1368,2.1008
07A (LPJ lever only),1369,1.4689
07A (LPJ lever only),1370,1.6360
07A (LPJ lever only),1371,1.6364
07A (LPJ lever only),1372,1.3245
07A (LPJ lever only),1373,1.4690
07A (LPJ lever only),1374,2.0990
07A (LPJ lever only),1375,1.7541
07A (LPJ lever only),1376,1.6883
07A (LPJ lever only),1377,2.1969
07A (LPJ lever only),1378,1.5120
07A (LPJ lever only),1379,1.6074
080a (CRUNCEP veg init),1350,0.2771
080a (CRUNCEP veg init),1351,0.7023
080a (CRUNCEP veg init),1352,0.6129
080a (CRUNCEP veg init),1353,1.2062
080a (CRUNCEP veg init),1354,1.6837
080a (CRUNCEP veg init),1355,1.8078
080a (CRUNCEP veg init),1356,1.8372
080a (CRUNCEP veg init),1357,1.4847
080a (CRUNCEP veg init),1358,1.9437
080a (CRUNCEP veg init),1359,1.7973
080a (CRUNCEP veg init),1360,1.0074
080a (CRUNCEP veg init),1361,1.8349
080a (CRUNCEP veg init),1362,1.9925
080a (CRUNCEP veg init),1363,1.5056
080a (CRUNCEP veg init),1364,2.1380
080a (CRUNCEP veg init),1365,1.8947
080a (CRUNCEP veg init),1366,2.0448
080a (CRUNCEP veg init),1367,1.6564
080a (CRUNCEP veg init),1368,1.5987
080a (CRUNCEP veg init),1369,1.8449
080a (CRUNCEP veg init),1370,1.8261
080a (CRUNCEP veg init),1371,1.5629
080a (CRUNCEP veg init),1372,1.9575
080a (CRUNCEP veg init),1373,1.3758
080a (CRUNCEP veg init),1374,1.3231
080a (CRUNCEP veg init),1375,1.6870
080a (CRUNCEP veg init),1376,2.3259
080a (CRUNCEP veg init),1377,1.6752
080a (CRUNCEP veg init),1378,1.6947
080a (CRUNCEP veg init),1379,1.3995
080a (CRUNCEP veg init),1380,2.1826
080a (CRUNCEP veg init),1381,1.7047
080a (CRUNCEP veg init),1382,1.2186
080a (CRUNCEP veg init),1383,1.7389
080a (CRUNCEP veg init),1384,1.4355
080a (CRUNCEP veg init),1385,1.8412
080a (CRUNCEP veg init),1386,1.4531
080a (CRUNCEP veg init),1387,1.2127
080a (CRUNCEP veg init),1388,1.8642
080a (CRUNCEP veg init),1389,1.5772
080a (CRUNCEP veg init),1390,1.7358
080a (CRUNCEP veg init),1391,1.3628
080a (CRUNCEP veg init),1392,1.2511
080a (CRUNCEP veg init),1393,1.3105
080a (CRUNCEP veg init),1394,1.6635
080a (CRUNCEP veg init),1395,1.3868
080a (CRUNCEP veg init),1396,1.5697
080a (CRUNCEP veg init),1397,1.4715
080a (CRUNCEP veg init),1398,1.2141
080a (CRUNCEP veg init),1399,1.4527
08B = 06V,1350,-0.7496
08B = 06V,1351,-0.6914
08B = 06V,1352,-0.6627
08B = 06V,1353,0.4690
08B = 06V,1354,-0.1965
08B = 06V,1355,-0.0359
08B = 06V,1356,0.1022
08B = 06V,1357,0.4355
08B = 06V,1358,0.5861
08B = 06V,1359,1.1398
08B = 06V,1360,0.7898
08B = 06V,1361,1.1447
08B = 06V,1362,1.0094
08B = 06V,1363,1.0712
08B = 06V,1364,1.3066
08B = 06V,1365,1.2365
08B = 06V,1366,0.7583
08B = 06V,1367,1.2270
08B = 06V,1368,0.8092
08B = 06V,1369,0.9501
08B = 06V,1370,0.7979
08B = 06V,1371,1.1168
08B = 06V,1372,1.1825
08B = 06V,1373,1.0104
08B = 06V,1374,0.6735
08B = 06V,1375,0.4034
08B = 06V,1376,1.1188
08B = 06V,1377,1.0703
08B = 06V,1378,0.9674
08B = 06V,1379,1.0062
08F = 06V + LPJ levers,1350,-0.7291
08F = 06V + LPJ levers,1351,-1.1647
08F = 06V + LPJ levers,1352,0.0188
08F = 06V + LPJ levers,1353,-0.2931
08F = 06V + LPJ levers,1354,-0.3048
08F = 06V + LPJ levers,1355,0.2594
08F = 06V + LPJ levers,1356,0.3230
08F = 06V + LPJ levers,1357,0.6236
08F = 06V + LPJ levers,1358,0.9870
08F = 06V + LPJ levers,1359,0.7361
08F = 06V + LPJ levers,1360,1.1267
08F = 06V + LPJ levers,1361,0.9113
08F = 06V + LPJ levers,1362,0.5699
08F = 06V + LPJ levers,1363,1.0759
08F = 06V + LPJ levers,1364,0.8606
08F = 06V + LPJ levers,1365,1.1952
08F = 06V + LPJ levers,1366,1.3762
08F = 06V + LPJ levers,1367,0.7698
08F = 06V + LPJ levers,1368,1.1511
08F = 06V + LPJ levers,1369,0.8499
08F = 06V + LPJ levers,1370,1.0573
08F = 06V + LPJ levers,1371,0.9304
08F = 06V + LPJ levers,1372,1.3209
08F = 06V + LPJ levers,1373,1.1092
08F = 06V + LPJ levers,1374,0.8022
08F = 06V + LPJ levers,1375,0.9425
08F = 06V + LPJ levers,1376,0.5539
08F = 06V + LPJ levers,1377,1.6042
08F = 06V + LPJ levers,1378,0.7250
08F = 06V + LPJ levers,1379,1.0256
09A = baseline + newSeaIce,1350,-0.7159
09A = baseline + newSeaIce,1351,-0.7188
09A = baseline + newSeaIce,1352,-0.3675
09A = baseline + newSeaIce,1353,0.6110
09A = baseline + newSeaIce,1354,0.5928
09A = baseline + newSeaIce,1355,0.9052
09A = baseline + newSeaIce,1356,0.8603
09A = baseline + newSeaIce,1357,0.9795
09A = baseline + newSeaIce,1358,0.8993
09A = baseline + newSeaIce,1359,0.8282
09A = baseline + newSeaIce,1360,1.1911
09A = baseline + newSeaIce,1361,1.2359
09A = baseline + newSeaIce,1362,1.3007
09A = baseline + newSeaIce,1363,0.9679
09A = baseline + newSeaIce,1364,1.2806
09A = baseline + newSeaIce,1365,1.5022
09A = baseline + newSeaIce,1366,1.7755
09A = baseline + newSeaIce,1367,1.3748
09A = baseline + newSeaIce,1368,1.2919
09A = baseline + newSeaIce,1369,0.9140
09A = baseline + newSeaIce,1370,0.8972
09A = baseline + newSeaIce,1371,1.7309
09A = baseline + newSeaIce,1372,1.6711
09A = baseline + newSeaIce,1373,1.2559
09A = baseline + newSeaIce,1374,1.3373
09A = baseline + newSeaIce,1375,1.3250
09A = baseline + newSeaIce,1376,1.4381
09A = baseline + newSeaIce,1377,1.2466
09A = baseline + newSeaIce,1378,1.1551
09A = baseline + newSeaIce,1379,0.8069
09B = 06T + newSeaIce,1350,-0.4027
09B = 06T + newSeaIce,1351,-0.7953
09B = 06T + newSeaIce,1352,-0.7582
09B = 06T + newSeaIce,1353,0.0960
09B = 06T + newSeaIce,1354,-0.1895
09B = 06T + newSeaIce,1355,0.7271
09B = 06T + newSeaIce,1356,0.5190
09B = 06T + newSeaIce,1357,1.0465
09B = 06T + newSeaIce,1358,0.7547
09B = 06T + newSeaIce,1359,1.0002
09B = 06T + newSeaIce,1360,1.2119
09B = 06T + newSeaIce,1361,1.2375
09B = 06T + newSeaIce,1362,1.5750
09B = 06T + newSeaIce,1363,1.4285
09B = 06T + newSeaIce,1364,1.4920
09B = 06T + newSeaIce,1365,1.2807
09B = 06T + newSeaIce,1366,1.5242
09B = 06T + newSeaIce,1367,1.1645
09B = 06T + newSeaIce,1368,1.2318
09B = 06T + newSeaIce,1369,1.4239
09B = 06T + newSeaIce,1370,0.9437
09B = 06T + newSeaIce,1371,0.9318
09B = 06T + newSeaIce,1372,0.9458
09B = 06T + newSeaIce,1373,1.3422
09B = 06T + newSeaIce,1374,1.0650
09B = 06T + newSeaIce,1375,1.1493
09B = 06T + newSeaIce,1376,1.1665
09B = 06T + newSeaIce,1377,1.1255
09B = 06T + newSeaIce,1378,1.7357
09B = 06T + newSeaIce,1379,1.3062
09C = 06V + newSeaIce,1350,-1.0838
09C = 06V + newSeaIce,1351,-1.2308
09C = 06V + newSeaIce,1352,-1.1796
09C = 06V + newSeaIce,1353,-0.8540
09C = 06V + newSeaIce,1354,-0.2801
09C = 06V + newSeaIce,1355,0.2442
09C = 06V + newSeaIce,1356,0.2127
09C = 06V + newSeaIce,1357,0.5550
09C = 06V + newSeaIce,1358,0.2918
09C = 06V + newSeaIce,1359,0.7018
09C = 06V + newSeaIce,1360,1.0106
09C = 06V + newSeaIce,1361,0.7502
09C = 06V + newSeaIce,1362,1.0184
09C = 06V + newSeaIce,1363,1.4691
09C = 06V + newSeaIce,1364,0.8462
09C = 06V + newSeaIce,1365,0.7670
09C = 06V + newSeaIce,1366,0.6759
09C = 06V + newSeaIce,1367,1.2525
09C = 06V + newSeaIce,1368,0.9500
09C = 06V + newSeaIce,1369,0.7320
09C = 06V + newSeaIce,1370,1.1502
09C = 06V + newSeaIce,1371,0.7941
09C = 06V + newSeaIce,1372,0.8736
09C = 06V + newSeaIce,1373,0.9299
09C = 06V + newSeaIce,1374,0.7805
09C = 06V + newSeaIce,1375,1.0058
09C = 06V + newSeaIce,1376,0.4612
09C = 06V + newSeaIce,1377,0.7775
09C = 06V + newSeaIce,1378,1.5579
09C = 06V + newSeaIce,1379,0.8557
