11X,1350,17.9066,2.5616,1.5661
11X,1351,17.7252,2.6116,1.2369
11X,1352,17.6242,2.4669,1.1590
11X,1353,17.4753,2.2691,1.3163
11X,1354,17.3741,2.2157,1.3673
11X,1355,17.2837,2.2305,1.3687
11X,1356,17.3124,2.6110,1.2125
11X,1357,17.3697,2.5522,1.3356
11X,1358,17.4158,2.5785,1.5783
11X,1359,17.3272,2.5694,1.5282
11X,1360,17.3398,2.3129,1.6927
11X,1361,17.3596,2.4032,1.7236
11X,1362,17.5294,2.3611,2.1106
11X,1363,17.4926,2.4354,1.8065
11X,1364,17.4888,2.7395,1.7381
11X,1365,17.5380,2.8372,1.6834
11X,1366,17.4729,2.7290,1.3589
11X,1367,17.4671,3.1043,1.3521
11X,1368,17.4754,3.1871,1.4014
11X,1369,17.4535,3.0588,1.2387
11X,1370,17.4433,3.1173,1.2714
11X,1371,17.5112,3.0482,1.2601
11X,1372,17.5259,3.2118,1.3237
11X,1373,17.6161,3.1522,1.5729
11X,1374,17.6233,2.9405,1.6751
11X,1375,17.5630,2.9723,1.7521
11X,1376,17.5011,2.7891,1.4835
11X,1377,17.5657,2.8258,1.4455
11X,1378,17.5072,3.1564,1.4805
11X,1379,17.5726,2.9484,1.7902
11X,1380,17.5605,3.1251,1.7930
11X,1381,17.5750,3.0978,1.7121
11X,1382,17.5976,3.0627,1.5139
11X,1383,17.6190,3.3650,1.5735
11X,1384,17.7087,3.1082,1.6160
11X,1385,17.7274,3.1287,1.6181
11X,1386,17.6693,3.0985,1.6030
11X,1387,17.5880,3.0516,1.5687
11X,1388,17.6090,2.9760,1.4733
11X,1389,17.6026,2.9492,1.5688
