CM33_SPIN,1350,18.3288,2.4249,1.4077
CM33_SPIN,1351,18.1337,2.1706,1.4195
CM33_SPIN,1352,18.0707,2.1180,2.2055
CM33_SPIN,1353,18.0322,2.1795,2.6256
CM33_SPIN,1354,18.0834,2.3254,2.7997
CM33_SPIN,1355,18.0567,2.3895,2.8839
CM33_SPIN,1356,18.1149,2.2523,3.1550
CM33_SPIN,1357,18.0680,2.2175,2.7559
CM33_SPIN,1358,18.0159,2.2206,2.5012
CM33_SPIN,1359,18.0663,2.1820,2.9050
CM33_SPIN,1360,18.0181,2.2178,2.7405
CM33_SPIN,1361,18.0224,2.2728,2.7568
CM33_SPIN,1362,18.0514,2.2767,2.8092
CM33_SPIN,1363,17.9914,2.1059,2.7042
CM33_SPIN,1364,18.0283,2.2674,2.4394
CM33_SPIN,1365,17.8886,2.1212,2.2291
CM33_SPIN,1366,17.9249,2.3289,2.2987
CM33_SPIN,1367,17.9125,2.2287,2.4515
CM33_SPIN,1368,17.8700,1.9735,2.2220
CM33_SPIN,1369,17.7985,2.0886,2.2845
CM33_SPIN,1370,17.7121,1.9347,2.1426
CM33_SPIN,1371,17.8076,1.9111,2.3491
CM33_SPIN,1372,17.7704,2.0547,2.2987
CM33_SPIN,1373,17.8132,2.1475,2.2135
CM33_SPIN,1374,17.8223,2.3006,2.1034
CM33_SPIN,1375,17.8123,2.2812,2.3304
CM33_SPIN,1376,17.7656,2.3183,2.0531
CM33_SPIN,1377,17.6669,2.2986,2.0615
CM33_SPIN,1378,17.6376,2.0711,2.0638
CM33_SPIN,1379,17.6552,2.0595,1.9365
CM33_SPIN,1380,17.6998,2.1995,2.0291
CM33_SPIN,1381,17.6102,2.1539,2.1619
CM33_SPIN,1382,17.5558,2.0202,2.1279
CM33_SPIN,1383,17.6461,2.2423,1.7964
CM33_SPIN,1384,17.7044,2.2705,1.9426
CM33_SPIN,1385,17.6661,2.3137,1.9311
CM33_SPIN,1386,17.6896,2.4376,1.8855
CM33_SPIN,1387,17.6946,2.4973,2.0404
CM33_SPIN,1388,17.6352,2.3792,1.7197
CM33_SPIN,1389,17.6708,2.4170,1.9173
CM33_SPIN,1390,17.6866,2.3633,1.7983
CM33_SPIN,1391,17.7859,2.5523,1.9504
CM33_SPIN,1392,17.6540,2.4889,1.9080
CM33_SPIN,1393,17.6331,2.4622,1.9896
CM33_SPIN,1394,17.7493,2.3758,1.8021
CM33_SPIN,1395,17.8225,2.5259,2.0977
CM33_SPIN,1396,17.7297,2.5880,1.9503
CM33_SPIN,1397,17.5700,2.4532,1.7208
CM33_SPIN,1398,17.6188,2.4125,1.6715
CM33_SPIN,1399,17.6840,2.1785,1.7511
CM33_SPIN,1400,17.6655,2.2746,1.8043
CM33_SPIN,1401,17.5841,2.2064,1.7597
CM33_SPIN,1402,17.5901,2.3582,1.7060
CM33_SPIN,1403,17.5813,2.5651,1.7306
CM33_SPIN,1404,17.6416,2.4327,1.6751
CM33_SPIN,1405,17.6406,2.5855,1.6976
CM33_SPIN,1406,17.6546,2.5210,1.7171
CM33_SPIN,1407,17.6355,2.3420,1.6352
CM33_SPIN,1408,17.6602,2.3161,1.7292
CM33_SPIN,1409,17.6518,2.3182,1.7644
CM33_SPIN,1410,17.5367,2.2296,1.5620
CM33_SPIN,1411,17.5495,2.1900,1.6660
CM33_SPIN,1412,17.6290,2.3752,1.8335
CM33_SPIN,1413,17.5969,2.2124,1.8167
CM33_SPIN,1414,17.6045,2.2464,1.7840
CM33_SPIN,1415,17.7093,2.4249,1.8919
CM33_SPIN,1416,17.6484,2.2875,1.8665
CM33_SPIN,1417,17.5402,2.4855,1.6883
CM33_SPIN,1418,17.5923,2.4089,1.6665
CM33_SPIN,1419,17.6556,2.4620,1.6542
CM33_SPIN,1420,17.6441,2.4862,1.6423
CM33_SPIN,1421,17.6556,2.3849,1.5741
CM33_SPIN,1422,17.7013,2.5047,1.7348
CM33_SPIN,1423,17.7317,2.3841,1.8592
CM33_SPIN,1424,17.6483,2.3440,1.6569
CM33_SPIN,1425,17.5217,2.2536,1.5219
CM33_SPIN,1426,17.5850,2.3220,1.7376
CM33_SPIN,1427,17.6050,2.4057,1.8018
CM33_SPIN,1428,17.5755,2.1398,1.8568
CM33_SPIN,1429,17.5761,2.3483,1.7476
CM33_SPIN,1430,17.5564,2.3315,1.7832
CM33_SPIN,1431,17.6265,2.4765,1.5683
CM33_SPIN,1432,17.6845,2.4396,1.6193
CM33_SPIN,1433,17.6415,2.1876,1.7447
CM33_SPIN,1434,17.5987,2.2682,1.6972
CM33_SPIN,1435,17.6451,2.3234,1.7340
CM33_SPIN,1436,17.6712,2.3436,1.9314
CM33_SPIN,1437,17.5512,2.2593,1.8035
CM33_SPIN,1438,17.5965,2.2384,1.9408
CM33_SPIN,1439,17.7032,2.3446,2.0799
CM33_SPIN,1440,17.7756,2.5423,1.9224
CM33_SPIN,1441,17.6703,2.5443,1.8883
CM33_SPIN,1442,17.6565,2.4437,1.7131
CM33_SPIN,1443,17.7404,2.2729,1.9190
CM33_SPIN,1444,17.6056,2.1927,1.7182
CM33_SPIN,1445,17.6363,2.3048,1.8372
CM33_SPIN,1446,17.5569,2.2299,1.6448
CM33_SPIN,1447,17.6135,2.2412,1.9020
CM33_SPIN,1448,17.6373,2.2323,1.7501
CM33_SPIN,1449,17.6749,2.2361,1.6574
CM33_SPIN,1450,17.5811,2.2837,1.6219
CM33_SPIN,1451,17.5629,2.1896,1.5969
CM33_SPIN,1452,17.6437,2.2223,1.8449
CM33_SPIN,1453,17.6554,2.3508,1.9395
CM33_SPIN,1454,17.6204,2.3936,1.7051
CM33_SPIN,1455,17.6571,2.1685,1.6987
CM33_SPIN,1456,17.6988,2.2488,1.7463
CM33_SPIN,1457,17.6464,2.2009,1.6993
CM33_SPIN,1458,17.5590,2.2721,1.5847
CM33_SPIN,1459,17.5267,2.2333,1.7138
CM33_SPIN,1460,17.5021,2.1356,1.6468
CM33_SPIN,1461,17.5809,2.1999,1.7484
CM33_SPIN,1462,17.5759,2.1833,1.6823
CM33_SPIN,1463,17.6213,2.3509,1.7976
CM33_SPIN,1464,17.7198,2.5307,1.8346
CM33_SPIN,1465,17.6101,2.4324,1.7430
CM33_SPIN,1466,17.5875,2.4253,1.8778
CM33_SPIN,1467,17.6285,2.4765,1.8309
CM33_SPIN,1468,17.6520,2.4372,1.7846
CM33_SPIN,1469,17.6794,2.4635,1.7576
CM33_SPIN,1470,17.6825,2.3836,1.6826
CM33_SPIN,1471,17.7747,2.5714,2.0585
CM33_SPIN,1472,17.6649,2.3207,1.7465
CM33_SPIN,1473,17.6643,2.4500,1.9032
CM33_SPIN,1474,17.6313,2.4054,1.8880
CM33_SPIN,1475,17.6510,2.2847,1.7957
CM33_SPIN,1476,17.5516,2.2605,1.7618
CM33_SPIN,1477,17.6519,2.1608,1.6816
CM33_SPIN,1478,17.5907,1.9153,1.9297
CM33_SPIN,1479,17.4833,1.8454,1.8113
CM33_SPIN,1480,17.5905,2.0416,1.8492
CM33_SPIN,1481,17.6296,2.2283,1.8945
CM33_SPIN,1482,17.5189,1.9032,1.6619
CM33_SPIN,1483,17.5766,1.8553,1.8913
CM33_SPIN,1484,17.5546,1.8392,1.9039
CM33_SPIN,1485,17.5047,1.8517,1.8164
CM33_SPIN,1486,17.5927,2.0655,1.7677
CM33_SPIN,1487,17.5892,2.2107,1.7705
CM33_SPIN,1488,17.4702,1.9810,1.5818
CM33_SPIN,1489,17.5029,2.2422,1.6675
CM33_SPIN,1490,17.6225,2.2652,1.7761
CM33_SPIN,1491,17.6310,2.1545,1.8813
CM33_SPIN,1492,17.6027,2.1912,1.9081
CM33_SPIN,1493,17.5535,1.9554,1.8132
CM33_SPIN,1494,17.5784,2.1014,1.7814
CM33_SPIN,1495,17.6693,2.3186,1.7750
CM33_SPIN,1496,17.5902,2.1650,1.8047
CM33_SPIN,1497,17.6385,2.1221,2.0204
CM33_SPIN,1498,17.5915,2.0544,1.9548
CM33_SPIN,1499,17.5706,2.1355,1.9036
CM33_SPIN,1500,17.7157,2.3012,1.8451
CM33_SPIN,1501,17.7255,2.1533,2.0348
CM33_SPIN,1502,17.7007,2.2263,1.9771
CM33_SPIN,1503,17.6630,2.1223,1.8198
CM33_SPIN,1504,17.6953,2.1453,1.9405
CM33_SPIN,1505,17.6410,2.2205,1.9079
CM33_SPIN,1506,17.6102,2.1147,1.9310
CM33_SPIN,1507,17.6623,2.2326,2.0221
CM33_SPIN,1508,17.6227,2.5290,1.6195
CM33_SPIN,1509,17.5178,2.2932,1.7615
CM33_SPIN,1510,17.6154,2.3601,1.7055
CM33_SPIN,1511,17.6253,2.2385,1.9653
CM33_SPIN,1512,17.6244,2.3457,2.0178
CM33_SPIN,1513,17.6636,2.3699,2.0664
CM33_SPIN,1514,17.8229,2.4564,2.0072
CM33_SPIN,1515,17.6774,2.4014,1.9366
CM33_SPIN,1516,17.5097,2.1648,1.7541
CM33_SPIN,1517,17.6004,2.2549,1.7624
CM33_SPIN,1518,17.5957,2.1583,1.7955
CM33_SPIN,1519,17.6374,2.3368,1.7132
CM33_SPIN,1520,17.6561,2.4691,1.7190
CM33_SPIN,1521,17.6070,2.3900,1.9007
CM33_SPIN,1522,17.5608,2.2935,1.7321
CM33_SPIN,1523,17.7769,2.2965,1.8243
CM33_SPIN,1524,17.7335,2.4305,1.9058
CM33_SPIN,1525,17.5874,2.4245,1.7122
CM33_SPIN,1526,17.5527,2.2950,1.6057
CM33_SPIN,1527,17.5714,2.2697,1.7046
CM33_SPIN,1528,17.6796,2.3344,1.9088
CM33_SPIN,1529,17.6224,2.2241,1.8424
CM33_SPIN,1530,17.6022,2.2638,1.6368
CM33_SPIN,1531,17.5041,2.4358,1.6650
CM33_SPIN,1532,17.4597,2.3265,1.7565
CM33_SPIN,1533,17.5910,2.4166,1.8391
CM33_SPIN,1534,17.7163,2.4790,2.0508
CM33_SPIN,1535,17.6040,2.4266,1.6854
CM33_SPIN,1536,17.6525,2.4108,1.7870
CM33_SPIN,1537,17.5843,2.2053,1.6696
CM33_SPIN,1538,17.6896,2.3537,1.8343
CM33_SPIN,1539,17.6691,2.3191,1.7961
CM33_SPIN,1540,17.6125,2.1712,1.7716
CM33_SPIN,1541,17.5709,2.1800,1.7312
CM33_SPIN,1542,17.6652,2.0234,1.7888
CM33_SPIN,1543,17.7233,2.1797,1.8983
CM33_SPIN,1544,17.6793,2.3630,1.8496
CM33_SPIN,1545,17.6496,2.2611,1.9874
CM33_SPIN,1546,17.7131,2.5049,1.7885
CM33_SPIN,1547,17.7291,2.5364,1.8966
CM33_SPIN,1548,17.6937,2.6169,1.7636
CM33_SPIN,1549,17.6509,2.2972,1.7698
CM33_SPIN,1550,17.6783,2.1765,1.7921
CM33_SPIN,1551,17.6241,2.3547,1.8938
CM33_SPIN,1552,17.5763,2.3382,1.9412
CM33_SPIN,1553,17.5482,2.3982,1.8680
CM33_SPIN,1554,17.5969,2.5273,1.6631
CM33_SPIN,1555,17.6451,2.4733,1.8357
CM33_SPIN,1556,17.5884,2.4917,1.7298
CM33_SPIN,1557,17.6697,2.5345,1.7765
CM33_SPIN,1558,17.7372,2.4063,1.8097
CM33_SPIN,1559,17.7421,2.5087,2.0935
CM33_SPIN,1560,17.7976,2.5317,1.9925
CM33_SPIN,1561,17.7503,2.2991,1.7422
CM33_SPIN,1562,17.5904,2.3693,1.8455
CM33_SPIN,1563,17.6129,2.3488,1.6916
CM33_SPIN,1564,17.6777,2.4087,1.7084
CM33_SPIN,1565,17.6545,2.4966,1.9474
CM33_SPIN,1566,17.5986,2.1987,1.9195
CM33_SPIN,1567,17.7027,2.4075,1.7779
CM33_SPIN,1568,17.6741,2.2223,2.0768
CM33_SPIN,1569,17.5230,2.2573,1.8265
CM33_SPIN,1570,17.5432,2.0726,1.9418
CM33_SPIN,1571,17.6366,2.2211,1.7741
CM33_SPIN,1572,17.6123,2.5380,1.9012
CM33_SPIN,1573,17.5678,2.4161,1.8109
CM33_SPIN,1574,17.5787,2.2694,1.5740
CM33_SPIN,1575,17.6933,2.4020,1.9650
CM33_SPIN,1576,17.7273,2.4136,1.7421
CM33_SPIN,1577,17.6848,2.3301,1.7892
CM33_SPIN,1578,17.6821,2.2124,2.0414
CM33_SPIN,1579,17.6463,2.1935,1.8755
CM33_SPIN,1580,17.5665,2.2503,1.5156
CM33_SPIN,1581,17.5553,2.3497,1.5979
CM33_SPIN,1582,17.5509,2.3229,1.7356
CM33_SPIN,1583,17.5195,2.1266,1.8777
CM33_SPIN,1584,17.5564,2.2372,1.8157
CM33_SPIN,1585,17.5164,2.2239,1.9059
CM33_SPIN,1586,17.5096,2.4203,1.7593
CM33_SPIN,1587,17.5299,2.1365,1.6694
CM33_SPIN,1588,17.7041,2.1932,1.9966
CM33_SPIN,1589,17.7371,2.2701,1.7881
CM33_SPIN,1590,17.6327,2.1899,1.7360
CM33_SPIN,1591,17.6030,2.1493,1.7551
CM33_SPIN,1592,17.6261,2.1889,1.8648
CM33_SPIN,1593,17.5573,2.1123,1.6809
CM33_SPIN,1594,17.6487,1.9849,1.8184
CM33_SPIN,1595,17.5623,2.0235,1.6470
CM33_SPIN,1596,17.5914,1.9663,1.7850
CM33_SPIN,1597,17.6234,2.0766,1.9476
CM33_SPIN,1598,17.4944,2.2390,2.0111
CM33_SPIN,1599,17.5469,2.1817,1.8691
CM33_SPIN,1600,17.6043,2.2037,1.6959
CM33_SPIN,1601,17.6360,2.0942,1.8267
CM33_SPIN,1602,17.6101,2.0996,1.9170
CM33_SPIN,1603,17.6029,2.1319,1.9186
CM33_SPIN,1604,17.5128,2.2423,1.7544
CM33_SPIN,1605,17.5815,2.2424,1.7097
CM33_SPIN,1606,17.6457,2.2314,1.6986
CM33_SPIN,1607,17.6333,2.4178,1.8672
CM33_SPIN,1608,17.5080,2.3569,1.7393
CM33_SPIN,1609,17.4687,2.2889,1.6897
CM33_SPIN,1610,17.6411,2.3607,1.7796
CM33_SPIN,1611,17.7076,2.2601,2.0981
CM33_SPIN,1612,17.5716,2.1105,1.7954
CM33_SPIN,1613,17.6716,2.0533,1.7367
CM33_SPIN,1614,17.6426,2.1668,1.8681
CM33_SPIN,1615,17.5150,2.0226,1.8410
CM33_SPIN,1616,17.5877,2.1086,1.9043
CM33_SPIN,1617,17.6111,2.1473,1.9756
CM33_SPIN,1618,17.6136,2.2662,1.8736
CM33_SPIN,1619,17.6816,2.2240,1.7955
CM33_SPIN,1620,17.7059,2.1879,1.9802
CM33_SPIN,1621,17.6803,2.4052,1.8372
CM33_SPIN,1622,17.5988,2.4565,1.8516
CM33_SPIN,1623,17.5176,2.2569,1.8404
CM33_SPIN,1624,17.7317,2.3756,2.0110
CM33_SPIN,1625,17.7722,2.1559,1.9887
CM33_SPIN,1626,17.7033,2.1961,1.9754
CM33_SPIN,1627,17.5987,2.1454,1.8768
CM33_SPIN,1628,17.5253,2.0758,1.7959
CM33_SPIN,1629,17.5952,2.0222,1.8805
CM33_SPIN,1630,17.6639,2.2853,1.7705
CM33_SPIN,1631,17.6103,2.3549,1.8105
CM33_SPIN,1632,17.5899,2.3556,1.8122
CM33_SPIN,1633,17.6915,2.4086,1.9038
CM33_SPIN,1634,17.6590,2.4698,1.8465
CM33_SPIN,1635,17.6161,2.4264,1.8482
CM33_SPIN,1636,17.7216,2.3315,1.9745
CM33_SPIN,1637,17.8194,2.5945,1.9549
CM33_SPIN,1638,17.8311,2.6393,2.0224
CM33_SPIN,1639,17.6901,2.5503,1.8683
CM33_SPIN,1640,17.7686,2.5109,2.0219
CM33_SPIN,1641,17.6535,2.4298,1.8726
CM33_SPIN,1642,17.7766,2.6630,1.9546
CM33_SPIN,1643,17.8440,2.5176,1.9999
CM33_SPIN,1644,17.8098,2.4019,2.1223
CM33_SPIN,1645,17.7438,2.2938,2.1142
CM33_SPIN,1646,17.7288,2.4177,1.9716
CM33_SPIN,1647,17.6421,2.2759,1.9478
CM33_SPIN,1648,17.7022,2.4187,1.9093
CM33_SPIN,1649,17.6378,2.4610,2.0377
CM33_SPIN,1650,17.6475,2.1722,1.8089
CM33_SPIN,1651,17.6978,2.3032,1.6866
CM33_SPIN,1652,17.6838,2.2722,1.6560
CM33_SPIN,1653,17.6943,2.2174,1.8011
CM33_SPIN,1654,17.7617,2.4272,1.8854
CM33_SPIN,1655,17.8081,2.5636,1.7716
CM33_SPIN,1656,17.7170,2.4314,1.8155
CM33_SPIN,1657,17.6037,2.2521,1.7919
CM33_SPIN,1658,17.5741,2.3296,1.7681
CM33_SPIN,1659,17.5051,2.2215,1.7226
CM33_SPIN,1660,17.5358,2.3661,1.7605
CM33_SPIN,1661,17.6946,2.2189,1.8583
CM33_SPIN,1662,17.7118,2.1756,1.9236
CM33_SPIN,1663,17.6081,2.1815,1.7415
CM33_SPIN,1664,17.5640,2.1083,1.6873
CM33_SPIN,1665,17.6381,2.0340,1.7272
CM33_SPIN,1666,17.6350,2.0761,1.7271
CM33_SPIN,1667,17.6643,2.1145,1.7126
CM33_SPIN,1668,17.6834,1.9996,1.7682
CM33_SPIN,1669,17.5897,2.2502,1.7467
CM33_SPIN,1670,17.5909,2.2134,1.7400
CM33_SPIN,1671,17.7015,2.2247,1.9671
CM33_SPIN,1672,17.6877,2.3867,1.8547
CM33_SPIN,1673,17.7675,2.2609,2.0659
CM33_SPIN,1674,17.7304,2.3742,1.9396
CM33_SPIN,1675,17.7147,2.2250,1.9376
CM33_SPIN,1676,17.7581,2.3171,2.0422
CM33_SPIN,1677,17.7226,2.3154,2.0050
CM33_SPIN,1678,17.6443,2.2919,1.7559
CM33_SPIN,1679,17.7390,2.3091,1.8175
CM33_SPIN,1680,17.7193,2.2946,1.9739
CM33_SPIN,1681,17.5630,1.9383,1.8858
CM33_SPIN,1682,17.6324,2.0373,1.8725
CM33_SPIN,1683,17.6883,2.2027,1.9928
CM33_SPIN,1684,17.6279,2.2833,1.7215
CM33_SPIN,1685,17.7300,2.4504,2.0742
CM33_SPIN,1686,17.6195,2.5400,1.9729
CM33_SPIN,1687,17.6785,2.3316,1.7748
CM33_SPIN,1688,17.8355,2.6264,1.8283
CM33_SPIN,1689,17.7471,2.5498,1.7760
CM33_SPIN,1690,17.8777,2.6023,1.9271
CM33_SPIN,1691,17.8363,2.4775,1.8674
CM33_SPIN,1692,17.6873,2.3083,1.8056
CM33_SPIN,1693,17.6669,2.2623,1.8904
CM33_SPIN,1694,17.6655,2.0372,1.7419
CM33_SPIN,1695,17.6838,2.0363,1.7799
CM33_SPIN,1696,17.6648,2.0957,1.9010
CM33_SPIN,1697,17.6632,2.0740,2.0534
CM33_SPIN,1698,17.5973,2.1788,1.8120
CM33_SPIN,1699,17.7004,2.2367,1.8563
CM33_SPIN,1700,17.7666,2.5632,2.0197
CM33_SPIN,1701,17.6779,2.3517,1.9426
CM33_SPIN,1702,17.6173,2.4622,1.7375
CM33_SPIN,1703,17.5987,2.3982,1.6876
CM33_SPIN,1704,17.7462,2.6483,1.8868
CM33_SPIN,1705,17.6068,2.4291,1.8685
CM33_SPIN,1706,17.6104,2.4127,1.8741
CM33_SPIN,1707,17.6815,2.4039,1.8421
CM33_SPIN,1708,17.7255,2.3941,1.9226
CM33_SPIN,1709,17.6915,2.2844,2.0207
CM33_SPIN,1710,17.7454,2.4276,2.0434
CM33_SPIN,1711,17.8554,2.6549,1.9378
CM33_SPIN,1712,17.8075,2.5431,2.1600
CM33_SPIN,1713,17.7318,2.4125,2.3577
CM33_SPIN,1714,17.8054,2.4209,2.2616
CM33_SPIN,1715,17.7818,2.5220,2.0713
CM33_SPIN,1716,17.6180,2.1774,1.7821
CM33_SPIN,1717,17.6150,1.9057,1.7391
CM33_SPIN,1718,17.7029,1.8917,1.9814
CM33_SPIN,1719,17.6775,2.1048,1.9633
CM33_SPIN,1720,17.6762,2.1148,1.9566
CM33_SPIN,1721,17.6553,1.9823,2.0612
CM33_SPIN,1722,17.5990,2.0432,2.1046
CM33_SPIN,1723,17.4981,1.7859,1.8431
CM33_SPIN,1724,17.5116,1.9458,1.7961
CM33_SPIN,1725,17.5704,1.8871,2.1233
CM33_SPIN,1726,17.6819,2.0983,2.1724
CM33_SPIN,1727,17.7150,2.3565,1.9453
CM33_SPIN,1728,17.6770,2.1671,1.8231
CM33_SPIN,1729,17.7181,2.1783,1.7768
CM33_SPIN,1730,17.7730,2.3993,1.9219
CM33_SPIN,1731,17.7767,2.5063,1.8565
CM33_SPIN,1732,17.7145,2.4445,1.8311
CM33_SPIN,1733,17.7139,2.0976,2.0049
CM33_SPIN,1734,17.7646,2.3263,2.0755
CM33_SPIN,1735,17.7031,2.2852,1.8320
CM33_SPIN,1736,17.7044,2.3089,1.8673
CM33_SPIN,1737,17.8103,2.3334,1.9239
CM33_SPIN,1738,17.8174,2.4273,2.2584
CM33_SPIN,1739,17.6333,2.3637,1.9100
CM33_SPIN,1740,17.6007,2.4130,1.7883
CM33_SPIN,1741,17.7013,2.2387,1.8100
CM33_SPIN,1742,17.6931,2.2548,1.8915
CM33_SPIN,1743,17.6221,2.1675,1.9265
CM33_SPIN,1744,17.6275,2.2782,1.8089
CM33_SPIN,1745,17.8000,2.4621,2.0090
CM33_SPIN,1746,17.8211,2.4126,1.9611
CM33_SPIN,1747,17.8136,2.5823,1.9356
CM33_SPIN,1748,17.8049,2.6338,2.1208
CM33_SPIN,1749,17.8170,2.4488,2.0927
CM33_SPIN,1750,17.7844,2.5186,2.0830
CM33_SPIN,1751,17.7826,2.4912,2.0369
CM33_SPIN,1752,17.7442,2.4147,2.0703
CM33_SPIN,1753,17.7233,2.5093,2.1192
CM33_SPIN,1754,17.7319,2.3066,2.1944
CM33_SPIN,1755,17.7636,2.1970,2.0867
CM33_SPIN,1756,17.6695,2.2528,2.2732
CM33_SPIN,1757,17.5598,2.1779,1.9682
CM33_SPIN,1758,17.5054,1.9601,1.7923
CM33_SPIN,1759,17.5142,2.0741,1.8522
CM33_SPIN,1760,17.6278,2.2142,1.8734
CM33_SPIN,1761,17.7316,2.2263,1.8523
CM33_SPIN,1762,17.5805,2.2698,1.9905
CM33_SPIN,1763,17.5877,2.0053,2.0255
CM33_SPIN,1764,17.7512,2.1096,2.1129
CM33_SPIN,1765,17.6813,1.9007,1.9999
CM33_SPIN,1766,17.6642,2.1147,1.8482
CM33_SPIN,1767,17.7658,2.2676,1.8122
CM33_SPIN,1768,17.8715,2.3949,2.1482
CM33_SPIN,1769,17.7427,2.3191,1.9879
CM33_SPIN,1770,17.7174,2.4474,1.8934
CM33_SPIN,1771,17.6453,2.4259,1.8627
CM33_SPIN,1772,17.6181,2.3377,1.8397
CM33_SPIN,1773,17.7048,2.5030,1.9699
CM33_SPIN,1774,17.7798,2.3407,2.1906
CM33_SPIN,1775,17.5720,2.3872,1.9911
CM33_SPIN,1776,17.5170,2.1872,1.8016
CM33_SPIN,1777,17.6988,1.9135,1.8664
CM33_SPIN,1778,17.6408,1.9533,1.9751
CM33_SPIN,1779,17.6089,2.0568,1.8499
CM33_SPIN,1780,17.6323,2.1566,1.8855
CM33_SPIN,1781,17.5930,1.9259,1.7959
CM33_SPIN,1782,17.6111,2.1387,1.9913
CM33_SPIN,1783,17.6622,2.2015,1.9509
CM33_SPIN,1784,17.7996,2.2317,2.1242
CM33_SPIN,1785,17.6880,2.0614,1.9656
CM33_SPIN,1786,17.7668,2.3726,2.2862
CM33_SPIN,1787,17.8364,2.3580,2.3698
CM33_SPIN,1788,17.7298,2.2447,2.1046
CM33_SPIN,1789,17.7720,2.5549,2.1460
CM33_SPIN,1790,17.7142,2.3683,1.9007
CM33_SPIN,1791,17.6545,2.4594,1.9197
CM33_SPIN,1792,17.7772,2.5013,1.9832
CM33_SPIN,1793,17.7210,2.4008,1.9676
CM33_SPIN,1794,17.6581,2.3385,1.9607
CM33_SPIN,1795,17.5780,2.3205,1.8502
CM33_SPIN,1796,17.6806,2.3050,2.0934
CM33_SPIN,1797,17.6424,2.3251,2.0654
CM33_SPIN,1798,17.6886,2.3491,1.9335
CM33_SPIN,1799,17.6996,2.4642,1.8228
CM33_SPIN,1800,17.7701,2.5406,1.8066
CM33_SPIN,1801,17.7807,2.4378,2.0073
CM33_SPIN,1802,17.7278,2.2980,2.0086
CM33_SPIN,1803,17.7575,2.2033,2.0943
CM33_SPIN,1804,17.7739,2.2908,1.8155
CM33_SPIN,1805,17.6515,2.1309,1.9955
CM33_SPIN,1806,17.5474,2.2868,1.7838
CM33_SPIN,1807,17.6333,2.0908,1.9856
CM33_SPIN,1808,17.7304,2.2064,1.9826
CM33_SPIN,1809,17.7479,2.2719,1.8719
CM33_SPIN,1810,17.7703,2.0573,2.0092
CM33_SPIN,1811,17.6721,2.0776,1.7808
CM33_SPIN,1812,17.6373,2.0787,1.7804
CM33_SPIN,1813,17.6783,1.9896,1.9070
CM33_SPIN,1814,17.6165,2.2251,2.0915
CM33_SPIN,1815,17.6000,2.1391,2.0053
CM33_SPIN,1816,17.6334,2.1387,2.1733
CM33_SPIN,1817,17.7421,2.1089,1.9454
CM33_SPIN,1818,17.7981,2.2587,2.3742
CM33_SPIN,1819,17.6575,2.3959,2.2509
CM33_SPIN,1820,17.7967,2.4276,2.0721
CM33_SPIN,1821,17.8230,2.4566,2.0456
CM33_SPIN,1822,17.7803,2.3031,2.0312
CM33_SPIN,1823,17.7922,2.2942,2.0594
CM33_SPIN,1824,17.8416,2.5031,2.0332
CM33_SPIN,1825,17.7670,2.3893,2.0230
CM33_SPIN,1826,17.7017,2.2291,1.9590
CM33_SPIN,1827,17.7561,2.1673,2.1284
CM33_SPIN,1828,17.8755,2.3054,2.2774
CM33_SPIN,1829,17.8019,2.2579,2.0621
CM33_SPIN,1830,17.7480,2.1847,2.1935
CM33_SPIN,1831,17.6406,2.2343,1.8286
CM33_SPIN,1832,17.6401,2.4149,1.9728
CM33_SPIN,1833,17.6662,2.2337,1.9671
CM33_SPIN,1834,17.6363,1.8781,1.8356
CM33_SPIN,1835,17.6505,1.8973,1.9514
CM33_SPIN,1836,17.7040,2.0117,2.1173
CM33_SPIN,1837,17.6884,2.1809,2.0002
CM33_SPIN,1838,17.7350,2.1317,1.8884
CM33_SPIN,1839,17.7825,2.1344,1.9967
CM33_SPIN,1840,17.7023,2.0472,2.0857
CM33_SPIN,1841,17.7871,2.1848,2.2755
CM33_SPIN,1842,17.7701,2.2254,1.9876
CM33_SPIN,1843,17.6810,2.1380,2.1047
CM33_SPIN,1844,17.6819,2.2702,2.1098
CM33_SPIN,1845,17.6996,2.2177,2.0213
CM33_SPIN,1846,17.6293,2.2399,2.0176
CM33_SPIN,1847,17.6098,2.2784,1.9469
CM33_SPIN,1848,17.6922,2.2938,1.6942
CM33_SPIN,1849,17.6846,2.3555,1.7629
