PICAL_cvTKE,2020,18.5546,3.1512,2.6436
PICAL_cvTKE,2021,18.6563,3.2261,2.6407
PICAL_cvTKE,2022,18.7401,3.1883,2.8083
PICAL_cvTKE,2023,18.6315,3.1105,2.8743
PICAL_cvTKE,2024,18.5652,3.1652,2.6792
PICAL_cvTKE,2025,18.5361,3.0773,2.6050
PICAL_cvTKE,2026,18.6216,3.2351,2.9013
PICAL_cvTKE,2027,18.5144,3.2995,2.6110
PICAL_cvTKE,2028,18.4168,3.1528,2.4747
PICAL_cvTKE,2029,18.3797,3.1714,2.2901
PICAL_cvTKE,2030,18.3417,3.3148,2.3041
PICAL_cvTKE,2031,18.2405,3.3463,2.3143
PICAL_cvTKE,2032,18.3497,3.2796,2.4474
PICAL_cvTKE,2033,18.4531,3.2422,2.7707
PICAL_cvTKE,2034,18.3346,3.0529,2.4396
PICAL_cvTKE,2035,18.2449,2.8914,2.5041
PICAL_cvTKE,2036,18.2926,2.8640,2.4393
PICAL_cvTKE,2037,18.4548,3.2443,2.6708
PICAL_cvTKE,2038,18.3129,3.1271,2.2664
PICAL_cvTKE,2039,18.2743,3.0782,2.2384
