PICAL_momixoff_2040,1940,18.2135,3.2072,2.4434
PICAL_momixoff_2040,1941,18.2194,3.1718,2.3961
PICAL_momixoff_2040,1942,18.2587,3.0045,2.3518
PICAL_momixoff_2040,1943,18.2369,3.2554,2.5660
PICAL_momixoff_2040,1944,18.3041,3.3074,2.6680
PICAL_momixoff_2040,1945,18.2994,3.3622,2.6734
PICAL_momixoff_2040,1946,18.3377,3.4119,2.5860
PICAL_momixoff_2040,1947,18.3866,3.1397,2.6883
PICAL_momixoff_2040,1948,18.3070,3.2944,2.5842
PICAL_momixoff_2040,1949,18.3794,3.4089,2.7372
PICAL_momixoff_2040,1950,18.2312,3.1384,2.1326
PICAL_momixoff_2040,1951,18.2503,3.1155,2.1285
PICAL_momixoff_2040,1952,18.1483,3.1142,2.1829
PICAL_momixoff_2040,1953,18.0147,3.0732,1.9673
PICAL_momixoff_2040,1954,18.0364,2.7305,1.8854
PICAL_momixoff_2040,1955,17.9629,2.5664,1.8370
PICAL_momixoff_2040,1956,17.8904,2.3298,2.1099
PICAL_momixoff_2040,1957,17.9904,2.2143,2.3295
PICAL_momixoff_2040,1958,18.1120,2.1043,2.5624
PICAL_momixoff_2040,1959,18.0834,2.1280,2.1315
PICAL_momixoff_2040,1960,18.0804,2.0671,2.2429
PICAL_momixoff_2040,1961,17.9359,1.7483,2.3527
PICAL_momixoff_2040,1962,17.9039,1.9124,2.1400
PICAL_momixoff_2040,1963,17.9713,1.7997,2.4259
PICAL_momixoff_2040,1964,17.9118,1.7464,2.3148
PICAL_momixoff_2040,1965,17.8615,1.5986,2.0877
PICAL_momixoff_2040,1966,17.8753,1.7991,2.1156
PICAL_momixoff_2040,1967,17.8204,1.9470,2.0962
PICAL_momixoff_2040,1968,17.8383,1.6171,2.2393
PICAL_momixoff_2040,1969,17.8151,1.5980,2.3568
PICAL_momixoff_2040,1970,17.8463,1.4024,2.2632
PICAL_momixoff_2040,1971,17.8782,1.4478,2.4737
PICAL_momixoff_2040,1972,17.8549,1.5158,2.5595
PICAL_momixoff_2040,1973,17.8495,1.4772,2.3909
PICAL_momixoff_2040,1974,17.8412,1.2728,2.5380
PICAL_momixoff_2040,1975,17.8458,1.6026,2.4913
PICAL_momixoff_2040,1976,17.8063,1.3695,2.4085
PICAL_momixoff_2040,1977,17.8237,1.7751,2.4689
PICAL_momixoff_2040,1978,17.8470,1.8177,2.2898
PICAL_momixoff_2040,1979,17.8313,1.8733,2.4361
PICAL_momixoff_2040,1980,17.9220,1.5673,2.7103
PICAL_momixoff_2040,1981,17.7857,1.8337,2.3924
PICAL_momixoff_2040,1982,17.7661,1.7138,2.2409
PICAL_momixoff_2040,1983,17.8656,2.1773,2.3349
PICAL_momixoff_2040,1984,18.0074,2.2231,2.5589
PICAL_momixoff_2040,1985,18.0031,2.2603,2.6929
PICAL_momixoff_2040,1986,18.0448,2.2016,2.7427
PICAL_momixoff_2040,1987,18.0348,2.1531,2.6179
PICAL_momixoff_2040,1988,18.0671,2.2466,2.4860
PICAL_momixoff_2040,1989,18.0413,2.1469,2.3377
PICAL_momixoff_2040,1990,18.0978,2.1549,2.5414
PICAL_momixoff_2040,1991,18.0287,1.9615,2.6415
PICAL_momixoff_2040,1992,18.0503,2.0801,2.4077
PICAL_momixoff_2040,1993,18.0288,2.0489,2.5743
PICAL_momixoff_2040,1994,18.0090,2.1971,2.5721
PICAL_momixoff_2040,1995,18.0849,2.2663,2.4725
PICAL_momixoff_2040,1996,18.1603,2.3373,2.4966
PICAL_momixoff_2040,1997,18.1267,2.2610,2.3795
PICAL_momixoff_2040,1998,18.0164,1.9966,2.5071
PICAL_momixoff_2040,1999,18.0236,2.2189,2.5777
PICAL_momixoff_2040,2000,18.0387,2.1818,2.4636
PICAL_momixoff_2040,2001,18.0919,2.0806,2.6457
PICAL_momixoff_2040,2002,18.1413,2.1955,2.9241
PICAL_momixoff_2040,2003,18.1193,1.8637,2.4905
PICAL_momixoff_2040,2004,18.1834,2.1313,2.6609
PICAL_momixoff_2040,2005,18.1627,2.1596,2.7332
PICAL_momixoff_2040,2006,18.1026,2.0261,2.6099
PICAL_momixoff_2040,2007,18.0189,2.0513,2.4791
PICAL_momixoff_2040,2008,17.9346,1.9866,2.5362
PICAL_momixoff_2040,2009,18.0115,1.7190,2.4710
PICAL_momixoff_2040,2010,17.9577,1.6649,2.3828
PICAL_momixoff_2040,2011,17.9086,1.5997,2.2661
PICAL_momixoff_2040,2012,17.9730,1.6186,2.5063
PICAL_momixoff_2040,2013,18.0064,1.8250,2.7016
PICAL_momixoff_2040,2014,17.9913,1.7121,2.6821
PICAL_momixoff_2040,2015,17.8924,1.5976,2.2930
PICAL_momixoff_2040,2016,17.8446,1.6882,2.2326
PICAL_momixoff_2040,2017,17.9210,1.6790,2.5618
PICAL_momixoff_2040,2018,17.8476,1.2376,2.3322
PICAL_momixoff_2040,2019,17.9230,1.3989,2.4440
PICAL_momixoff_2040,2020,17.9479,1.2955,2.6503
PICAL_momixoff_2040,2021,17.9006,1.2921,2.4197
PICAL_momixoff_2040,2022,17.8641,1.5187,2.3383
PICAL_momixoff_2040,2023,17.9256,1.3525,2.1710
PICAL_momixoff_2040,2024,18.0050,1.3870,2.5082
PICAL_momixoff_2040,2025,18.0838,1.6256,2.5883
PICAL_momixoff_2040,2026,18.0176,1.6846,2.5079
PICAL_momixoff_2040,2027,17.9698,1.6905,2.2351
PICAL_momixoff_2040,2028,18.0027,1.5743,2.2962
PICAL_momixoff_2040,2029,17.9521,1.4855,2.3579
PICAL_momixoff_2040,2030,17.9432,1.6331,2.4171
PICAL_momixoff_2040,2031,17.8545,1.5199,2.2922
PICAL_momixoff_2040,2032,17.8739,1.6487,2.2551
PICAL_momixoff_2040,2033,17.9173,1.6798,2.2347
PICAL_momixoff_2040,2034,17.7247,1.5587,2.1185
PICAL_momixoff_2040,2035,17.7813,1.8622,2.0078
PICAL_momixoff_2040,2036,17.8813,1.8359,2.1297
PICAL_momixoff_2040,2037,17.8913,1.9549,2.2677
PICAL_momixoff_2040,2038,17.8611,1.5162,2.1978
PICAL_momixoff_2040,2039,17.8407,1.6526,2.2873
PICAL_momixoff_2040,2040,17.8087,1.5732,2.2041
PICAL_momixoff_2040,2041,17.8948,1.4385,2.3326
PICAL_momixoff_2040,2042,17.8970,1.4621,2.3645
PICAL_momixoff_2040,2043,17.8727,1.2448,2.3221
PICAL_momixoff_2040,2044,17.9025,1.4952,2.8007
PICAL_momixoff_2040,2045,17.8486,1.8180,2.4984
PICAL_momixoff_2040,2046,17.8558,1.7574,2.2362
PICAL_momixoff_2040,2047,17.8439,1.6744,1.9662
PICAL_momixoff_2040,2048,17.8662,1.9699,2.1541
PICAL_momixoff_2040,2049,17.8753,2.1876,2.0357
