PICAL_cvKPP,2020,18.4190,2.8793,2.5082
PICAL_cvKPP,2021,18.3633,2.8744,2.7039
PICAL_cvKPP,2022,18.3801,2.7948,2.6338
PICAL_cvKPP,2023,18.4374,2.9354,2.8431
PICAL_cvKPP,2024,18.4001,2.9615,2.6835
PICAL_cvKPP,2025,18.4334,2.5904,2.6243
PICAL_cvKPP,2026,18.5342,2.9207,3.0051
PICAL_cvKPP,2027,18.2667,2.8953,2.7094
PICAL_cvKPP,2028,18.2895,2.6350,2.6476
PICAL_cvKPP,2029,18.3229,2.7579,2.5381
PICAL_cvKPP,2030,18.2933,2.8677,2.9870
PICAL_cvKPP,2031,18.1208,2.9308,2.6368
PICAL_cvKPP,2032,18.3421,3.0138,2.5761
PICAL_cvKPP,2033,18.2863,3.1174,2.6388
PICAL_cvKPP,2034,18.2438,2.7504,2.5207
PICAL_cvKPP,2035,18.2886,2.6509,2.5513
PICAL_cvKPP,2036,18.2771,2.7734,2.5303
PICAL_cvKPP,2037,18.2718,2.5369,2.6243
PICAL_cvKPP,2038,18.2820,2.4394,2.8221
PICAL_cvKPP,2039,18.2944,2.4860,2.7403
