PICAL,1850,17.9930,2.4709,1.4333
PICAL,1851,17.7776,2.0450,1.1644
PICAL,1852,17.6639,1.7681,1.1945
PICAL,1853,17.5402,1.6516,1.1209
PICAL,1854,17.4379,1.5753,1.0807
PICAL,1855,17.4530,1.5377,1.2795
PICAL,1856,17.4489,1.4803,1.4762
PICAL,1857,17.4297,1.1166,1.5291
PICAL,1858,17.3342,1.0663,1.5598
PICAL,1859,17.2738,1.0417,1.5406
PICAL,1860,17.2541,1.2324,1.4864
PICAL,1861,17.3519,1.3260,1.5594
PICAL,1862,17.3892,1.4485,1.6578
PICAL,1863,17.3476,1.5972,1.7611
PICAL,1864,17.4137,1.4594,1.7647
PICAL,1865,17.4081,1.3266,1.6852
PICAL,1866,17.4205,1.3508,1.8215
PICAL,1867,17.3861,1.0835,1.6259
PICAL,1868,17.3299,1.2304,1.6812
PICAL,1869,17.4413,1.6490,1.6964
PICAL,1870,17.4255,1.5748,1.8685
PICAL,1871,17.4981,1.3092,1.8551
PICAL,1872,17.5747,1.6010,1.9075
PICAL,1873,17.5352,1.3955,1.7611
PICAL,1874,17.4924,1.4740,1.8253
PICAL,1875,17.4860,1.5325,1.8087
PICAL,1876,17.5083,1.7988,2.0032
PICAL,1877,17.5298,1.7746,2.1845
PICAL,1878,17.5475,1.7946,2.0705
PICAL,1879,17.6324,1.8085,1.9540
PICAL,1880,17.6279,1.8165,1.9160
PICAL,1881,17.6230,1.9510,1.9988
PICAL,1882,17.6174,1.9204,2.0484
PICAL,1883,17.5755,2.0724,2.0276
PICAL,1884,17.6590,2.2952,2.0380
PICAL,1885,17.6734,2.3277,1.8436
PICAL,1886,17.8325,2.3654,1.9183
PICAL,1887,17.7982,2.3276,2.0585
PICAL,1888,17.8060,2.2097,2.1484
PICAL,1889,17.7983,2.4601,2.0147
PICAL,1890,17.8791,2.5911,1.9125
PICAL,1891,17.7751,2.5805,1.9495
PICAL,1892,17.8101,2.7809,1.9721
PICAL,1893,17.8190,2.8217,2.0966
PICAL,1894,17.9206,2.8584,2.0233
PICAL,1895,17.9198,2.8806,2.0087
PICAL,1896,17.8823,2.7105,2.0118
PICAL,1897,17.9627,2.8462,1.9966
PICAL,1898,18.0549,3.0710,2.2136
PICAL,1899,17.9957,2.8699,2.1252
PICAL,1900,17.9505,3.1578,2.0958
PICAL,1901,17.9082,2.9727,1.9872
PICAL,1902,17.9117,3.0937,1.9707
PICAL,1903,17.9227,2.9392,1.9757
PICAL,1904,17.9454,2.9079,1.8820
PICAL,1905,18.0755,3.1382,2.0087
PICAL,1906,18.0893,3.2788,2.1522
PICAL,1907,18.0313,3.0919,2.0681
PICAL,1908,18.0544,2.9808,2.0990
PICAL,1909,18.0552,2.8067,2.0233
PICAL,1910,18.0572,2.8883,2.1816
PICAL,1911,18.0047,2.9045,2.1141
PICAL,1912,17.9863,2.8571,2.0820
PICAL,1913,17.9650,2.8129,2.0609
PICAL,1914,17.9962,2.8865,2.0209
PICAL,1915,17.9770,3.1499,1.8864
PICAL,1916,17.9878,3.0670,1.8773
PICAL,1917,18.0208,2.9624,1.9464
PICAL,1918,17.9154,2.6925,1.9921
PICAL,1919,17.9219,2.7041,1.8995
