TUNE42PI_FES27,1350,18.0570,2.5711,1.5050
TUNE42PI_FES27,1351,17.6561,2.3074,0.9526
TUNE42PI_FES27,1352,17.3918,2.1031,1.0388
TUNE42PI_FES27,1353,17.2034,2.1810,1.2599
TUNE42PI_FES27,1354,17.1843,2.1705,1.4327
TUNE42PI_FES27,1355,17.2285,2.2871,1.7742
TUNE42PI_FES27,1356,17.1180,2.2394,1.8920
TUNE42PI_FES27,1357,17.1474,2.0782,1.8307
TUNE42PI_FES27,1358,17.1787,2.1107,1.8119
TUNE42PI_FES27,1359,17.1923,2.0367,2.1441
TUNE42PI_FES27,1360,17.2180,2.0781,2.2845
TUNE42PI_FES27,1361,17.2589,2.1188,2.5077
TUNE42PI_FES27,1362,17.2530,2.0689,2.3569
TUNE42PI_FES27,1363,17.2906,2.1619,2.5991
TUNE42PI_FES27,1364,17.2807,2.2575,2.4405
TUNE42PI_FES27,1365,17.2724,2.3067,2.3825
TUNE42PI_FES27,1366,17.2314,2.2839,2.2528
TUNE42PI_FES27,1367,17.1496,2.0866,2.0001
TUNE42PI_FES27,1368,17.1425,1.9574,1.8368
TUNE42PI_FES27,1369,17.0402,2.1846,1.8573
TUNE42PI_FES27,1370,17.0265,2.2402,1.8518
TUNE42PI_FES27,1371,17.0654,2.4629,1.4572
TUNE42PI_FES27,1372,17.1365,2.4415,1.6788
TUNE42PI_FES27,1373,17.0099,2.1904,1.5219
TUNE42PI_FES27,1374,17.0205,2.0606,1.5272
TUNE42PI_FES27,1375,16.9974,2.0820,1.4511
TUNE42PI_FES27,1376,17.0153,2.1327,1.3670
TUNE42PI_FES27,1377,16.9787,2.0603,1.4962
TUNE42PI_FES27,1378,17.0782,1.8963,1.9945
TUNE42PI_FES27,1379,17.1090,2.0837,2.0934
TUNE42PI_FES27,1380,17.0226,2.2332,1.7253
TUNE42PI_FES27,1381,16.9390,2.4104,1.4789
TUNE42PI_FES27,1382,16.8350,2.1536,1.2081
TUNE42PI_FES27,1383,16.9825,2.1121,1.5801
TUNE42PI_FES27,1384,16.9555,2.2856,1.4932
TUNE42PI_FES27,1385,16.9701,2.2648,1.5113
TUNE42PI_FES27,1386,17.0132,2.1596,1.5264
TUNE42PI_FES27,1387,16.9624,2.1863,1.5344
TUNE42PI_FES27,1388,17.0005,2.0564,1.4962
TUNE42PI_FES27,1389,17.0291,1.8692,1.4769
TUNE42PI_FES27,1390,16.9044,1.8637,1.2941
TUNE42PI_FES27,1391,16.9709,2.0349,1.5755
TUNE42PI_FES27,1392,17.0263,2.1608,1.2351
TUNE42PI_FES27,1393,16.9834,2.1974,1.2552
TUNE42PI_FES27,1394,16.9380,2.1939,1.4408
TUNE42PI_FES27,1395,16.9138,2.3727,1.2963
TUNE42PI_FES27,1396,16.9037,2.1670,1.5941
TUNE42PI_FES27,1397,16.7898,1.9385,1.4396
TUNE42PI_FES27,1398,16.7746,2.0855,1.2723
TUNE42PI_FES27,1399,16.7932,2.1377,1.0521
TUNE42PI_FES27,1400,16.8217,2.1690,1.2360
TUNE42PI_FES27,1401,16.8271,2.1881,1.1116
TUNE42PI_FES27,1402,16.9043,2.1778,1.4371
TUNE42PI_FES27,1403,16.9881,2.2768,1.4375
TUNE42PI_FES27,1404,17.0563,2.1461,1.6969
TUNE42PI_FES27,1405,16.9369,1.9743,1.2495
TUNE42PI_FES27,1406,16.9771,2.1415,1.4961
TUNE42PI_FES27,1407,17.0108,2.1539,1.7847
TUNE42PI_FES27,1408,16.9504,2.0987,1.4643
TUNE42PI_FES27,1409,16.9169,2.0884,1.2962
TUNE42PI_FES27,1410,16.8834,2.0524,1.3560
TUNE42PI_FES27,1411,16.8770,2.2151,1.3488
TUNE42PI_FES27,1412,16.8922,2.2389,1.3866
TUNE42PI_FES27,1413,17.0071,2.2349,1.6558
TUNE42PI_FES27,1414,17.0013,2.2804,1.5312
TUNE42PI_FES27,1415,17.0091,2.4780,1.6441
TUNE42PI_FES27,1416,16.9550,2.3659,1.2098
TUNE42PI_FES27,1417,16.9369,2.2559,1.3262
TUNE42PI_FES27,1418,17.0281,2.2880,1.3942
TUNE42PI_FES27,1419,16.9621,2.0023,1.4518
TUNE42PI_FES27,1420,16.9390,2.1053,1.3357
TUNE42PI_FES27,1421,16.8950,1.9955,1.5067
TUNE42PI_FES27,1422,16.8817,1.8888,1.3621
TUNE42PI_FES27,1423,16.9407,1.8471,1.1598
TUNE42PI_FES27,1424,16.9651,1.8693,1.3660
TUNE42PI_FES27,1425,16.9716,2.0169,1.5402
TUNE42PI_FES27,1426,16.9177,1.9484,1.6302
TUNE42PI_FES27,1427,16.8900,1.7823,1.4765
TUNE42PI_FES27,1428,16.7909,1.7683,1.3522
TUNE42PI_FES27,1429,16.8530,2.0025,1.5370
TUNE42PI_FES27,1430,16.9272,2.0522,1.5185
TUNE42PI_FES27,1431,16.9918,1.9163,1.7234
TUNE42PI_FES27,1432,17.0342,1.8823,1.8901
TUNE42PI_FES27,1433,17.0902,2.1197,1.8508
TUNE42PI_FES27,1434,17.0100,2.0508,1.5222
TUNE42PI_FES27,1435,16.8860,1.8922,1.6211
TUNE42PI_FES27,1436,16.9383,2.2051,1.4606
TUNE42PI_FES27,1437,16.9116,2.3063,1.3475
TUNE42PI_FES27,1438,16.9039,2.1522,1.1101
TUNE42PI_FES27,1439,16.8331,2.1883,1.3374
TUNE42PI_FES27,1440,16.8455,2.2356,1.1951
TUNE42PI_FES27,1441,16.9576,2.3874,1.4205
TUNE42PI_FES27,1442,16.9622,2.2826,1.4485
TUNE42PI_FES27,1443,16.8877,2.2040,1.3098
TUNE42PI_FES27,1444,16.8803,2.1477,1.4241
TUNE42PI_FES27,1445,16.9938,2.2534,1.5214
TUNE42PI_FES27,1446,16.9221,2.3443,1.4005
TUNE42PI_FES27,1447,16.9333,2.3741,1.3249
TUNE42PI_FES27,1448,17.0475,2.1401,1.6568
TUNE42PI_FES27,1449,17.1121,2.1759,1.6905
TUNE42PI_FES27,1450,16.9858,2.0824,1.4292
TUNE42PI_FES27,1451,17.0203,2.1771,1.6734
TUNE42PI_FES27,1452,17.0454,2.1126,1.6481
TUNE42PI_FES27,1453,16.9958,2.1753,1.5999
TUNE42PI_FES27,1454,16.9920,2.1431,1.2863
TUNE42PI_FES27,1455,17.0095,2.2692,1.5218
TUNE42PI_FES27,1456,17.0731,2.3359,1.6734
TUNE42PI_FES27,1457,17.0237,2.3020,1.7374
TUNE42PI_FES27,1458,16.8958,2.2485,1.1971
TUNE42PI_FES27,1459,16.9237,2.3366,1.1975
TUNE42PI_FES27,1460,16.9411,2.2979,1.3697
TUNE42PI_FES27,1461,16.9362,2.2841,1.5591
TUNE42PI_FES27,1462,16.9028,2.2329,1.2453
TUNE42PI_FES27,1463,16.8923,2.2945,0.9987
TUNE42PI_FES27,1464,16.8542,2.2222,1.0584
TUNE42PI_FES27,1465,16.9466,2.3258,1.2359
TUNE42PI_FES27,1466,16.9638,2.1932,1.3911
TUNE42PI_FES27,1467,16.9461,2.2001,1.3416
TUNE42PI_FES27,1468,17.0471,2.3504,1.4515
TUNE42PI_FES27,1469,17.0039,2.3548,1.1852
TUNE42PI_FES27,1470,16.9757,2.3149,1.2192
TUNE42PI_FES27,1471,16.9911,2.4750,1.2793
TUNE42PI_FES27,1472,17.0251,2.5750,1.4376
TUNE42PI_FES27,1473,16.9608,2.5194,1.1531
TUNE42PI_FES27,1474,17.0076,2.5225,1.3823
TUNE42PI_FES27,1475,16.9884,2.2790,1.2258
TUNE42PI_FES27,1476,16.9912,2.2842,1.4159
TUNE42PI_FES27,1477,16.9839,2.4027,1.3051
TUNE42PI_FES27,1478,17.1292,2.4443,1.6172
TUNE42PI_FES27,1479,17.0726,2.6040,1.4173
TUNE42PI_FES27,1480,17.1112,2.6286,1.5898
TUNE42PI_FES27,1481,16.9639,2.4050,1.3726
TUNE42PI_FES27,1482,17.0421,2.3514,1.4807
TUNE42PI_FES27,1483,16.9953,2.4578,1.2218
TUNE42PI_FES27,1484,16.9650,2.3493,1.1219
TUNE42PI_FES27,1485,16.9345,2.3870,1.2360
TUNE42PI_FES27,1486,17.0554,2.2687,1.7133
TUNE42PI_FES27,1487,17.0286,2.2429,1.5600
TUNE42PI_FES27,1488,17.0407,2.0302,1.7004
TUNE42PI_FES27,1489,16.9563,2.1834,1.2739
TUNE42PI_FES27,1490,17.0257,1.9350,1.6144
TUNE42PI_FES27,1491,17.0129,1.8434,1.6273
TUNE42PI_FES27,1492,16.9932,1.9276,1.3787
TUNE42PI_FES27,1493,16.9283,1.9505,1.3315
TUNE42PI_FES27,1494,16.9770,2.1704,1.6156
TUNE42PI_FES27,1495,16.9648,2.1329,1.5215
TUNE42PI_FES27,1496,16.9462,1.9594,1.2632
TUNE42PI_FES27,1497,16.9892,1.9636,1.6117
TUNE42PI_FES27,1498,17.0070,2.1398,1.3517
TUNE42PI_FES27,1499,17.0265,2.2407,1.4649
TUNE42PI_FES27,1500,17.1182,2.4874,1.6425
TUNE42PI_FES27,1501,17.0311,2.5716,1.2822
TUNE42PI_FES27,1502,17.0511,2.5847,1.3772
TUNE42PI_FES27,1503,17.0930,2.5811,1.3443
TUNE42PI_FES27,1504,17.0843,2.4968,1.3612
TUNE42PI_FES27,1505,16.9726,2.3023,1.3541
TUNE42PI_FES27,1506,16.9677,2.3481,1.4568
TUNE42PI_FES27,1507,16.9295,2.2400,1.2673
TUNE42PI_FES27,1508,16.9782,2.2237,1.3465
TUNE42PI_FES27,1509,16.9767,2.3592,1.1580
TUNE42PI_FES27,1510,17.0275,2.4298,1.1945
TUNE42PI_FES27,1511,17.0038,2.2734,1.1831
TUNE42PI_FES27,1512,16.9422,2.0737,1.2927
TUNE42PI_FES27,1513,16.9147,2.1050,1.3538
TUNE42PI_FES27,1514,16.9569,2.1882,1.5062
TUNE42PI_FES27,1515,16.9812,2.1966,1.6505
TUNE42PI_FES27,1516,17.0276,2.1850,1.7863
TUNE42PI_FES27,1517,17.0368,2.1338,1.7232
TUNE42PI_FES27,1518,17.1269,2.2348,2.0157
TUNE42PI_FES27,1519,17.0479,2.4214,1.6276
TUNE42PI_FES27,1520,17.0204,2.4714,1.8902
TUNE42PI_FES27,1521,16.9926,2.3173,1.5196
TUNE42PI_FES27,1522,17.0737,2.2430,1.5793
TUNE42PI_FES27,1523,17.0377,2.2022,1.4865
TUNE42PI_FES27,1524,16.9785,2.1784,1.2329
TUNE42PI_FES27,1525,17.0283,2.1449,1.5242
TUNE42PI_FES27,1526,17.0668,2.0773,1.7892
TUNE42PI_FES27,1527,17.1230,2.3033,1.8407
TUNE42PI_FES27,1528,17.1215,2.1585,1.7676
TUNE42PI_FES27,1529,17.0936,2.2450,1.6725
TUNE42PI_FES27,1530,16.9939,2.2238,1.4608
TUNE42PI_FES27,1531,17.0832,2.3605,1.5751
TUNE42PI_FES27,1532,17.1670,2.2574,1.9134
TUNE42PI_FES27,1533,17.1468,2.2340,1.6304
TUNE42PI_FES27,1534,17.1203,2.2865,1.5957
TUNE42PI_FES27,1535,16.9892,2.1298,1.2605
TUNE42PI_FES27,1536,17.0076,2.1972,1.3401
TUNE42PI_FES27,1537,16.9658,2.1338,1.4228
TUNE42PI_FES27,1538,16.9107,2.1111,1.2090
TUNE42PI_FES27,1539,16.9766,2.2712,1.2866
TUNE42PI_FES27,1540,17.0588,2.4248,1.1630
TUNE42PI_FES27,1541,17.0092,2.3704,1.2256
TUNE42PI_FES27,1542,16.9539,2.2399,1.3806
TUNE42PI_FES27,1543,16.9950,2.3001,1.3860
TUNE42PI_FES27,1544,17.0031,2.3493,1.3553
TUNE42PI_FES27,1545,17.0833,2.0733,1.7213
TUNE42PI_FES27,1546,17.1148,2.1209,1.5511
TUNE42PI_FES27,1547,16.9649,2.0314,1.4672
TUNE42PI_FES27,1548,17.0136,2.0762,1.7445
TUNE42PI_FES27,1549,16.9983,2.0111,1.8179
TUNE42PI_FES27,1550,17.1267,2.1739,1.9310
TUNE42PI_FES27,1551,17.1598,2.3094,1.6679
TUNE42PI_FES27,1552,17.2689,2.4899,1.7614
TUNE42PI_FES27,1553,17.2495,2.4383,1.7904
TUNE42PI_FES27,1554,17.1207,2.5047,1.7857
TUNE42PI_FES27,1555,17.2167,2.3298,1.8826
TUNE42PI_FES27,1556,17.4172,2.3318,2.4662
TUNE42PI_FES27,1557,17.3998,2.2343,2.1917
TUNE42PI_FES27,1558,17.3833,2.4790,2.4714
TUNE42PI_FES27,1559,17.3686,2.6224,2.4303
TUNE42PI_FES27,1560,17.3200,2.3861,1.9050
TUNE42PI_FES27,1561,17.3020,2.4426,1.9794
TUNE42PI_FES27,1562,17.2298,2.5053,1.5763
TUNE42PI_FES27,1563,17.2025,2.5191,1.4620
TUNE42PI_FES27,1564,17.1413,2.3090,1.6619
TUNE42PI_FES27,1565,17.2379,2.2240,1.6144
TUNE42PI_FES27,1566,17.1860,2.2601,1.8334
TUNE42PI_FES27,1567,17.2246,2.3932,1.8204
TUNE42PI_FES27,1568,17.1675,2.3439,1.6476
TUNE42PI_FES27,1569,17.0806,2.2958,1.5967
TUNE42PI_FES27,1570,17.1094,2.3861,1.6749
TUNE42PI_FES27,1571,17.1268,2.3238,1.5405
TUNE42PI_FES27,1572,17.2039,2.3138,1.7459
TUNE42PI_FES27,1573,17.1041,2.1837,1.5240
TUNE42PI_FES27,1574,17.2133,2.4741,1.9663
TUNE42PI_FES27,1575,17.1678,2.3661,1.8127
TUNE42PI_FES27,1576,17.0448,2.3123,1.6520
TUNE42PI_FES27,1577,17.0820,2.4013,1.4606
TUNE42PI_FES27,1578,17.1310,2.4690,1.6734
TUNE42PI_FES27,1579,17.1310,2.4516,1.6811
TUNE42PI_FES27,1580,17.1656,2.6298,1.4927
TUNE42PI_FES27,1581,17.1496,2.5637,1.3552
TUNE42PI_FES27,1582,17.2085,2.6061,1.5391
TUNE42PI_FES27,1583,17.1571,2.6647,1.4492
TUNE42PI_FES27,1584,17.1377,2.6081,1.3887
TUNE42PI_FES27,1585,17.1860,2.7013,1.5117
TUNE42PI_FES27,1586,17.1985,2.5281,1.5575
TUNE42PI_FES27,1587,17.1420,2.5653,1.4328
TUNE42PI_FES27,1588,17.1308,2.4430,1.6188
TUNE42PI_FES27,1589,17.1288,2.6362,1.3825
TUNE42PI_FES27,1590,17.2947,2.7337,1.7762
TUNE42PI_FES27,1591,17.1279,2.5664,1.5332
TUNE42PI_FES27,1592,17.1087,2.4642,1.5576
TUNE42PI_FES27,1593,17.1684,2.4179,1.8307
TUNE42PI_FES27,1594,17.2363,2.5315,1.7401
TUNE42PI_FES27,1595,17.2152,2.4138,1.7520
TUNE42PI_FES27,1596,17.2804,2.4135,1.7778
TUNE42PI_FES27,1597,17.2190,2.7219,1.7808
TUNE42PI_FES27,1598,17.1786,2.6363,1.6991
TUNE42PI_FES27,1599,17.0769,2.5120,1.3975
TUNE42PI_FES27,1600,17.1443,2.5034,1.5921
TUNE42PI_FES27,1601,16.9977,2.4976,1.2275
TUNE42PI_FES27,1602,17.0550,2.4253,1.2628
TUNE42PI_FES27,1603,17.0671,2.5992,1.5253
TUNE42PI_FES27,1604,17.1385,2.6123,1.5459
TUNE42PI_FES27,1605,17.0744,2.7290,1.5111
TUNE42PI_FES27,1606,17.3192,2.7727,1.7116
TUNE42PI_FES27,1607,17.2592,2.6152,1.5218
TUNE42PI_FES27,1608,17.0994,2.4615,1.6930
TUNE42PI_FES27,1609,17.1056,2.3614,1.5911
TUNE42PI_FES27,1610,17.1144,2.1888,1.5410
TUNE42PI_FES27,1611,17.1660,2.1887,1.9416
TUNE42PI_FES27,1612,17.1200,2.2407,2.0633
TUNE42PI_FES27,1613,17.1713,2.4475,2.0292
TUNE42PI_FES27,1614,17.2432,2.6312,2.0961
TUNE42PI_FES27,1615,17.2522,2.6025,1.9400
TUNE42PI_FES27,1616,17.3168,2.6951,2.1367
TUNE42PI_FES27,1617,17.2602,2.5556,1.9303
TUNE42PI_FES27,1618,17.2399,2.4443,1.8606
TUNE42PI_FES27,1619,17.2759,2.4904,1.8314
TUNE42PI_FES27,1620,17.3036,2.5803,1.9371
TUNE42PI_FES27,1621,17.2775,2.5866,1.7542
TUNE42PI_FES27,1622,17.3546,2.6894,2.1502
TUNE42PI_FES27,1623,17.4070,2.5409,2.3036
TUNE42PI_FES27,1624,17.3257,2.5403,1.9467
TUNE42PI_FES27,1625,17.3811,2.5888,2.0586
TUNE42PI_FES27,1626,17.3252,2.4733,1.9105
TUNE42PI_FES27,1627,17.3923,2.3990,2.2023
TUNE42PI_FES27,1628,17.2734,2.4791,1.7052
TUNE42PI_FES27,1629,17.3026,2.4647,2.0670
TUNE42PI_FES27,1630,17.2742,2.5980,1.7813
TUNE42PI_FES27,1631,17.2447,2.5013,1.6374
TUNE42PI_FES27,1632,17.3557,2.4192,2.2907
TUNE42PI_FES27,1633,17.3510,2.6802,2.1550
TUNE42PI_FES27,1634,17.2372,2.5986,1.8201
TUNE42PI_FES27,1635,17.2365,2.5147,1.5118
TUNE42PI_FES27,1636,17.2278,2.6997,1.5175
TUNE42PI_FES27,1637,17.2649,2.6959,1.7386
TUNE42PI_FES27,1638,17.4269,2.6350,2.0754
TUNE42PI_FES27,1639,17.2761,2.6915,1.7065
